Mes_Referencia;Arquivo_Origem;Quota_Codigo;Quota_Nome;Tipo_Linha;Data;Parcela;Valor_Original;Tipo;Valor_Num
2022-01;demonstrativoDAF (12).csv;;;TOTAL_PERIODO;;DEBITO BENEF.;1.309.672_31D;D;-1309672.31
2022-01;demonstrativoDAF (12).csv;;;TOTAL_PERIODO;;CREDITO BENEF.;3.488.346_37C;C;3488346.37
2022-01;demonstrativoDAF (12).csv;ADO;LC 176/2020 (ADO25);TOTAL_QUOTA_PARCELA;;RETENCAO PASEP;44_69D;D;-44.69
2022-01;demonstrativoDAF (12).csv;ADO;LC 176/2020 (ADO25);TOTAL_QUOTA_PARCELA;;LC 176/2020;4.469_49C;C;4469.49
2022-01;demonstrativoDAF (12).csv;ADO;LC 176/2020 (ADO25);TOTAL_QUOTA_FUNDO;;DEBITO FUNDO;44_69D;D;-44.69
2022-01;demonstrativoDAF (12).csv;ADO;LC 176/2020 (ADO25);TOTAL_QUOTA_FUNDO;;CREDITO FUNDO;4.469_49C;C;4469.49
2022-01;demonstrativoDAF (12).csv;ADO;LC 176/2020 (ADO25);DETALHE;28.01.2022;RETENCAO PASEP;44_69D;D;-44.69
2022-01;demonstrativoDAF (12).csv;ADO;LC 176/2020 (ADO25);DETALHE;28.01.2022;LC 176/2020;4.469_49C;C;4469.49
2022-01;demonstrativoDAF (12).csv;ADO;LC 176/2020 (ADO25);TOTAL_NA_DATA;28.01.2022;TOTAL NA DATA;4.424_80C;C;4424.8
2022-01;demonstrativoDAF (12).csv;CFH;COMPENSACAO FINANCEIRA RECURSOS HIDRICOS;TOTAL_QUOTA_PARCELA;;RETENCAO PASEP;129_79D;D;-129.79
2022-01;demonstrativoDAF (12).csv;CFH;COMPENSACAO FINANCEIRA RECURSOS HIDRICOS;TOTAL_QUOTA_PARCELA;;CFH-REC.HIDRICO;12.979_78C;C;12979.78
2022-01;demonstrativoDAF (12).csv;CFH;COMPENSACAO FINANCEIRA RECURSOS HIDRICOS;TOTAL_QUOTA_FUNDO;;DEBITO FUNDO;129_79D;D;-129.79
2022-01;demonstrativoDAF (12).csv;CFH;COMPENSACAO FINANCEIRA RECURSOS HIDRICOS;TOTAL_QUOTA_FUNDO;;CREDITO FUNDO;12.979_78C;C;12979.78
2022-01;demonstrativoDAF (12).csv;CFH;COMPENSACAO FINANCEIRA RECURSOS HIDRICOS;DETALHE;31.01.2022;RETENCAO PASEP;129_79D;D;-129.79
2022-01;demonstrativoDAF (12).csv;CFH;COMPENSACAO FINANCEIRA RECURSOS HIDRICOS;DETALHE;31.01.2022;CFH-REC.HIDRICO;12.979_78C;C;12979.78
2022-01;demonstrativoDAF (12).csv;CFH;COMPENSACAO FINANCEIRA RECURSOS HIDRICOS;TOTAL_NA_DATA;31.01.2022;TOTAL NA DATA;12.849_99C;C;12849.99
2022-01;demonstrativoDAF (12).csv;CID;CIDE-CONTRIB. INTERVENCAO DOMINIO ECONOMICO;TOTAL_QUOTA_PARCELA;;PASEP MUNICIPIO;44_17D;D;-44.17
2022-01;demonstrativoDAF (12).csv;CID;CIDE-CONTRIB. INTERVENCAO DOMINIO ECONOMICO;TOTAL_QUOTA_PARCELA;;COTA-MUNICIPIO;4.417_63C;C;4417.63
2022-01;demonstrativoDAF (12).csv;CID;CIDE-CONTRIB. INTERVENCAO DOMINIO ECONOMICO;TOTAL_QUOTA_FUNDO;;DEBITO FUNDO;44_17D;D;-44.17
2022-01;demonstrativoDAF (12).csv;CID;CIDE-CONTRIB. INTERVENCAO DOMINIO ECONOMICO;TOTAL_QUOTA_FUNDO;;CREDITO FUNDO;4.417_63C;C;4417.63
2022-01;demonstrativoDAF (12).csv;CID;CIDE-CONTRIB. INTERVENCAO DOMINIO ECONOMICO;DETALHE;10.01.2022;PASEP MUNICIPIO;44_17D;D;-44.17
2022-01;demonstrativoDAF (12).csv;CID;CIDE-CONTRIB. INTERVENCAO DOMINIO ECONOMICO;DETALHE;10.01.2022;COTA-MUNICIPIO;4.417_63C;C;4417.63
2022-01;demonstrativoDAF (12).csv;CID;CIDE-CONTRIB. INTERVENCAO DOMINIO ECONOMICO;TOTAL_NA_DATA;10.01.2022;TOTAL NA DATA;4.373_46C;C;4373.46
2022-01;demonstrativoDAF (12).csv;FEB;FUNDEB-FNDO MANUT DES EDUC BASICA E VAL PROF;TOTAL_QUOTA_PARCELA;;ORIGEM ITR;1.195_30C;C;1195.3
2022-01;demonstrativoDAF (12).csv;FEB;FUNDEB-FNDO MANUT DES EDUC BASICA E VAL PROF;TOTAL_QUOTA_PARCELA;;ORIGEM IPVA;187.943_22C;C;187943.22
2022-01;demonstrativoDAF (12).csv;FEB;FUNDEB-FNDO MANUT DES EDUC BASICA E VAL PROF;TOTAL_QUOTA_PARCELA;;ORIGEM ITCMD;6.551_75C;C;6551.75
2022-01;demonstrativoDAF (12).csv;FEB;FUNDEB-FNDO MANUT DES EDUC BASICA E VAL PROF;TOTAL_QUOTA_PARCELA;;ORIGEM IPI-EXP;5.037_65C;C;5037.65
2022-01;demonstrativoDAF (12).csv;FEB;FUNDEB-FNDO MANUT DES EDUC BASICA E VAL PROF;TOTAL_QUOTA_PARCELA;;ORIGEM ICMS EST;285.534_53C;C;285534.53
2022-01;demonstrativoDAF (12).csv;FEB;FUNDEB-FNDO MANUT DES EDUC BASICA E VAL PROF;TOTAL_QUOTA_PARCELA;;ORIGEM ICMS-EST;101.084_54C;C;101084.54
2022-01;demonstrativoDAF (12).csv;FEB;FUNDEB-FNDO MANUT DES EDUC BASICA E VAL PROF;TOTAL_QUOTA_PARCELA;;ORIGEM FPE;38.229_59C;C;38229.59
2022-01;demonstrativoDAF (12).csv;FEB;FUNDEB-FNDO MANUT DES EDUC BASICA E VAL PROF;TOTAL_QUOTA_PARCELA;;ORIGEM FPM;94.093_55C;C;94093.55
2022-01;demonstrativoDAF (12).csv;FEB;FUNDEB-FNDO MANUT DES EDUC BASICA E VAL PROF;TOTAL_QUOTA_PARCELA;;COMPL VAAF;3.346_70C;C;3346.7
2022-01;demonstrativoDAF (12).csv;FEB;FUNDEB-FNDO MANUT DES EDUC BASICA E VAL PROF;TOTAL_QUOTA_FUNDO;;DEBITO FUNDO;0_00D;D;-0.0
2022-01;demonstrativoDAF (12).csv;FEB;FUNDEB-FNDO MANUT DES EDUC BASICA E VAL PROF;TOTAL_QUOTA_FUNDO;;CREDITO FUNDO;723.016_83C;C;723016.83
2022-01;demonstrativoDAF (12).csv;FEB;FUNDEB-FNDO MANUT DES EDUC BASICA E VAL PROF;DETALHE;01.02.2022;ORIGEM ICMS-EST;16.894_48C;C;16894.48
2022-01;demonstrativoDAF (12).csv;FEB;FUNDEB-FNDO MANUT DES EDUC BASICA E VAL PROF;TOTAL_NA_DATA;01.02.2022;TOTAL NA DATA;16.894_48C;C;16894.48
2022-01;demonstrativoDAF (12).csv;FEB;FUNDEB-FNDO MANUT DES EDUC BASICA E VAL PROF;DETALHE;04.01.2022;ORIGEM ICMS-EST;3.834_07C;C;3834.07
2022-01;demonstrativoDAF (12).csv;FEB;FUNDEB-FNDO MANUT DES EDUC BASICA E VAL PROF;TOTAL_NA_DATA;04.01.2022;TOTAL NA DATA;3.834_07C;C;3834.07
2022-01;demonstrativoDAF (12).csv;FEB;FUNDEB-FNDO MANUT DES EDUC BASICA E VAL PROF;DETALHE;05.01.2022;ORIGEM IPVA;1.476_85C;C;1476.85
2022-01;demonstrativoDAF (12).csv;FEB;FUNDEB-FNDO MANUT DES EDUC BASICA E VAL PROF;DETALHE;05.01.2022;ORIGEM ITCMD;1.134_87C;C;1134.87
2022-01;demonstrativoDAF (12).csv;FEB;FUNDEB-FNDO MANUT DES EDUC BASICA E VAL PROF;DETALHE;05.01.2022;ORIGEM ICMS EST;11.038_39C;C;11038.39
2022-01;demonstrativoDAF (12).csv;FEB;FUNDEB-FNDO MANUT DES EDUC BASICA E VAL PROF;TOTAL_NA_DATA;05.01.2022;TOTAL NA DATA;13.650_11C;C;13650.11
2022-01;demonstrativoDAF (12).csv;FEB;FUNDEB-FNDO MANUT DES EDUC BASICA E VAL PROF;DETALHE;10.01.2022;ORIGEM ITR;1.012_25C;C;1012.25
2022-01;demonstrativoDAF (12).csv;FEB;FUNDEB-FNDO MANUT DES EDUC BASICA E VAL PROF;DETALHE;10.01.2022;ORIGEM IPI-EXP;3.425_12C;C;3425.12
2022-01;demonstrativoDAF (12).csv;FEB;FUNDEB-FNDO MANUT DES EDUC BASICA E VAL PROF;DETALHE;10.01.2022;ORIGEM FPE;19.608_61C;C;19608.61
2022-01;demonstrativoDAF (12).csv;FEB;FUNDEB-FNDO MANUT DES EDUC BASICA E VAL PROF;DETALHE;10.01.2022;ORIGEM FPM;48.236_57C;C;48236.57
2022-01;demonstrativoDAF (12).csv;FEB;FUNDEB-FNDO MANUT DES EDUC BASICA E VAL PROF;TOTAL_NA_DATA;10.01.2022;TOTAL NA DATA;72.282_55C;C;72282.55
2022-01;demonstrativoDAF (12).csv;FEB;FUNDEB-FNDO MANUT DES EDUC BASICA E VAL PROF;DETALHE;11.01.2022;ORIGEM ICMS-EST;9.543_13C;C;9543.13
2022-01;demonstrativoDAF (12).csv;FEB;FUNDEB-FNDO MANUT DES EDUC BASICA E VAL PROF;TOTAL_NA_DATA;11.01.2022;TOTAL NA DATA;9.543_13C;C;9543.13
2022-01;demonstrativoDAF (12).csv;FEB;FUNDEB-FNDO MANUT DES EDUC BASICA E VAL PROF;DETALHE;12.01.2022;ORIGEM IPVA;33.050_19C;C;33050.19
2022-01;demonstrativoDAF (12).csv;FEB;FUNDEB-FNDO MANUT DES EDUC BASICA E VAL PROF;DETALHE;12.01.2022;ORIGEM ITCMD;1.445_70C;C;1445.7
2022-01;demonstrativoDAF (12).csv;FEB;FUNDEB-FNDO MANUT DES EDUC BASICA E VAL PROF;DETALHE;12.01.2022;ORIGEM ICMS EST;68.548_97C;C;68548.97
2022-01;demonstrativoDAF (12).csv;FEB;FUNDEB-FNDO MANUT DES EDUC BASICA E VAL PROF;TOTAL_NA_DATA;12.01.2022;TOTAL NA DATA;103.044_86C;C;103044.86
2022-01;demonstrativoDAF (12).csv;FEB;FUNDEB-FNDO MANUT DES EDUC BASICA E VAL PROF;DETALHE;18.01.2022;ORIGEM ICMS-EST;57.474_85C;C;57474.85
2022-01;demonstrativoDAF (12).csv;FEB;FUNDEB-FNDO MANUT DES EDUC BASICA E VAL PROF;TOTAL_NA_DATA;18.01.2022;TOTAL NA DATA;57.474_85C;C;57474.85
2022-01;demonstrativoDAF (12).csv;FEB;FUNDEB-FNDO MANUT DES EDUC BASICA E VAL PROF;DETALHE;19.01.2022;ORIGEM IPVA;62.285_64C;C;62285.64
2022-01;demonstrativoDAF (12).csv;FEB;FUNDEB-FNDO MANUT DES EDUC BASICA E VAL PROF;DETALHE;19.01.2022;ORIGEM ITCMD;2.196_06C;C;2196.06
2022-01;demonstrativoDAF (12).csv;FEB;FUNDEB-FNDO MANUT DES EDUC BASICA E VAL PROF;DETALHE;19.01.2022;ORIGEM ICMS EST;165.314_05C;C;165314.05
2022-01;demonstrativoDAF (12).csv;FEB;FUNDEB-FNDO MANUT DES EDUC BASICA E VAL PROF;TOTAL_NA_DATA;19.01.2022;TOTAL NA DATA;229.795_75C;C;229795.75
2022-01;demonstrativoDAF (12).csv;FEB;FUNDEB-FNDO MANUT DES EDUC BASICA E VAL PROF;DETALHE;20.01.2022;ORIGEM ITR;79_71C;C;79.71
2022-01;demonstrativoDAF (12).csv;FEB;FUNDEB-FNDO MANUT DES EDUC BASICA E VAL PROF;DETALHE;20.01.2022;ORIGEM IPI-EXP;1.438_11C;C;1438.11
2022-01;demonstrativoDAF (12).csv;FEB;FUNDEB-FNDO MANUT DES EDUC BASICA E VAL PROF;DETALHE;20.01.2022;ORIGEM FPE;4.941_11C;C;4941.11
2022-01;demonstrativoDAF (12).csv;FEB;FUNDEB-FNDO MANUT DES EDUC BASICA E VAL PROF;DETALHE;20.01.2022;ORIGEM FPM;12.175_46C;C;12175.46
2022-01;demonstrativoDAF (12).csv;FEB;FUNDEB-FNDO MANUT DES EDUC BASICA E VAL PROF;TOTAL_NA_DATA;20.01.2022;TOTAL NA DATA;18.634_39C;C;18634.39
2022-01;demonstrativoDAF (12).csv;FEB;FUNDEB-FNDO MANUT DES EDUC BASICA E VAL PROF;DETALHE;25.01.2022;ORIGEM ICMS-EST;13.338_01C;C;13338.01
2022-01;demonstrativoDAF (12).csv;FEB;FUNDEB-FNDO MANUT DES EDUC BASICA E VAL PROF;TOTAL_NA_DATA;25.01.2022;TOTAL NA DATA;13.338_01C;C;13338.01
2022-01;demonstrativoDAF (12).csv;FEB;FUNDEB-FNDO MANUT DES EDUC BASICA E VAL PROF;DETALHE;26.01.2022;ORIGEM IPVA;91.130_54C;C;91130.54
2022-01;demonstrativoDAF (12).csv;FEB;FUNDEB-FNDO MANUT DES EDUC BASICA E VAL PROF;DETALHE;26.01.2022;ORIGEM ITCMD;1.775_12C;C;1775.12
2022-01;demonstrativoDAF (12).csv;FEB;FUNDEB-FNDO MANUT DES EDUC BASICA E VAL PROF;DETALHE;26.01.2022;ORIGEM ICMS EST;40.633_12C;C;40633.12
2022-01;demonstrativoDAF (12).csv;FEB;FUNDEB-FNDO MANUT DES EDUC BASICA E VAL PROF;TOTAL_NA_DATA;26.01.2022;TOTAL NA DATA;133.538_78C;C;133538.78
2022-01;demonstrativoDAF (12).csv;FEB;FUNDEB-FNDO MANUT DES EDUC BASICA E VAL PROF;DETALHE;27.01.2022;COMPL VAAF;3.346_70C;C;3346.7
2022-01;demonstrativoDAF (12).csv;FEB;FUNDEB-FNDO MANUT DES EDUC BASICA E VAL PROF;TOTAL_NA_DATA;27.01.2022;TOTAL NA DATA;3.346_70C;C;3346.7
2022-01;demonstrativoDAF (12).csv;FEB;FUNDEB-FNDO MANUT DES EDUC BASICA E VAL PROF;DETALHE;28.01.2022;ORIGEM ITR;103_34C;C;103.34
2022-01;demonstrativoDAF (12).csv;FEB;FUNDEB-FNDO MANUT DES EDUC BASICA E VAL PROF;DETALHE;28.01.2022;ORIGEM IPI-EXP;174_42C;C;174.42
2022-01;demonstrativoDAF (12).csv;FEB;FUNDEB-FNDO MANUT DES EDUC BASICA E VAL PROF;DETALHE;28.01.2022;ORIGEM FPE;13.679_87C;C;13679.87
2022-01;demonstrativoDAF (12).csv;FEB;FUNDEB-FNDO MANUT DES EDUC BASICA E VAL PROF;DETALHE;28.01.2022;ORIGEM FPM;33.681_52C;C;33681.52
2022-01;demonstrativoDAF (12).csv;FEB;FUNDEB-FNDO MANUT DES EDUC BASICA E VAL PROF;TOTAL_NA_DATA;28.01.2022;TOTAL NA DATA;47.639_15C;C;47639.15
2022-01;demonstrativoDAF (12).csv;FEP;FUNDO ESPECIAL DO PETROLEO;TOTAL_QUOTA_PARCELA;;COTA-PARTE;33.454_98C;C;33454.98
2022-01;demonstrativoDAF (12).csv;FEP;FUNDO ESPECIAL DO PETROLEO;TOTAL_QUOTA_PARCELA;;RETENCAO PASEP;334_54D;D;-334.54
2022-01;demonstrativoDAF (12).csv;FEP;FUNDO ESPECIAL DO PETROLEO;TOTAL_QUOTA_FUNDO;;DEBITO FUNDO;334_54D;D;-334.54
2022-01;demonstrativoDAF (12).csv;FEP;FUNDO ESPECIAL DO PETROLEO;TOTAL_QUOTA_FUNDO;;CREDITO FUNDO;33.454_98C;C;33454.98
2022-01;demonstrativoDAF (12).csv;FEP;FUNDO ESPECIAL DO PETROLEO;DETALHE;19.01.2022;COTA-PARTE;26.368_86C;C;26368.86
2022-01;demonstrativoDAF (12).csv;FEP;FUNDO ESPECIAL DO PETROLEO;DETALHE;19.01.2022;RETENCAO PASEP;263_68D;D;-263.68
2022-01;demonstrativoDAF (12).csv;FEP;FUNDO ESPECIAL DO PETROLEO;TOTAL_NA_DATA;19.01.2022;TOTAL NA DATA;26.105_18C;C;26105.18
2022-01;demonstrativoDAF (12).csv;FEP;FUNDO ESPECIAL DO PETROLEO;DETALHE;27.01.2022;COTA-PARTE;7.086_12C;C;7086.12
2022-01;demonstrativoDAF (12).csv;FEP;FUNDO ESPECIAL DO PETROLEO;DETALHE;27.01.2022;RETENCAO PASEP;70_86D;D;-70.86
2022-01;demonstrativoDAF (12).csv;FEP;FUNDO ESPECIAL DO PETROLEO;TOTAL_NA_DATA;27.01.2022;TOTAL NA DATA;7.015_26C;C;7015.26
2022-01;demonstrativoDAF (12).csv;FPM;FUNDO DE PARTICIPACAO DOS MUNICIPIOS;TOTAL_QUOTA_PARCELA;;PARCELA DE IPI;167.514_59C;C;167514.59
2022-01;demonstrativoDAF (12).csv;FPM;FUNDO DE PARTICIPACAO DOS MUNICIPIOS;TOTAL_QUOTA_PARCELA;;PARCELA DE IR;1.421.135_95C;C;1421135.95
2022-01;demonstrativoDAF (12).csv;FPM;FUNDO DE PARTICIPACAO DOS MUNICIPIOS;TOTAL_QUOTA_PARCELA;;RETENCAO PASEP;15.886_47D;D;-15886.47
2022-01;demonstrativoDAF (12).csv;FPM;FUNDO DE PARTICIPACAO DOS MUNICIPIOS;TOTAL_QUOTA_PARCELA;;RFB-PREV-OB COR;313.971_76D;D;-313971.76
2022-01;demonstrativoDAF (12).csv;FPM;FUNDO DE PARTICIPACAO DOS MUNICIPIOS;TOTAL_QUOTA_PARCELA;;RFB-PREV-OB DEV;56.326_53D;D;-56326.53
2022-01;demonstrativoDAF (12).csv;FPM;FUNDO DE PARTICIPACAO DOS MUNICIPIOS;TOTAL_QUOTA_PARCELA;;RFB-PREV-PARC60;93.178_60D;D;-93178.6
2022-01;demonstrativoDAF (12).csv;FPM;FUNDO DE PARTICIPACAO DOS MUNICIPIOS;TOTAL_QUOTA_PARCELA;;RFB-RET DARF;14.543_75D;D;-14543.75
2022-01;demonstrativoDAF (12).csv;FPM;FUNDO DE PARTICIPACAO DOS MUNICIPIOS;TOTAL_QUOTA_PARCELA;;DEDUCAO SAUDE;238.297_57D;D;-238297.57
2022-01;demonstrativoDAF (12).csv;FPM;FUNDO DE PARTICIPACAO DOS MUNICIPIOS;TOTAL_QUOTA_PARCELA;;DEDUCAO FUNDEB;317.730_08D;D;-317730.08
2022-01;demonstrativoDAF (12).csv;FPM;FUNDO DE PARTICIPACAO DOS MUNICIPIOS;TOTAL_QUOTA_FUNDO;;DEBITO FUNDO;1.049.934_76D;D;-1049934.76
2022-01;demonstrativoDAF (12).csv;FPM;FUNDO DE PARTICIPACAO DOS MUNICIPIOS;TOTAL_QUOTA_FUNDO;;CREDITO FUNDO;1.588.650_54C;C;1588650.54
2022-01;demonstrativoDAF (12).csv;FPM;FUNDO DE PARTICIPACAO DOS MUNICIPIOS;DETALHE;10.01.2022;PARCELA DE IPI;113.893_89C;C;113893.89
2022-01;demonstrativoDAF (12).csv;FPM;FUNDO DE PARTICIPACAO DOS MUNICIPIOS;DETALHE;10.01.2022;PARCELA DE IR;700.519_48C;C;700519.48
2022-01;demonstrativoDAF (12).csv;FPM;FUNDO DE PARTICIPACAO DOS MUNICIPIOS;DETALHE;10.01.2022;RETENCAO PASEP;8.144_12D;D;-8144.12
2022-01;demonstrativoDAF (12).csv;FPM;FUNDO DE PARTICIPACAO DOS MUNICIPIOS;DETALHE;10.01.2022;RFB-PREV-OB COR;313.971_76D;D;-313971.76
2022-01;demonstrativoDAF (12).csv;FPM;FUNDO DE PARTICIPACAO DOS MUNICIPIOS;DETALHE;10.01.2022;RFB-PREV-OB DEV;56.326_53D;D;-56326.53
2022-01;demonstrativoDAF (12).csv;FPM;FUNDO DE PARTICIPACAO DOS MUNICIPIOS;DETALHE;10.01.2022;RFB-PREV-PARC60;93.178_60D;D;-93178.6
2022-01;demonstrativoDAF (12).csv;FPM;FUNDO DE PARTICIPACAO DOS MUNICIPIOS;DETALHE;10.01.2022;DEDUCAO SAUDE;122.162_00D;D;-122162.0
2022-01;demonstrativoDAF (12).csv;FPM;FUNDO DE PARTICIPACAO DOS MUNICIPIOS;DETALHE;10.01.2022;DEDUCAO FUNDEB;162.882_66D;D;-162882.66
2022-01;demonstrativoDAF (12).csv;FPM;FUNDO DE PARTICIPACAO DOS MUNICIPIOS;TOTAL_NA_DATA;10.01.2022;TOTAL NA DATA;57.747_70C;C;57747.7
2022-01;demonstrativoDAF (12).csv;FPM;FUNDO DE PARTICIPACAO DOS MUNICIPIOS;DETALHE;20.01.2022;PARCELA DE IPI;47.820_68C;C;47820.68
2022-01;demonstrativoDAF (12).csv;FPM;FUNDO DE PARTICIPACAO DOS MUNICIPIOS;DETALHE;20.01.2022;PARCELA DE IR;157.746_67C;C;157746.67
2022-01;demonstrativoDAF (12).csv;FPM;FUNDO DE PARTICIPACAO DOS MUNICIPIOS;DETALHE;20.01.2022;RETENCAO PASEP;2.055_66D;D;-2055.66
2022-01;demonstrativoDAF (12).csv;FPM;FUNDO DE PARTICIPACAO DOS MUNICIPIOS;DETALHE;20.01.2022;RFB-RET DARF;14.543_75D;D;-14543.75
2022-01;demonstrativoDAF (12).csv;FPM;FUNDO DE PARTICIPACAO DOS MUNICIPIOS;DETALHE;20.01.2022;DEDUCAO SAUDE;30.835_10D;D;-30835.1
2022-01;demonstrativoDAF (12).csv;FPM;FUNDO DE PARTICIPACAO DOS MUNICIPIOS;DETALHE;20.01.2022;DEDUCAO FUNDEB;41.113_46D;D;-41113.46
2022-01;demonstrativoDAF (12).csv;FPM;FUNDO DE PARTICIPACAO DOS MUNICIPIOS;TOTAL_NA_DATA;20.01.2022;TOTAL NA DATA;117.019_38C;C;117019.38
2022-01;demonstrativoDAF (12).csv;FPM;FUNDO DE PARTICIPACAO DOS MUNICIPIOS;DETALHE;28.01.2022;PARCELA DE IPI;5.800_02C;C;5800.02
2022-01;demonstrativoDAF (12).csv;FPM;FUNDO DE PARTICIPACAO DOS MUNICIPIOS;DETALHE;28.01.2022;PARCELA DE IR;562.869_80C;C;562869.8
2022-01;demonstrativoDAF (12).csv;FPM;FUNDO DE PARTICIPACAO DOS MUNICIPIOS;DETALHE;28.01.2022;RETENCAO PASEP;5.686_69D;D;-5686.69
2022-01;demonstrativoDAF (12).csv;FPM;FUNDO DE PARTICIPACAO DOS MUNICIPIOS;DETALHE;28.01.2022;DEDUCAO SAUDE;85.300_47D;D;-85300.47
2022-01;demonstrativoDAF (12).csv;FPM;FUNDO DE PARTICIPACAO DOS MUNICIPIOS;DETALHE;28.01.2022;DEDUCAO FUNDEB;113.733_96D;D;-113733.96
2022-01;demonstrativoDAF (12).csv;FPM;FUNDO DE PARTICIPACAO DOS MUNICIPIOS;TOTAL_NA_DATA;28.01.2022;TOTAL NA DATA;363.948_70C;C;363948.7
2022-01;demonstrativoDAF (12).csv;FUS;FUNDO SAUDE;TOTAL_QUOTA_PARCELA;;ORIGEM FPM;238.297_57C;C;238297.57
2022-01;demonstrativoDAF (12).csv;FUS;FUNDO SAUDE;TOTAL_QUOTA_PARCELA;;REF.ICMS ESTADO;107.139_90C;C;107139.9
2022-01;demonstrativoDAF (12).csv;FUS;FUNDO SAUDE;TOTAL_QUOTA_PARCELA;;ORIGEM ITR;3.296_85C;C;3296.85
2022-01;demonstrativoDAF (12).csv;FUS;FUNDO SAUDE;TOTAL_QUOTA_PARCELA;;ORIGEM IPM;1.318_21C;C;1318.21
2022-01;demonstrativoDAF (12).csv;FUS;FUNDO SAUDE;TOTAL_QUOTA_FUNDO;;DEBITO FUNDO;0_00D;D;-0.0
2022-01;demonstrativoDAF (12).csv;FUS;FUNDO SAUDE;TOTAL_QUOTA_FUNDO;;CREDITO FUNDO;350.052_53C;C;350052.53
2022-01;demonstrativoDAF (12).csv;FUS;FUNDO SAUDE;DETALHE;01.02.2022;REF.ICMS ESTADO;17.909_16C;C;17909.16
2022-01;demonstrativoDAF (12).csv;FUS;FUNDO SAUDE;TOTAL_NA_DATA;01.02.2022;TOTAL NA DATA;17.909_16C;C;17909.16
2022-01;demonstrativoDAF (12).csv;FUS;FUNDO SAUDE;DETALHE;04.01.2022;REF.ICMS ESTADO;4.048_57C;C;4048.57
2022-01;demonstrativoDAF (12).csv;FUS;FUNDO SAUDE;TOTAL_NA_DATA;04.01.2022;TOTAL NA DATA;4.048_57C;C;4048.57
2022-01;demonstrativoDAF (12).csv;FUS;FUNDO SAUDE;DETALHE;10.01.2022;ORIGEM FPM;122.162_00C;C;122162.0
2022-01;demonstrativoDAF (12).csv;FUS;FUNDO SAUDE;DETALHE;10.01.2022;ORIGEM ITR;3.069_99C;C;3069.99
2022-01;demonstrativoDAF (12).csv;FUS;FUNDO SAUDE;DETALHE;10.01.2022;ORIGEM IPM;895_14C;C;895.14
2022-01;demonstrativoDAF (12).csv;FUS;FUNDO SAUDE;TOTAL_NA_DATA;10.01.2022;TOTAL NA DATA;126.127_13C;C;126127.13
2022-01;demonstrativoDAF (12).csv;FUS;FUNDO SAUDE;DETALHE;11.01.2022;REF.ICMS ESTADO;10.116_28C;C;10116.28
2022-01;demonstrativoDAF (12).csv;FUS;FUNDO SAUDE;TOTAL_NA_DATA;11.01.2022;TOTAL NA DATA;10.116_28C;C;10116.28
2022-01;demonstrativoDAF (12).csv;FUS;FUNDO SAUDE;DETALHE;18.01.2022;REF.ICMS ESTADO;60.926_80C;C;60926.8
2022-01;demonstrativoDAF (12).csv;FUS;FUNDO SAUDE;TOTAL_NA_DATA;18.01.2022;TOTAL NA DATA;60.926_80C;C;60926.8
2022-01;demonstrativoDAF (12).csv;FUS;FUNDO SAUDE;DETALHE;20.01.2022;ORIGEM FPM;30.835_10C;C;30835.1
2022-01;demonstrativoDAF (12).csv;FUS;FUNDO SAUDE;DETALHE;20.01.2022;ORIGEM ITR;203_28C;C;203.28
2022-01;demonstrativoDAF (12).csv;FUS;FUNDO SAUDE;DETALHE;20.01.2022;ORIGEM IPM;377_31C;C;377.31
2022-01;demonstrativoDAF (12).csv;FUS;FUNDO SAUDE;TOTAL_NA_DATA;20.01.2022;TOTAL NA DATA;31.415_69C;C;31415.69
2022-01;demonstrativoDAF (12).csv;FUS;FUNDO SAUDE;DETALHE;25.01.2022;REF.ICMS ESTADO;14.139_09C;C;14139.09
2022-01;demonstrativoDAF (12).csv;FUS;FUNDO SAUDE;TOTAL_NA_DATA;25.01.2022;TOTAL NA DATA;14.139_09C;C;14139.09
2022-01;demonstrativoDAF (12).csv;FUS;FUNDO SAUDE;DETALHE;28.01.2022;ORIGEM FPM;85.300_47C;C;85300.47
2022-01;demonstrativoDAF (12).csv;FUS;FUNDO SAUDE;DETALHE;28.01.2022;ORIGEM ITR;23_58C;C;23.58
2022-01;demonstrativoDAF (12).csv;FUS;FUNDO SAUDE;DETALHE;28.01.2022;ORIGEM IPM;45_76C;C;45.76
2022-01;demonstrativoDAF (12).csv;FUS;FUNDO SAUDE;TOTAL_NA_DATA;28.01.2022;TOTAL NA DATA;85.369_81C;C;85369.81
2022-01;demonstrativoDAF (12).csv;ICS;ICMS ESTADUAL;TOTAL_QUOTA_PARCELA;;COTA-PARTE;714.266_13C;C;714266.13
2022-01;demonstrativoDAF (12).csv;ICS;ICMS ESTADUAL;TOTAL_QUOTA_PARCELA;;DEDUCAO SAUDE;107.139_90D;D;-107139.9
2022-01;demonstrativoDAF (12).csv;ICS;ICMS ESTADUAL;TOTAL_QUOTA_PARCELA;;DEDUCAO FUNDEB;142.853_21D;D;-142853.21
2022-01;demonstrativoDAF (12).csv;ICS;ICMS ESTADUAL;TOTAL_QUOTA_FUNDO;;DEBITO FUNDO;249.993_11D;D;-249993.11
2022-01;demonstrativoDAF (12).csv;ICS;ICMS ESTADUAL;TOTAL_QUOTA_FUNDO;;CREDITO FUNDO;714.266_13C;C;714266.13
2022-01;demonstrativoDAF (12).csv;ICS;ICMS ESTADUAL;DETALHE;01.02.2022;COTA-PARTE;119.394_46C;C;119394.46
2022-01;demonstrativoDAF (12).csv;ICS;ICMS ESTADUAL;DETALHE;01.02.2022;DEDUCAO SAUDE;17.909_16D;D;-17909.16
2022-01;demonstrativoDAF (12).csv;ICS;ICMS ESTADUAL;DETALHE;01.02.2022;DEDUCAO FUNDEB;23.878_89D;D;-23878.89
2022-01;demonstrativoDAF (12).csv;ICS;ICMS ESTADUAL;TOTAL_NA_DATA;01.02.2022;TOTAL NA DATA;77.606_41C;C;77606.41
2022-01;demonstrativoDAF (12).csv;ICS;ICMS ESTADUAL;DETALHE;04.01.2022;COTA-PARTE;26.990_48C;C;26990.48
2022-01;demonstrativoDAF (12).csv;ICS;ICMS ESTADUAL;DETALHE;04.01.2022;DEDUCAO SAUDE;4.048_57D;D;-4048.57
2022-01;demonstrativoDAF (12).csv;ICS;ICMS ESTADUAL;DETALHE;04.01.2022;DEDUCAO FUNDEB;5.398_09D;D;-5398.09
2022-01;demonstrativoDAF (12).csv;ICS;ICMS ESTADUAL;TOTAL_NA_DATA;04.01.2022;TOTAL NA DATA;17.543_82C;C;17543.82
2022-01;demonstrativoDAF (12).csv;ICS;ICMS ESTADUAL;DETALHE;11.01.2022;COTA-PARTE;67.441_92C;C;67441.92
2022-01;demonstrativoDAF (12).csv;ICS;ICMS ESTADUAL;DETALHE;11.01.2022;DEDUCAO SAUDE;10.116_28D;D;-10116.28
2022-01;demonstrativoDAF (12).csv;ICS;ICMS ESTADUAL;DETALHE;11.01.2022;DEDUCAO FUNDEB;13.488_38D;D;-13488.38
2022-01;demonstrativoDAF (12).csv;ICS;ICMS ESTADUAL;TOTAL_NA_DATA;11.01.2022;TOTAL NA DATA;43.837_26C;C;43837.26
2022-01;demonstrativoDAF (12).csv;ICS;ICMS ESTADUAL;DETALHE;18.01.2022;COTA-PARTE;406.178_67C;C;406178.67
2022-01;demonstrativoDAF (12).csv;ICS;ICMS ESTADUAL;DETALHE;18.01.2022;DEDUCAO SAUDE;60.926_80D;D;-60926.8
2022-01;demonstrativoDAF (12).csv;ICS;ICMS ESTADUAL;DETALHE;18.01.2022;DEDUCAO FUNDEB;81.235_73D;D;-81235.73
2022-01;demonstrativoDAF (12).csv;ICS;ICMS ESTADUAL;TOTAL_NA_DATA;18.01.2022;TOTAL NA DATA;264.016_14C;C;264016.14
2022-01;demonstrativoDAF (12).csv;ICS;ICMS ESTADUAL;DETALHE;25.01.2022;COTA-PARTE;94.260_60C;C;94260.6
2022-01;demonstrativoDAF (12).csv;ICS;ICMS ESTADUAL;DETALHE;25.01.2022;DEDUCAO SAUDE;14.139_09D;D;-14139.09
2022-01;demonstrativoDAF (12).csv;ICS;ICMS ESTADUAL;DETALHE;25.01.2022;DEDUCAO FUNDEB;18.852_12D;D;-18852.12
2022-01;demonstrativoDAF (12).csv;ICS;ICMS ESTADUAL;TOTAL_NA_DATA;25.01.2022;TOTAL NA DATA;61.269_39C;C;61269.39
2022-01;demonstrativoDAF (12).csv;IPM;IPI EXPORTACAO - COTA MUNICIPIO;TOTAL_QUOTA_PARCELA;;DEDUCAO SAUDE;1.318_21D;D;-1318.21
2022-01;demonstrativoDAF (12).csv;IPM;IPI EXPORTACAO - COTA MUNICIPIO;TOTAL_QUOTA_PARCELA;;IPM IPI-MUNIC;7.030_49C;C;7030.49
2022-01;demonstrativoDAF (12).csv;IPM;IPI EXPORTACAO - COTA MUNICIPIO;TOTAL_QUOTA_FUNDO;;DEBITO FUNDO;1.318_21D;D;-1318.21
2022-01;demonstrativoDAF (12).csv;IPM;IPI EXPORTACAO - COTA MUNICIPIO;TOTAL_QUOTA_FUNDO;;CREDITO FUNDO;7.030_49C;C;7030.49
2022-01;demonstrativoDAF (12).csv;IPM;IPI EXPORTACAO - COTA MUNICIPIO;DETALHE;10.01.2022;DEDUCAO SAUDE;895_14D;D;-895.14
2022-01;demonstrativoDAF (12).csv;IPM;IPI EXPORTACAO - COTA MUNICIPIO;DETALHE;10.01.2022;IPM IPI-MUNIC;4.774_10C;C;4774.1
2022-01;demonstrativoDAF (12).csv;IPM;IPI EXPORTACAO - COTA MUNICIPIO;TOTAL_NA_DATA;10.01.2022;TOTAL NA DATA;3.878_96C;C;3878.96
2022-01;demonstrativoDAF (12).csv;IPM;IPI EXPORTACAO - COTA MUNICIPIO;DETALHE;20.01.2022;DEDUCAO SAUDE;377_31D;D;-377.31
2022-01;demonstrativoDAF (12).csv;IPM;IPI EXPORTACAO - COTA MUNICIPIO;DETALHE;20.01.2022;IPM IPI-MUNIC;2.012_32C;C;2012.32
2022-01;demonstrativoDAF (12).csv;IPM;IPI EXPORTACAO - COTA MUNICIPIO;TOTAL_NA_DATA;20.01.2022;TOTAL NA DATA;1.635_01C;C;1635.01
2022-01;demonstrativoDAF (12).csv;IPM;IPI EXPORTACAO - COTA MUNICIPIO;DETALHE;28.01.2022;DEDUCAO SAUDE;45_76D;D;-45.76
2022-01;demonstrativoDAF (12).csv;IPM;IPI EXPORTACAO - COTA MUNICIPIO;DETALHE;28.01.2022;IPM IPI-MUNIC;244_07C;C;244.07
2022-01;demonstrativoDAF (12).csv;IPM;IPI EXPORTACAO - COTA MUNICIPIO;TOTAL_NA_DATA;28.01.2022;TOTAL NA DATA;198_31C;C;198.31
2022-01;demonstrativoDAF (12).csv;ITA;ROYALTIES DE ITAIPU;TOTAL_QUOTA_PARCELA;;RETENCAO PASEP;4_56D;D;-4.56
2022-01;demonstrativoDAF (12).csv;ITA;ROYALTIES DE ITAIPU;TOTAL_QUOTA_PARCELA;;ITA-ROYT.ITAIPU;456_10C;C;456.1
2022-01;demonstrativoDAF (12).csv;ITA;ROYALTIES DE ITAIPU;TOTAL_QUOTA_FUNDO;;DEBITO FUNDO;4_56D;D;-4.56
2022-01;demonstrativoDAF (12).csv;ITA;ROYALTIES DE ITAIPU;TOTAL_QUOTA_FUNDO;;CREDITO FUNDO;456_10C;C;456.1
2022-01;demonstrativoDAF (12).csv;ITA;ROYALTIES DE ITAIPU;DETALHE;19.01.2022;RETENCAO PASEP;4_56D;D;-4.56
2022-01;demonstrativoDAF (12).csv;ITA;ROYALTIES DE ITAIPU;DETALHE;19.01.2022;ITA-ROYT.ITAIPU;456_10C;C;456.1
2022-01;demonstrativoDAF (12).csv;ITA;ROYALTIES DE ITAIPU;TOTAL_NA_DATA;19.01.2022;TOTAL NA DATA;451_54C;C;451.54
2022-01;demonstrativoDAF (12).csv;ITR;IMPOSTO TERRITORIAL RURAL;TOTAL_QUOTA_PARCELA;;RETENCAO PASEP;175_82D;D;-175.82
2022-01;demonstrativoDAF (12).csv;ITR;IMPOSTO TERRITORIAL RURAL;TOTAL_QUOTA_PARCELA;;DEDUCAO SAUDE;3.296_85D;D;-3296.85
2022-01;demonstrativoDAF (12).csv;ITR;IMPOSTO TERRITORIAL RURAL;TOTAL_QUOTA_PARCELA;;DEDUCAO FUNDEB;4.395_81D;D;-4395.81
2022-01;demonstrativoDAF (12).csv;ITR;IMPOSTO TERRITORIAL RURAL;TOTAL_QUOTA_PARCELA;;ITR-CONVENIO;21.979_08C;C;21979.08
2022-01;demonstrativoDAF (12).csv;ITR;IMPOSTO TERRITORIAL RURAL;TOTAL_QUOTA_FUNDO;;DEBITO FUNDO;7.868_48D;D;-7868.48
2022-01;demonstrativoDAF (12).csv;ITR;IMPOSTO TERRITORIAL RURAL;TOTAL_QUOTA_FUNDO;;CREDITO FUNDO;21.979_08C;C;21979.08
2022-01;demonstrativoDAF (12).csv;ITR;IMPOSTO TERRITORIAL RURAL;DETALHE;10.01.2022;RETENCAO PASEP;163_73D;D;-163.73
2022-01;demonstrativoDAF (12).csv;ITR;IMPOSTO TERRITORIAL RURAL;DETALHE;10.01.2022;DEDUCAO SAUDE;3.069_99D;D;-3069.99
2022-01;demonstrativoDAF (12).csv;ITR;IMPOSTO TERRITORIAL RURAL;DETALHE;10.01.2022;DEDUCAO FUNDEB;4.093_33D;D;-4093.33
2022-01;demonstrativoDAF (12).csv;ITR;IMPOSTO TERRITORIAL RURAL;DETALHE;10.01.2022;ITR-CONVENIO;20.466_65C;C;20466.65
2022-01;demonstrativoDAF (12).csv;ITR;IMPOSTO TERRITORIAL RURAL;TOTAL_NA_DATA;10.01.2022;TOTAL NA DATA;13.139_60C;C;13139.6
2022-01;demonstrativoDAF (12).csv;ITR;IMPOSTO TERRITORIAL RURAL;DETALHE;20.01.2022;RETENCAO PASEP;10_84D;D;-10.84
2022-01;demonstrativoDAF (12).csv;ITR;IMPOSTO TERRITORIAL RURAL;DETALHE;20.01.2022;DEDUCAO SAUDE;203_28D;D;-203.28
2022-01;demonstrativoDAF (12).csv;ITR;IMPOSTO TERRITORIAL RURAL;DETALHE;20.01.2022;DEDUCAO FUNDEB;271_04D;D;-271.04
2022-01;demonstrativoDAF (12).csv;ITR;IMPOSTO TERRITORIAL RURAL;DETALHE;20.01.2022;ITR-CONVENIO;1.355_20C;C;1355.2
2022-01;demonstrativoDAF (12).csv;ITR;IMPOSTO TERRITORIAL RURAL;TOTAL_NA_DATA;20.01.2022;TOTAL NA DATA;870_04C;C;870.04
2022-01;demonstrativoDAF (12).csv;ITR;IMPOSTO TERRITORIAL RURAL;DETALHE;28.01.2022;RETENCAO PASEP;1_25D;D;-1.25
2022-01;demonstrativoDAF (12).csv;ITR;IMPOSTO TERRITORIAL RURAL;DETALHE;28.01.2022;DEDUCAO SAUDE;23_58D;D;-23.58
2022-01;demonstrativoDAF (12).csv;ITR;IMPOSTO TERRITORIAL RURAL;DETALHE;28.01.2022;DEDUCAO FUNDEB;31_44D;D;-31.44
2022-01;demonstrativoDAF (12).csv;ITR;IMPOSTO TERRITORIAL RURAL;DETALHE;28.01.2022;ITR-CONVENIO;157_23C;C;157.23
2022-01;demonstrativoDAF (12).csv;ITR;IMPOSTO TERRITORIAL RURAL;TOTAL_NA_DATA;28.01.2022;TOTAL NA DATA;100_96C;C;100.96
2022-01;demonstrativoDAF (12).csv;RPM;ROYALTIES PETROLEO COTA MUNICIPAL;DETALHE;17.01.2022;ANP LEI 7990/89;131_32C;C;131.32
2022-01;demonstrativoDAF (12).csv;SNA;SIMPLES NACIONAL;TOTAL_QUOTA_PARCELA;;SIMPLES NACION.;27.441_47C;C;27441.47
2022-01;demonstrativoDAF (12).csv;SNA;SIMPLES NACIONAL;TOTAL_QUOTA_FUNDO;;DEBITO FUNDO;0_00D;D;-0.0
2022-01;demonstrativoDAF (12).csv;SNA;SIMPLES NACIONAL;TOTAL_QUOTA_FUNDO;;CREDITO FUNDO;27.441_47C;C;27441.47
2022-01;demonstrativoDAF (12).csv;SNA;SIMPLES NACIONAL;DETALHE;03.01.2022;SIMPLES NACION.;9_93C;C;9.93
2022-01;demonstrativoDAF (12).csv;SNA;SIMPLES NACIONAL;TOTAL_NA_DATA;03.01.2022;TOTAL NA DATA;9_93C;C;9.93
2022-01;demonstrativoDAF (12).csv;SNA;SIMPLES NACIONAL;DETALHE;04.01.2022;SIMPLES NACION.;162_44C;C;162.44
2022-01;demonstrativoDAF (12).csv;SNA;SIMPLES NACIONAL;TOTAL_NA_DATA;04.01.2022;TOTAL NA DATA;162_44C;C;162.44
2022-01;demonstrativoDAF (12).csv;SNA;SIMPLES NACIONAL;DETALHE;05.01.2022;SIMPLES NACION.;1.641_64C;C;1641.64
2022-01;demonstrativoDAF (12).csv;SNA;SIMPLES NACIONAL;TOTAL_NA_DATA;05.01.2022;TOTAL NA DATA;1.641_64C;C;1641.64
2022-01;demonstrativoDAF (12).csv;SNA;SIMPLES NACIONAL;DETALHE;06.01.2022;SIMPLES NACION.;58_16C;C;58.16
2022-01;demonstrativoDAF (12).csv;SNA;SIMPLES NACIONAL;TOTAL_NA_DATA;06.01.2022;TOTAL NA DATA;58_16C;C;58.16
2022-01;demonstrativoDAF (12).csv;SNA;SIMPLES NACIONAL;DETALHE;07.01.2022;SIMPLES NACION.;87_50C;C;87.5
2022-01;demonstrativoDAF (12).csv;SNA;SIMPLES NACIONAL;TOTAL_NA_DATA;07.01.2022;TOTAL NA DATA;87_50C;C;87.5
2022-01;demonstrativoDAF (12).csv;SNA;SIMPLES NACIONAL;DETALHE;10.01.2022;SIMPLES NACION.;32_68C;C;32.68
2022-01;demonstrativoDAF (12).csv;SNA;SIMPLES NACIONAL;TOTAL_NA_DATA;10.01.2022;TOTAL NA DATA;32_68C;C;32.68
2022-01;demonstrativoDAF (12).csv;SNA;SIMPLES NACIONAL;DETALHE;11.01.2022;SIMPLES NACION.;41_05C;C;41.05
2022-01;demonstrativoDAF (12).csv;SNA;SIMPLES NACIONAL;TOTAL_NA_DATA;11.01.2022;TOTAL NA DATA;41_05C;C;41.05
2022-01;demonstrativoDAF (12).csv;SNA;SIMPLES NACIONAL;DETALHE;12.01.2022;SIMPLES NACION.;284_68C;C;284.68
2022-01;demonstrativoDAF (12).csv;SNA;SIMPLES NACIONAL;TOTAL_NA_DATA;12.01.2022;TOTAL NA DATA;284_68C;C;284.68
2022-01;demonstrativoDAF (12).csv;SNA;SIMPLES NACIONAL;DETALHE;13.01.2022;SIMPLES NACION.;57_79C;C;57.79
2022-01;demonstrativoDAF (12).csv;SNA;SIMPLES NACIONAL;TOTAL_NA_DATA;13.01.2022;TOTAL NA DATA;57_79C;C;57.79
2022-01;demonstrativoDAF (12).csv;SNA;SIMPLES NACIONAL;DETALHE;14.01.2022;SIMPLES NACION.;49_71C;C;49.71
2022-01;demonstrativoDAF (12).csv;SNA;SIMPLES NACIONAL;TOTAL_NA_DATA;14.01.2022;TOTAL NA DATA;49_71C;C;49.71
2022-01;demonstrativoDAF (12).csv;SNA;SIMPLES NACIONAL;DETALHE;17.01.2022;SIMPLES NACION.;45_83C;C;45.83
2022-01;demonstrativoDAF (12).csv;SNA;SIMPLES NACIONAL;TOTAL_NA_DATA;17.01.2022;TOTAL NA DATA;45_83C;C;45.83
2022-01;demonstrativoDAF (12).csv;SNA;SIMPLES NACIONAL;DETALHE;18.01.2022;SIMPLES NACION.;1.046_19C;C;1046.19
2022-01;demonstrativoDAF (12).csv;SNA;SIMPLES NACIONAL;TOTAL_NA_DATA;18.01.2022;TOTAL NA DATA;1.046_19C;C;1046.19
2022-01;demonstrativoDAF (12).csv;SNA;SIMPLES NACIONAL;DETALHE;19.01.2022;SIMPLES NACION.;3.320_86C;C;3320.86
2022-01;demonstrativoDAF (12).csv;SNA;SIMPLES NACIONAL;TOTAL_NA_DATA;19.01.2022;TOTAL NA DATA;3.320_86C;C;3320.86
2022-01;demonstrativoDAF (12).csv;SNA;SIMPLES NACIONAL;DETALHE;20.01.2022;SIMPLES NACION.;536_02C;C;536.02
2022-01;demonstrativoDAF (12).csv;SNA;SIMPLES NACIONAL;TOTAL_NA_DATA;20.01.2022;TOTAL NA DATA;536_02C;C;536.02
2022-01;demonstrativoDAF (12).csv;SNA;SIMPLES NACIONAL;DETALHE;21.01.2022;SIMPLES NACION.;2.361_75C;C;2361.75
2022-01;demonstrativoDAF (12).csv;SNA;SIMPLES NACIONAL;TOTAL_NA_DATA;21.01.2022;TOTAL NA DATA;2.361_75C;C;2361.75
2022-01;demonstrativoDAF (12).csv;SNA;SIMPLES NACIONAL;DETALHE;24.01.2022;SIMPLES NACION.;15.127_45C;C;15127.45
2022-01;demonstrativoDAF (12).csv;SNA;SIMPLES NACIONAL;TOTAL_NA_DATA;24.01.2022;TOTAL NA DATA;15.127_45C;C;15127.45
2022-01;demonstrativoDAF (12).csv;SNA;SIMPLES NACIONAL;DETALHE;25.01.2022;SIMPLES NACION.;1.733_76C;C;1733.76
2022-01;demonstrativoDAF (12).csv;SNA;SIMPLES NACIONAL;TOTAL_NA_DATA;25.01.2022;TOTAL NA DATA;1.733_76C;C;1733.76
2022-01;demonstrativoDAF (12).csv;SNA;SIMPLES NACIONAL;DETALHE;26.01.2022;SIMPLES NACION.;417_95C;C;417.95
2022-01;demonstrativoDAF (12).csv;SNA;SIMPLES NACIONAL;TOTAL_NA_DATA;26.01.2022;TOTAL NA DATA;417_95C;C;417.95
2022-01;demonstrativoDAF (12).csv;SNA;SIMPLES NACIONAL;DETALHE;27.01.2022;SIMPLES NACION.;122_03C;C;122.03
2022-01;demonstrativoDAF (12).csv;SNA;SIMPLES NACIONAL;TOTAL_NA_DATA;27.01.2022;TOTAL NA DATA;122_03C;C;122.03
2022-01;demonstrativoDAF (12).csv;SNA;SIMPLES NACIONAL;DETALHE;28.01.2022;SIMPLES NACION.;272_02C;C;272.02
2022-01;demonstrativoDAF (12).csv;SNA;SIMPLES NACIONAL;TOTAL_NA_DATA;28.01.2022;TOTAL NA DATA;272_02C;C;272.02
2022-01;demonstrativoDAF (12).csv;SNA;SIMPLES NACIONAL;DETALHE;31.01.2022;SIMPLES NACION.;32_03C;C;32.03
2022-01;demonstrativoDAF (12).csv;SNA;SIMPLES NACIONAL;TOTAL_NA_DATA;31.01.2022;TOTAL NA DATA;32_03C;C;32.03
2022-02;demonstrativoDAF (14).csv;;;TOTAL_PERIODO;;DEBITO BENEF.;1.645.673_59D;D;-1645673.59
2022-02;demonstrativoDAF (14).csv;;;TOTAL_PERIODO;;CREDITO BENEF.;3.873.308_84C;C;3873308.84
2022-02;demonstrativoDAF (14).csv;ADO;LC 176/2020 (ADO25);TOTAL_QUOTA_PARCELA;;RETENCAO PASEP;44_69D;D;-44.69
2022-02;demonstrativoDAF (14).csv;ADO;LC 176/2020 (ADO25);TOTAL_QUOTA_PARCELA;;LC 176/2020;4.469_49C;C;4469.49
2022-02;demonstrativoDAF (14).csv;ADO;LC 176/2020 (ADO25);TOTAL_QUOTA_FUNDO;;DEBITO FUNDO;44_69D;D;-44.69
2022-02;demonstrativoDAF (14).csv;ADO;LC 176/2020 (ADO25);TOTAL_QUOTA_FUNDO;;CREDITO FUNDO;4.469_49C;C;4469.49
2022-02;demonstrativoDAF (14).csv;ADO;LC 176/2020 (ADO25);DETALHE;25.02.2022;RETENCAO PASEP;44_69D;D;-44.69
2022-02;demonstrativoDAF (14).csv;ADO;LC 176/2020 (ADO25);DETALHE;25.02.2022;LC 176/2020;4.469_49C;C;4469.49
2022-02;demonstrativoDAF (14).csv;ADO;LC 176/2020 (ADO25);TOTAL_NA_DATA;25.02.2022;TOTAL NA DATA;4.424_80C;C;4424.8
2022-02;demonstrativoDAF (14).csv;FEB;FUNDEB-FNDO MANUT DES EDUC BASICA E VAL PROF;TOTAL_QUOTA_PARCELA;;ORIGEM ITR;330_28C;C;330.28
2022-02;demonstrativoDAF (14).csv;FEB;FUNDEB-FNDO MANUT DES EDUC BASICA E VAL PROF;TOTAL_QUOTA_PARCELA;;ORIGEM IPVA;64.881_86C;C;64881.86
2022-02;demonstrativoDAF (14).csv;FEB;FUNDEB-FNDO MANUT DES EDUC BASICA E VAL PROF;TOTAL_QUOTA_PARCELA;;ORIGEM ITCMD;6.341_04C;C;6341.04
2022-02;demonstrativoDAF (14).csv;FEB;FUNDEB-FNDO MANUT DES EDUC BASICA E VAL PROF;TOTAL_QUOTA_PARCELA;;ORIGEM IPI-EXP;4.504_48C;C;4504.48
2022-02;demonstrativoDAF (14).csv;FEB;FUNDEB-FNDO MANUT DES EDUC BASICA E VAL PROF;TOTAL_QUOTA_PARCELA;;ORIGEM ICMS EST;241.413_49C;C;241413.49
2022-02;demonstrativoDAF (14).csv;FEB;FUNDEB-FNDO MANUT DES EDUC BASICA E VAL PROF;TOTAL_QUOTA_PARCELA;;ORIGEM ICMS-EST;81.390_80C;C;81390.8
2022-02;demonstrativoDAF (14).csv;FEB;FUNDEB-FNDO MANUT DES EDUC BASICA E VAL PROF;TOTAL_QUOTA_PARCELA;;ORIGEM FPE;53.518_92C;C;53518.92
2022-02;demonstrativoDAF (14).csv;FEB;FUNDEB-FNDO MANUT DES EDUC BASICA E VAL PROF;TOTAL_QUOTA_PARCELA;;ORIGEM FPM;131.346_67C;C;131346.67
2022-02;demonstrativoDAF (14).csv;FEB;FUNDEB-FNDO MANUT DES EDUC BASICA E VAL PROF;TOTAL_QUOTA_FUNDO;;DEBITO FUNDO;0_00D;D;-0.0
2022-02;demonstrativoDAF (14).csv;FEB;FUNDEB-FNDO MANUT DES EDUC BASICA E VAL PROF;TOTAL_QUOTA_FUNDO;;CREDITO FUNDO;583.727_54C;C;583727.54
2022-02;demonstrativoDAF (14).csv;FEB;FUNDEB-FNDO MANUT DES EDUC BASICA E VAL PROF;DETALHE;01.02.2022;ORIGEM ICMS-EST;16.894_48C;C;16894.48
2022-02;demonstrativoDAF (14).csv;FEB;FUNDEB-FNDO MANUT DES EDUC BASICA E VAL PROF;TOTAL_NA_DATA;01.02.2022;TOTAL NA DATA;16.894_48C;C;16894.48
2022-02;demonstrativoDAF (14).csv;FEB;FUNDEB-FNDO MANUT DES EDUC BASICA E VAL PROF;DETALHE;02.02.2022;ORIGEM IPVA;14.892_12C;C;14892.12
2022-02;demonstrativoDAF (14).csv;FEB;FUNDEB-FNDO MANUT DES EDUC BASICA E VAL PROF;DETALHE;02.02.2022;ORIGEM ITCMD;1.356_28C;C;1356.28
2022-02;demonstrativoDAF (14).csv;FEB;FUNDEB-FNDO MANUT DES EDUC BASICA E VAL PROF;DETALHE;02.02.2022;ORIGEM ICMS EST;35.281_14C;C;35281.14
2022-02;demonstrativoDAF (14).csv;FEB;FUNDEB-FNDO MANUT DES EDUC BASICA E VAL PROF;TOTAL_NA_DATA;02.02.2022;TOTAL NA DATA;51.529_54C;C;51529.54
2022-02;demonstrativoDAF (14).csv;FEB;FUNDEB-FNDO MANUT DES EDUC BASICA E VAL PROF;DETALHE;08.02.2022;ORIGEM ICMS-EST;7.092_56C;C;7092.56
2022-02;demonstrativoDAF (14).csv;FEB;FUNDEB-FNDO MANUT DES EDUC BASICA E VAL PROF;TOTAL_NA_DATA;08.02.2022;TOTAL NA DATA;7.092_56C;C;7092.56
2022-02;demonstrativoDAF (14).csv;FEB;FUNDEB-FNDO MANUT DES EDUC BASICA E VAL PROF;DETALHE;09.02.2022;ORIGEM IPVA;12.496_05C;C;12496.05
2022-02;demonstrativoDAF (14).csv;FEB;FUNDEB-FNDO MANUT DES EDUC BASICA E VAL PROF;DETALHE;09.02.2022;ORIGEM ITCMD;1.402_90C;C;1402.9
2022-02;demonstrativoDAF (14).csv;FEB;FUNDEB-FNDO MANUT DES EDUC BASICA E VAL PROF;DETALHE;09.02.2022;ORIGEM ICMS EST;20.158_65C;C;20158.65
2022-02;demonstrativoDAF (14).csv;FEB;FUNDEB-FNDO MANUT DES EDUC BASICA E VAL PROF;TOTAL_NA_DATA;09.02.2022;TOTAL NA DATA;34.057_60C;C;34057.6
2022-02;demonstrativoDAF (14).csv;FEB;FUNDEB-FNDO MANUT DES EDUC BASICA E VAL PROF;DETALHE;10.02.2022;ORIGEM ITR;181_81C;C;181.81
2022-02;demonstrativoDAF (14).csv;FEB;FUNDEB-FNDO MANUT DES EDUC BASICA E VAL PROF;DETALHE;10.02.2022;ORIGEM IPI-EXP;3.152_33C;C;3152.33
2022-02;demonstrativoDAF (14).csv;FEB;FUNDEB-FNDO MANUT DES EDUC BASICA E VAL PROF;DETALHE;10.02.2022;ORIGEM FPE;40.014_31C;C;40014.31
2022-02;demonstrativoDAF (14).csv;FEB;FUNDEB-FNDO MANUT DES EDUC BASICA E VAL PROF;DETALHE;10.02.2022;ORIGEM FPM;98.130_89C;C;98130.89
2022-02;demonstrativoDAF (14).csv;FEB;FUNDEB-FNDO MANUT DES EDUC BASICA E VAL PROF;TOTAL_NA_DATA;10.02.2022;TOTAL NA DATA;141.479_34C;C;141479.34
2022-02;demonstrativoDAF (14).csv;FEB;FUNDEB-FNDO MANUT DES EDUC BASICA E VAL PROF;DETALHE;15.02.2022;ORIGEM ICMS-EST;25.362_54C;C;25362.54
2022-02;demonstrativoDAF (14).csv;FEB;FUNDEB-FNDO MANUT DES EDUC BASICA E VAL PROF;TOTAL_NA_DATA;15.02.2022;TOTAL NA DATA;25.362_54C;C;25362.54
2022-02;demonstrativoDAF (14).csv;FEB;FUNDEB-FNDO MANUT DES EDUC BASICA E VAL PROF;DETALHE;16.02.2022;ORIGEM IPVA;12.865_13C;C;12865.13
2022-02;demonstrativoDAF (14).csv;FEB;FUNDEB-FNDO MANUT DES EDUC BASICA E VAL PROF;DETALHE;16.02.2022;ORIGEM ITCMD;1.813_28C;C;1813.28
2022-02;demonstrativoDAF (14).csv;FEB;FUNDEB-FNDO MANUT DES EDUC BASICA E VAL PROF;DETALHE;16.02.2022;ORIGEM ICMS EST;118.939_72C;C;118939.72
2022-02;demonstrativoDAF (14).csv;FEB;FUNDEB-FNDO MANUT DES EDUC BASICA E VAL PROF;TOTAL_NA_DATA;16.02.2022;TOTAL NA DATA;133.618_13C;C;133618.13
2022-02;demonstrativoDAF (14).csv;FEB;FUNDEB-FNDO MANUT DES EDUC BASICA E VAL PROF;DETALHE;18.02.2022;ORIGEM ITR;67_77C;C;67.77
2022-02;demonstrativoDAF (14).csv;FEB;FUNDEB-FNDO MANUT DES EDUC BASICA E VAL PROF;DETALHE;18.02.2022;ORIGEM IPI-EXP;947_44C;C;947.44
2022-02;demonstrativoDAF (14).csv;FEB;FUNDEB-FNDO MANUT DES EDUC BASICA E VAL PROF;DETALHE;18.02.2022;ORIGEM FPE;3.981_64C;C;3981.64
2022-02;demonstrativoDAF (14).csv;FEB;FUNDEB-FNDO MANUT DES EDUC BASICA E VAL PROF;DETALHE;18.02.2022;ORIGEM FPM;9.758_35C;C;9758.35
2022-02;demonstrativoDAF (14).csv;FEB;FUNDEB-FNDO MANUT DES EDUC BASICA E VAL PROF;TOTAL_NA_DATA;18.02.2022;TOTAL NA DATA;14.755_20C;C;14755.2
2022-02;demonstrativoDAF (14).csv;FEB;FUNDEB-FNDO MANUT DES EDUC BASICA E VAL PROF;DETALHE;22.02.2022;ORIGEM ICMS-EST;32.041_22C;C;32041.22
2022-02;demonstrativoDAF (14).csv;FEB;FUNDEB-FNDO MANUT DES EDUC BASICA E VAL PROF;TOTAL_NA_DATA;22.02.2022;TOTAL NA DATA;32.041_22C;C;32041.22
2022-02;demonstrativoDAF (14).csv;FEB;FUNDEB-FNDO MANUT DES EDUC BASICA E VAL PROF;DETALHE;23.02.2022;ORIGEM IPVA;24.628_56C;C;24628.56
2022-02;demonstrativoDAF (14).csv;FEB;FUNDEB-FNDO MANUT DES EDUC BASICA E VAL PROF;DETALHE;23.02.2022;ORIGEM ITCMD;1.768_58C;C;1768.58
2022-02;demonstrativoDAF (14).csv;FEB;FUNDEB-FNDO MANUT DES EDUC BASICA E VAL PROF;DETALHE;23.02.2022;ORIGEM ICMS EST;67.033_98C;C;67033.98
2022-02;demonstrativoDAF (14).csv;FEB;FUNDEB-FNDO MANUT DES EDUC BASICA E VAL PROF;TOTAL_NA_DATA;23.02.2022;TOTAL NA DATA;93.431_12C;C;93431.12
2022-02;demonstrativoDAF (14).csv;FEB;FUNDEB-FNDO MANUT DES EDUC BASICA E VAL PROF;DETALHE;25.02.2022;ORIGEM ITR;80_70C;C;80.7
2022-02;demonstrativoDAF (14).csv;FEB;FUNDEB-FNDO MANUT DES EDUC BASICA E VAL PROF;DETALHE;25.02.2022;ORIGEM IPI-EXP;404_71C;C;404.71
2022-02;demonstrativoDAF (14).csv;FEB;FUNDEB-FNDO MANUT DES EDUC BASICA E VAL PROF;DETALHE;25.02.2022;ORIGEM FPE;9.522_97C;C;9522.97
2022-02;demonstrativoDAF (14).csv;FEB;FUNDEB-FNDO MANUT DES EDUC BASICA E VAL PROF;DETALHE;25.02.2022;ORIGEM FPM;23.457_43C;C;23457.43
2022-02;demonstrativoDAF (14).csv;FEB;FUNDEB-FNDO MANUT DES EDUC BASICA E VAL PROF;TOTAL_NA_DATA;25.02.2022;TOTAL NA DATA;33.465_81C;C;33465.81
2022-02;demonstrativoDAF (14).csv;FEP;FUNDO ESPECIAL DO PETROLEO;TOTAL_QUOTA_PARCELA;;COTA-PARTE;31.769_25C;C;31769.25
2022-02;demonstrativoDAF (14).csv;FEP;FUNDO ESPECIAL DO PETROLEO;TOTAL_QUOTA_PARCELA;;RETENCAO PASEP;317_68D;D;-317.68
2022-02;demonstrativoDAF (14).csv;FEP;FUNDO ESPECIAL DO PETROLEO;TOTAL_QUOTA_FUNDO;;DEBITO FUNDO;317_68D;D;-317.68
2022-02;demonstrativoDAF (14).csv;FEP;FUNDO ESPECIAL DO PETROLEO;TOTAL_QUOTA_FUNDO;;CREDITO FUNDO;31.769_25C;C;31769.25
2022-02;demonstrativoDAF (14).csv;FEP;FUNDO ESPECIAL DO PETROLEO;DETALHE;22.02.2022;COTA-PARTE;24.668_79C;C;24668.79
2022-02;demonstrativoDAF (14).csv;FEP;FUNDO ESPECIAL DO PETROLEO;DETALHE;22.02.2022;RETENCAO PASEP;246_68D;D;-246.68
2022-02;demonstrativoDAF (14).csv;FEP;FUNDO ESPECIAL DO PETROLEO;TOTAL_NA_DATA;22.02.2022;TOTAL NA DATA;24.422_11C;C;24422.11
2022-02;demonstrativoDAF (14).csv;FEP;FUNDO ESPECIAL DO PETROLEO;DETALHE;24.02.2022;COTA-PARTE;7.100_46C;C;7100.46
2022-02;demonstrativoDAF (14).csv;FEP;FUNDO ESPECIAL DO PETROLEO;DETALHE;24.02.2022;RETENCAO PASEP;71_00D;D;-71.0
2022-02;demonstrativoDAF (14).csv;FEP;FUNDO ESPECIAL DO PETROLEO;TOTAL_NA_DATA;24.02.2022;TOTAL NA DATA;7.029_46C;C;7029.46
2022-02;demonstrativoDAF (14).csv;FPM;FUNDO DE PARTICIPACAO DOS MUNICIPIOS;TOTAL_QUOTA_PARCELA;;PARCELA DE IPI;149.785_15C;C;149785.15
2022-02;demonstrativoDAF (14).csv;FPM;FUNDO DE PARTICIPACAO DOS MUNICIPIOS;TOTAL_QUOTA_PARCELA;;PARCELA DE IR;2.067.837_05C;C;2067837.05
2022-02;demonstrativoDAF (14).csv;FPM;FUNDO DE PARTICIPACAO DOS MUNICIPIOS;TOTAL_QUOTA_PARCELA;;RETENCAO PASEP;22.176_19D;D;-22176.19
2022-02;demonstrativoDAF (14).csv;FPM;FUNDO DE PARTICIPACAO DOS MUNICIPIOS;TOTAL_QUOTA_PARCELA;;RFB-PREV-OB COR;451.263_55D;D;-451263.55
2022-02;demonstrativoDAF (14).csv;FPM;FUNDO DE PARTICIPACAO DOS MUNICIPIOS;TOTAL_QUOTA_PARCELA;;RFB-PREV-OB DEV;80.705_34D;D;-80705.34
2022-02;demonstrativoDAF (14).csv;FPM;FUNDO DE PARTICIPACAO DOS MUNICIPIOS;TOTAL_QUOTA_PARCELA;;RFB-PREV-PARC60;93.801_20D;D;-93801.2
2022-02;demonstrativoDAF (14).csv;FPM;FUNDO DE PARTICIPACAO DOS MUNICIPIOS;TOTAL_QUOTA_PARCELA;;RFB-RET DARF;14.543_75D;D;-14543.75
2022-02;demonstrativoDAF (14).csv;FPM;FUNDO DE PARTICIPACAO DOS MUNICIPIOS;TOTAL_QUOTA_PARCELA;;DEDUCAO SAUDE;332.643_30D;D;-332643.3
2022-02;demonstrativoDAF (14).csv;FPM;FUNDO DE PARTICIPACAO DOS MUNICIPIOS;TOTAL_QUOTA_PARCELA;;DEDUCAO FUNDEB;443.524_43D;D;-443524.43
2022-02;demonstrativoDAF (14).csv;FPM;FUNDO DE PARTICIPACAO DOS MUNICIPIOS;TOTAL_QUOTA_FUNDO;;DEBITO FUNDO;1.438.657_76D;D;-1438657.76
2022-02;demonstrativoDAF (14).csv;FPM;FUNDO DE PARTICIPACAO DOS MUNICIPIOS;TOTAL_QUOTA_FUNDO;;CREDITO FUNDO;2.217.622_20C;C;2217622.2
2022-02;demonstrativoDAF (14).csv;FPM;FUNDO DE PARTICIPACAO DOS MUNICIPIOS;DETALHE;10.02.2022;PARCELA DE IPI;104.822_73C;C;104822.73
2022-02;demonstrativoDAF (14).csv;FPM;FUNDO DE PARTICIPACAO DOS MUNICIPIOS;DETALHE;10.02.2022;PARCELA DE IR;1.551.993_00C;C;1551993.0
2022-02;demonstrativoDAF (14).csv;FPM;FUNDO DE PARTICIPACAO DOS MUNICIPIOS;DETALHE;10.02.2022;RETENCAO PASEP;16.568_15D;D;-16568.15
2022-02;demonstrativoDAF (14).csv;FPM;FUNDO DE PARTICIPACAO DOS MUNICIPIOS;DETALHE;10.02.2022;RFB-PREV-OB COR;451.263_55D;D;-451263.55
2022-02;demonstrativoDAF (14).csv;FPM;FUNDO DE PARTICIPACAO DOS MUNICIPIOS;DETALHE;10.02.2022;RFB-PREV-OB DEV;80.705_34D;D;-80705.34
2022-02;demonstrativoDAF (14).csv;FPM;FUNDO DE PARTICIPACAO DOS MUNICIPIOS;DETALHE;10.02.2022;RFB-PREV-PARC60;93.801_20D;D;-93801.2
2022-02;demonstrativoDAF (14).csv;FPM;FUNDO DE PARTICIPACAO DOS MUNICIPIOS;DETALHE;10.02.2022;RFB-RET DARF;14.543_75D;D;-14543.75
2022-02;demonstrativoDAF (14).csv;FPM;FUNDO DE PARTICIPACAO DOS MUNICIPIOS;DETALHE;10.02.2022;DEDUCAO SAUDE;248.522_35D;D;-248522.35
2022-02;demonstrativoDAF (14).csv;FPM;FUNDO DE PARTICIPACAO DOS MUNICIPIOS;DETALHE;10.02.2022;DEDUCAO FUNDEB;331.363_14D;D;-331363.14
2022-02;demonstrativoDAF (14).csv;FPM;FUNDO DE PARTICIPACAO DOS MUNICIPIOS;TOTAL_NA_DATA;10.02.2022;TOTAL NA DATA;420.048_25C;C;420048.25
2022-02;demonstrativoDAF (14).csv;FPM;FUNDO DE PARTICIPACAO DOS MUNICIPIOS;DETALHE;18.02.2022;PARCELA DE IPI;31.504_76C;C;31504.76
2022-02;demonstrativoDAF (14).csv;FPM;FUNDO DE PARTICIPACAO DOS MUNICIPIOS;DETALHE;18.02.2022;PARCELA DE IR;133.252_70C;C;133252.7
2022-02;demonstrativoDAF (14).csv;FPM;FUNDO DE PARTICIPACAO DOS MUNICIPIOS;DETALHE;18.02.2022;RETENCAO PASEP;1.647_56D;D;-1647.56
2022-02;demonstrativoDAF (14).csv;FPM;FUNDO DE PARTICIPACAO DOS MUNICIPIOS;DETALHE;18.02.2022;DEDUCAO SAUDE;24.713_61D;D;-24713.61
2022-02;demonstrativoDAF (14).csv;FPM;FUNDO DE PARTICIPACAO DOS MUNICIPIOS;DETALHE;18.02.2022;DEDUCAO FUNDEB;32.951_49D;D;-32951.49
2022-02;demonstrativoDAF (14).csv;FPM;FUNDO DE PARTICIPACAO DOS MUNICIPIOS;TOTAL_NA_DATA;18.02.2022;TOTAL NA DATA;105.444_80C;C;105444.8
2022-02;demonstrativoDAF (14).csv;FPM;FUNDO DE PARTICIPACAO DOS MUNICIPIOS;DETALHE;25.02.2022;PARCELA DE IPI;13.457_66C;C;13457.66
2022-02;demonstrativoDAF (14).csv;FPM;FUNDO DE PARTICIPACAO DOS MUNICIPIOS;DETALHE;25.02.2022;PARCELA DE IR;382.591_35C;C;382591.35
2022-02;demonstrativoDAF (14).csv;FPM;FUNDO DE PARTICIPACAO DOS MUNICIPIOS;DETALHE;25.02.2022;RETENCAO PASEP;3.960_48D;D;-3960.48
2022-02;demonstrativoDAF (14).csv;FPM;FUNDO DE PARTICIPACAO DOS MUNICIPIOS;DETALHE;25.02.2022;DEDUCAO SAUDE;59.407_34D;D;-59407.34
2022-02;demonstrativoDAF (14).csv;FPM;FUNDO DE PARTICIPACAO DOS MUNICIPIOS;DETALHE;25.02.2022;DEDUCAO FUNDEB;79.209_80D;D;-79209.8
2022-02;demonstrativoDAF (14).csv;FPM;FUNDO DE PARTICIPACAO DOS MUNICIPIOS;TOTAL_NA_DATA;25.02.2022;TOTAL NA DATA;253.471_39C;C;253471.39
2022-02;demonstrativoDAF (14).csv;FUS;FUNDO SAUDE;TOTAL_QUOTA_PARCELA;;ORIGEM FPM;332.643_30C;C;332643.3
2022-02;demonstrativoDAF (14).csv;FUS;FUNDO SAUDE;TOTAL_QUOTA_PARCELA;;REF.ICMS ESTADO;86.279_13C;C;86279.13
2022-02;demonstrativoDAF (14).csv;FUS;FUNDO SAUDE;TOTAL_QUOTA_PARCELA;;ORIGEM ITR;1.738_67C;C;1738.67
2022-02;demonstrativoDAF (14).csv;FUS;FUNDO SAUDE;TOTAL_QUOTA_PARCELA;;ORIGEM IPM;1.181_80C;C;1181.8
2022-02;demonstrativoDAF (14).csv;FUS;FUNDO SAUDE;TOTAL_QUOTA_FUNDO;;DEBITO FUNDO;0_00D;D;-0.0
2022-02;demonstrativoDAF (14).csv;FUS;FUNDO SAUDE;TOTAL_QUOTA_FUNDO;;CREDITO FUNDO;421.842_90C;C;421842.9
2022-02;demonstrativoDAF (14).csv;FUS;FUNDO SAUDE;DETALHE;01.02.2022;REF.ICMS ESTADO;17.909_16C;C;17909.16
2022-02;demonstrativoDAF (14).csv;FUS;FUNDO SAUDE;TOTAL_NA_DATA;01.02.2022;TOTAL NA DATA;17.909_16C;C;17909.16
2022-02;demonstrativoDAF (14).csv;FUS;FUNDO SAUDE;DETALHE;08.02.2022;REF.ICMS ESTADO;7.518_54C;C;7518.54
2022-02;demonstrativoDAF (14).csv;FUS;FUNDO SAUDE;TOTAL_NA_DATA;08.02.2022;TOTAL NA DATA;7.518_54C;C;7518.54
2022-02;demonstrativoDAF (14).csv;FUS;FUNDO SAUDE;DETALHE;10.02.2022;ORIGEM FPM;248.522_35C;C;248522.35
2022-02;demonstrativoDAF (14).csv;FUS;FUNDO SAUDE;DETALHE;10.02.2022;ORIGEM ITR;1.406_10C;C;1406.1
2022-02;demonstrativoDAF (14).csv;FUS;FUNDO SAUDE;DETALHE;10.02.2022;ORIGEM IPM;827_05C;C;827.05
2022-02;demonstrativoDAF (14).csv;FUS;FUNDO SAUDE;TOTAL_NA_DATA;10.02.2022;TOTAL NA DATA;250.755_50C;C;250755.5
2022-02;demonstrativoDAF (14).csv;FUS;FUNDO SAUDE;DETALHE;15.02.2022;REF.ICMS ESTADO;26.885_82C;C;26885.82
2022-02;demonstrativoDAF (14).csv;FUS;FUNDO SAUDE;TOTAL_NA_DATA;15.02.2022;TOTAL NA DATA;26.885_82C;C;26885.82
2022-02;demonstrativoDAF (14).csv;FUS;FUNDO SAUDE;DETALHE;18.02.2022;ORIGEM FPM;24.713_61C;C;24713.61
2022-02;demonstrativoDAF (14).csv;FUS;FUNDO SAUDE;DETALHE;18.02.2022;ORIGEM ITR;148_28C;C;148.28
2022-02;demonstrativoDAF (14).csv;FUS;FUNDO SAUDE;DETALHE;18.02.2022;ORIGEM IPM;248_57C;C;248.57
2022-02;demonstrativoDAF (14).csv;FUS;FUNDO SAUDE;TOTAL_NA_DATA;18.02.2022;TOTAL NA DATA;25.110_46C;C;25110.46
2022-02;demonstrativoDAF (14).csv;FUS;FUNDO SAUDE;DETALHE;22.02.2022;REF.ICMS ESTADO;33.965_61C;C;33965.61
2022-02;demonstrativoDAF (14).csv;FUS;FUNDO SAUDE;TOTAL_NA_DATA;22.02.2022;TOTAL NA DATA;33.965_61C;C;33965.61
2022-02;demonstrativoDAF (14).csv;FUS;FUNDO SAUDE;DETALHE;25.02.2022;ORIGEM FPM;59.407_34C;C;59407.34
2022-02;demonstrativoDAF (14).csv;FUS;FUNDO SAUDE;DETALHE;25.02.2022;ORIGEM ITR;184_29C;C;184.29
2022-02;demonstrativoDAF (14).csv;FUS;FUNDO SAUDE;DETALHE;25.02.2022;ORIGEM IPM;106_18C;C;106.18
2022-02;demonstrativoDAF (14).csv;FUS;FUNDO SAUDE;TOTAL_NA_DATA;25.02.2022;TOTAL NA DATA;59.697_81C;C;59697.81
2022-02;demonstrativoDAF (14).csv;ICS;ICMS ESTADUAL;TOTAL_QUOTA_PARCELA;;COTA-PARTE;575.194_31C;C;575194.31
2022-02;demonstrativoDAF (14).csv;ICS;ICMS ESTADUAL;TOTAL_QUOTA_PARCELA;;DEDUCAO SAUDE;86.279_13D;D;-86279.13
2022-02;demonstrativoDAF (14).csv;ICS;ICMS ESTADUAL;TOTAL_QUOTA_PARCELA;;DEDUCAO FUNDEB;115.038_85D;D;-115038.85
2022-02;demonstrativoDAF (14).csv;ICS;ICMS ESTADUAL;TOTAL_QUOTA_FUNDO;;DEBITO FUNDO;201.317_98D;D;-201317.98
2022-02;demonstrativoDAF (14).csv;ICS;ICMS ESTADUAL;TOTAL_QUOTA_FUNDO;;CREDITO FUNDO;575.194_31C;C;575194.31
2022-02;demonstrativoDAF (14).csv;ICS;ICMS ESTADUAL;DETALHE;01.02.2022;COTA-PARTE;119.394_46C;C;119394.46
2022-02;demonstrativoDAF (14).csv;ICS;ICMS ESTADUAL;DETALHE;01.02.2022;DEDUCAO SAUDE;17.909_16D;D;-17909.16
2022-02;demonstrativoDAF (14).csv;ICS;ICMS ESTADUAL;DETALHE;01.02.2022;DEDUCAO FUNDEB;23.878_89D;D;-23878.89
2022-02;demonstrativoDAF (14).csv;ICS;ICMS ESTADUAL;TOTAL_NA_DATA;01.02.2022;TOTAL NA DATA;77.606_41C;C;77606.41
2022-02;demonstrativoDAF (14).csv;ICS;ICMS ESTADUAL;DETALHE;08.02.2022;COTA-PARTE;50.123_61C;C;50123.61
2022-02;demonstrativoDAF (14).csv;ICS;ICMS ESTADUAL;DETALHE;08.02.2022;DEDUCAO SAUDE;7.518_54D;D;-7518.54
2022-02;demonstrativoDAF (14).csv;ICS;ICMS ESTADUAL;DETALHE;08.02.2022;DEDUCAO FUNDEB;10.024_72D;D;-10024.72
2022-02;demonstrativoDAF (14).csv;ICS;ICMS ESTADUAL;TOTAL_NA_DATA;08.02.2022;TOTAL NA DATA;32.580_35C;C;32580.35
2022-02;demonstrativoDAF (14).csv;ICS;ICMS ESTADUAL;DETALHE;15.02.2022;COTA-PARTE;179.238_80C;C;179238.8
2022-02;demonstrativoDAF (14).csv;ICS;ICMS ESTADUAL;DETALHE;15.02.2022;DEDUCAO SAUDE;26.885_82D;D;-26885.82
2022-02;demonstrativoDAF (14).csv;ICS;ICMS ESTADUAL;DETALHE;15.02.2022;DEDUCAO FUNDEB;35.847_76D;D;-35847.76
2022-02;demonstrativoDAF (14).csv;ICS;ICMS ESTADUAL;TOTAL_NA_DATA;15.02.2022;TOTAL NA DATA;116.505_22C;C;116505.22
2022-02;demonstrativoDAF (14).csv;ICS;ICMS ESTADUAL;DETALHE;22.02.2022;COTA-PARTE;226.437_44C;C;226437.44
2022-02;demonstrativoDAF (14).csv;ICS;ICMS ESTADUAL;DETALHE;22.02.2022;DEDUCAO SAUDE;33.965_61D;D;-33965.61
2022-02;demonstrativoDAF (14).csv;ICS;ICMS ESTADUAL;DETALHE;22.02.2022;DEDUCAO FUNDEB;45.287_48D;D;-45287.48
2022-02;demonstrativoDAF (14).csv;ICS;ICMS ESTADUAL;TOTAL_NA_DATA;22.02.2022;TOTAL NA DATA;147.184_35C;C;147184.35
2022-02;demonstrativoDAF (14).csv;IPM;IPI EXPORTACAO - COTA MUNICIPIO;TOTAL_QUOTA_PARCELA;;DEDUCAO SAUDE;1.181_80D;D;-1181.8
2022-02;demonstrativoDAF (14).csv;IPM;IPI EXPORTACAO - COTA MUNICIPIO;TOTAL_QUOTA_PARCELA;;IPM IPI-MUNIC;6.303_02C;C;6303.02
2022-02;demonstrativoDAF (14).csv;IPM;IPI EXPORTACAO - COTA MUNICIPIO;TOTAL_QUOTA_FUNDO;;DEBITO FUNDO;1.181_80D;D;-1181.8
2022-02;demonstrativoDAF (14).csv;IPM;IPI EXPORTACAO - COTA MUNICIPIO;TOTAL_QUOTA_FUNDO;;CREDITO FUNDO;6.303_02C;C;6303.02
2022-02;demonstrativoDAF (14).csv;IPM;IPI EXPORTACAO - COTA MUNICIPIO;DETALHE;10.02.2022;DEDUCAO SAUDE;827_05D;D;-827.05
2022-02;demonstrativoDAF (14).csv;IPM;IPI EXPORTACAO - COTA MUNICIPIO;DETALHE;10.02.2022;IPM IPI-MUNIC;4.410_99C;C;4410.99
2022-02;demonstrativoDAF (14).csv;IPM;IPI EXPORTACAO - COTA MUNICIPIO;TOTAL_NA_DATA;10.02.2022;TOTAL NA DATA;3.583_94C;C;3583.94
2022-02;demonstrativoDAF (14).csv;IPM;IPI EXPORTACAO - COTA MUNICIPIO;DETALHE;18.02.2022;DEDUCAO SAUDE;248_57D;D;-248.57
2022-02;demonstrativoDAF (14).csv;IPM;IPI EXPORTACAO - COTA MUNICIPIO;DETALHE;18.02.2022;IPM IPI-MUNIC;1.325_73C;C;1325.73
2022-02;demonstrativoDAF (14).csv;IPM;IPI EXPORTACAO - COTA MUNICIPIO;TOTAL_NA_DATA;18.02.2022;TOTAL NA DATA;1.077_16C;C;1077.16
2022-02;demonstrativoDAF (14).csv;IPM;IPI EXPORTACAO - COTA MUNICIPIO;DETALHE;25.02.2022;DEDUCAO SAUDE;106_18D;D;-106.18
2022-02;demonstrativoDAF (14).csv;IPM;IPI EXPORTACAO - COTA MUNICIPIO;DETALHE;25.02.2022;IPM IPI-MUNIC;566_30C;C;566.3
2022-02;demonstrativoDAF (14).csv;IPM;IPI EXPORTACAO - COTA MUNICIPIO;TOTAL_NA_DATA;25.02.2022;TOTAL NA DATA;460_12C;C;460.12
2022-02;demonstrativoDAF (14).csv;ITA;ROYALTIES DE ITAIPU;TOTAL_QUOTA_PARCELA;;RETENCAO PASEP;4_07D;D;-4.07
2022-02;demonstrativoDAF (14).csv;ITA;ROYALTIES DE ITAIPU;TOTAL_QUOTA_PARCELA;;ITA-ROYT.ITAIPU;407_95C;C;407.95
2022-02;demonstrativoDAF (14).csv;ITA;ROYALTIES DE ITAIPU;TOTAL_QUOTA_FUNDO;;DEBITO FUNDO;4_07D;D;-4.07
2022-02;demonstrativoDAF (14).csv;ITA;ROYALTIES DE ITAIPU;TOTAL_QUOTA_FUNDO;;CREDITO FUNDO;407_95C;C;407.95
2022-02;demonstrativoDAF (14).csv;ITA;ROYALTIES DE ITAIPU;DETALHE;17.02.2022;RETENCAO PASEP;4_07D;D;-4.07
2022-02;demonstrativoDAF (14).csv;ITA;ROYALTIES DE ITAIPU;DETALHE;17.02.2022;ITA-ROYT.ITAIPU;407_95C;C;407.95
2022-02;demonstrativoDAF (14).csv;ITA;ROYALTIES DE ITAIPU;TOTAL_NA_DATA;17.02.2022;TOTAL NA DATA;403_88C;C;403.88
2022-02;demonstrativoDAF (14).csv;ITR;IMPOSTO TERRITORIAL RURAL;TOTAL_QUOTA_PARCELA;;RETENCAO PASEP;92_71D;D;-92.71
2022-02;demonstrativoDAF (14).csv;ITR;IMPOSTO TERRITORIAL RURAL;TOTAL_QUOTA_PARCELA;;DEDUCAO SAUDE;1.738_67D;D;-1738.67
2022-02;demonstrativoDAF (14).csv;ITR;IMPOSTO TERRITORIAL RURAL;TOTAL_QUOTA_PARCELA;;DEDUCAO FUNDEB;2.318_23D;D;-2318.23
2022-02;demonstrativoDAF (14).csv;ITR;IMPOSTO TERRITORIAL RURAL;TOTAL_QUOTA_PARCELA;;ITR-CONVENIO;11.591_20C;C;11591.2
2022-02;demonstrativoDAF (14).csv;ITR;IMPOSTO TERRITORIAL RURAL;TOTAL_QUOTA_FUNDO;;DEBITO FUNDO;4.149_61D;D;-4149.61
2022-02;demonstrativoDAF (14).csv;ITR;IMPOSTO TERRITORIAL RURAL;TOTAL_QUOTA_FUNDO;;CREDITO FUNDO;11.591_20C;C;11591.2
2022-02;demonstrativoDAF (14).csv;ITR;IMPOSTO TERRITORIAL RURAL;DETALHE;10.02.2022;RETENCAO PASEP;74_99D;D;-74.99
2022-02;demonstrativoDAF (14).csv;ITR;IMPOSTO TERRITORIAL RURAL;DETALHE;10.02.2022;DEDUCAO SAUDE;1.406_10D;D;-1406.1
2022-02;demonstrativoDAF (14).csv;ITR;IMPOSTO TERRITORIAL RURAL;DETALHE;10.02.2022;DEDUCAO FUNDEB;1.874_80D;D;-1874.8
2022-02;demonstrativoDAF (14).csv;ITR;IMPOSTO TERRITORIAL RURAL;DETALHE;10.02.2022;ITR-CONVENIO;9.374_00C;C;9374.0
2022-02;demonstrativoDAF (14).csv;ITR;IMPOSTO TERRITORIAL RURAL;TOTAL_NA_DATA;10.02.2022;TOTAL NA DATA;6.018_11C;C;6018.11
2022-02;demonstrativoDAF (14).csv;ITR;IMPOSTO TERRITORIAL RURAL;DETALHE;18.02.2022;RETENCAO PASEP;7_90D;D;-7.9
2022-02;demonstrativoDAF (14).csv;ITR;IMPOSTO TERRITORIAL RURAL;DETALHE;18.02.2022;DEDUCAO SAUDE;148_28D;D;-148.28
2022-02;demonstrativoDAF (14).csv;ITR;IMPOSTO TERRITORIAL RURAL;DETALHE;18.02.2022;DEDUCAO FUNDEB;197_71D;D;-197.71
2022-02;demonstrativoDAF (14).csv;ITR;IMPOSTO TERRITORIAL RURAL;DETALHE;18.02.2022;ITR-CONVENIO;988_58C;C;988.58
2022-02;demonstrativoDAF (14).csv;ITR;IMPOSTO TERRITORIAL RURAL;TOTAL_NA_DATA;18.02.2022;TOTAL NA DATA;634_69C;C;634.69
2022-02;demonstrativoDAF (14).csv;ITR;IMPOSTO TERRITORIAL RURAL;DETALHE;25.02.2022;RETENCAO PASEP;9_82D;D;-9.82
2022-02;demonstrativoDAF (14).csv;ITR;IMPOSTO TERRITORIAL RURAL;DETALHE;25.02.2022;DEDUCAO SAUDE;184_29D;D;-184.29
2022-02;demonstrativoDAF (14).csv;ITR;IMPOSTO TERRITORIAL RURAL;DETALHE;25.02.2022;DEDUCAO FUNDEB;245_72D;D;-245.72
2022-02;demonstrativoDAF (14).csv;ITR;IMPOSTO TERRITORIAL RURAL;DETALHE;25.02.2022;ITR-CONVENIO;1.228_62C;C;1228.62
2022-02;demonstrativoDAF (14).csv;ITR;IMPOSTO TERRITORIAL RURAL;TOTAL_NA_DATA;25.02.2022;TOTAL NA DATA;788_79C;C;788.79
2022-02;demonstrativoDAF (14).csv;SNA;SIMPLES NACIONAL;TOTAL_QUOTA_PARCELA;;SIMPLES NACION.;20.380_98C;C;20380.98
2022-02;demonstrativoDAF (14).csv;SNA;SIMPLES NACIONAL;TOTAL_QUOTA_FUNDO;;DEBITO FUNDO;0_00D;D;-0.0
2022-02;demonstrativoDAF (14).csv;SNA;SIMPLES NACIONAL;TOTAL_QUOTA_FUNDO;;CREDITO FUNDO;20.380_98C;C;20380.98
2022-02;demonstrativoDAF (14).csv;SNA;SIMPLES NACIONAL;DETALHE;03.02.2022;SIMPLES NACION.;1.213_82C;C;1213.82
2022-02;demonstrativoDAF (14).csv;SNA;SIMPLES NACIONAL;TOTAL_NA_DATA;03.02.2022;TOTAL NA DATA;1.213_82C;C;1213.82
2022-02;demonstrativoDAF (14).csv;SNA;SIMPLES NACIONAL;DETALHE;04.02.2022;SIMPLES NACION.;251_78C;C;251.78
2022-02;demonstrativoDAF (14).csv;SNA;SIMPLES NACIONAL;TOTAL_NA_DATA;04.02.2022;TOTAL NA DATA;251_78C;C;251.78
2022-02;demonstrativoDAF (14).csv;SNA;SIMPLES NACIONAL;DETALHE;07.02.2022;SIMPLES NACION.;24_57C;C;24.57
2022-02;demonstrativoDAF (14).csv;SNA;SIMPLES NACIONAL;TOTAL_NA_DATA;07.02.2022;TOTAL NA DATA;24_57C;C;24.57
2022-02;demonstrativoDAF (14).csv;SNA;SIMPLES NACIONAL;DETALHE;08.02.2022;SIMPLES NACION.;46_40C;C;46.4
2022-02;demonstrativoDAF (14).csv;SNA;SIMPLES NACIONAL;TOTAL_NA_DATA;08.02.2022;TOTAL NA DATA;46_40C;C;46.4
2022-02;demonstrativoDAF (14).csv;SNA;SIMPLES NACIONAL;DETALHE;09.02.2022;SIMPLES NACION.;89_96C;C;89.96
2022-02;demonstrativoDAF (14).csv;SNA;SIMPLES NACIONAL;TOTAL_NA_DATA;09.02.2022;TOTAL NA DATA;89_96C;C;89.96
2022-02;demonstrativoDAF (14).csv;SNA;SIMPLES NACIONAL;DETALHE;10.02.2022;SIMPLES NACION.;139_39C;C;139.39
2022-02;demonstrativoDAF (14).csv;SNA;SIMPLES NACIONAL;TOTAL_NA_DATA;10.02.2022;TOTAL NA DATA;139_39C;C;139.39
2022-02;demonstrativoDAF (14).csv;SNA;SIMPLES NACIONAL;DETALHE;11.02.2022;SIMPLES NACION.;298_98C;C;298.98
2022-02;demonstrativoDAF (14).csv;SNA;SIMPLES NACIONAL;TOTAL_NA_DATA;11.02.2022;TOTAL NA DATA;298_98C;C;298.98
2022-02;demonstrativoDAF (14).csv;SNA;SIMPLES NACIONAL;DETALHE;14.02.2022;SIMPLES NACION.;37_27C;C;37.27
2022-02;demonstrativoDAF (14).csv;SNA;SIMPLES NACIONAL;TOTAL_NA_DATA;14.02.2022;TOTAL NA DATA;37_27C;C;37.27
2022-02;demonstrativoDAF (14).csv;SNA;SIMPLES NACIONAL;DETALHE;15.02.2022;SIMPLES NACION.;5_00C;C;5.0
2022-02;demonstrativoDAF (14).csv;SNA;SIMPLES NACIONAL;TOTAL_NA_DATA;15.02.2022;TOTAL NA DATA;5_00C;C;5.0
2022-02;demonstrativoDAF (14).csv;SNA;SIMPLES NACIONAL;DETALHE;16.02.2022;SIMPLES NACION.;99_16C;C;99.16
2022-02;demonstrativoDAF (14).csv;SNA;SIMPLES NACIONAL;TOTAL_NA_DATA;16.02.2022;TOTAL NA DATA;99_16C;C;99.16
2022-02;demonstrativoDAF (14).csv;SNA;SIMPLES NACIONAL;DETALHE;17.02.2022;SIMPLES NACION.;4.660_18C;C;4660.18
2022-02;demonstrativoDAF (14).csv;SNA;SIMPLES NACIONAL;TOTAL_NA_DATA;17.02.2022;TOTAL NA DATA;4.660_18C;C;4660.18
2022-02;demonstrativoDAF (14).csv;SNA;SIMPLES NACIONAL;DETALHE;18.02.2022;SIMPLES NACION.;81_30C;C;81.3
2022-02;demonstrativoDAF (14).csv;SNA;SIMPLES NACIONAL;TOTAL_NA_DATA;18.02.2022;TOTAL NA DATA;81_30C;C;81.3
2022-02;demonstrativoDAF (14).csv;SNA;SIMPLES NACIONAL;DETALHE;21.02.2022;SIMPLES NACION.;149_91C;C;149.91
2022-02;demonstrativoDAF (14).csv;SNA;SIMPLES NACIONAL;TOTAL_NA_DATA;21.02.2022;TOTAL NA DATA;149_91C;C;149.91
2022-02;demonstrativoDAF (14).csv;SNA;SIMPLES NACIONAL;DETALHE;22.02.2022;SIMPLES NACION.;418_47C;C;418.47
2022-02;demonstrativoDAF (14).csv;SNA;SIMPLES NACIONAL;TOTAL_NA_DATA;22.02.2022;TOTAL NA DATA;418_47C;C;418.47
2022-02;demonstrativoDAF (14).csv;SNA;SIMPLES NACIONAL;DETALHE;23.02.2022;SIMPLES NACION.;12.200_40C;C;12200.4
2022-02;demonstrativoDAF (14).csv;SNA;SIMPLES NACIONAL;TOTAL_NA_DATA;23.02.2022;TOTAL NA DATA;12.200_40C;C;12200.4
2022-02;demonstrativoDAF (14).csv;SNA;SIMPLES NACIONAL;DETALHE;24.02.2022;SIMPLES NACION.;103_82C;C;103.82
2022-02;demonstrativoDAF (14).csv;SNA;SIMPLES NACIONAL;TOTAL_NA_DATA;24.02.2022;TOTAL NA DATA;103_82C;C;103.82
2022-02;demonstrativoDAF (14).csv;SNA;SIMPLES NACIONAL;DETALHE;25.02.2022;SIMPLES NACION.;560_57C;C;560.57
2022-02;demonstrativoDAF (14).csv;SNA;SIMPLES NACIONAL;TOTAL_NA_DATA;25.02.2022;TOTAL NA DATA;560_57C;C;560.57
2022-03;demonstrativoDAF (10).csv;;;TOTAL_PERIODO;;DEBITO BENEF.;1.427.157_57D;D;-1427157.57
2022-03;demonstrativoDAF (10).csv;;;TOTAL_PERIODO;;CREDITO BENEF.;3.150.886_68C;C;3150886.68
2022-03;demonstrativoDAF (10).csv;ADO;LC 176/2020 (ADO25);TOTAL_QUOTA_PARCELA;;RETENCAO PASEP;44_69D;D;-44.69
2022-03;demonstrativoDAF (10).csv;ADO;LC 176/2020 (ADO25);TOTAL_QUOTA_PARCELA;;LC 176/2020;4.469_49C;C;4469.49
2022-03;demonstrativoDAF (10).csv;ADO;LC 176/2020 (ADO25);TOTAL_QUOTA_FUNDO;;DEBITO FUNDO;44_69D;D;-44.69
2022-03;demonstrativoDAF (10).csv;ADO;LC 176/2020 (ADO25);TOTAL_QUOTA_FUNDO;;CREDITO FUNDO;4.469_49C;C;4469.49
2022-03;demonstrativoDAF (10).csv;ADO;LC 176/2020 (ADO25);DETALHE;30.03.2022;RETENCAO PASEP;44_69D;D;-44.69
2022-03;demonstrativoDAF (10).csv;ADO;LC 176/2020 (ADO25);DETALHE;30.03.2022;LC 176/2020;4.469_49C;C;4469.49
2022-03;demonstrativoDAF (10).csv;ADO;LC 176/2020 (ADO25);TOTAL_NA_DATA;30.03.2022;TOTAL NA DATA;4.424_80C;C;4424.8
2022-03;demonstrativoDAF (10).csv;CFH;COMPENSACAO FINANCEIRA RECURSOS HIDRICOS;TOTAL_QUOTA_PARCELA;;RETENCAO PASEP;135_46D;D;-135.46
2022-03;demonstrativoDAF (10).csv;CFH;COMPENSACAO FINANCEIRA RECURSOS HIDRICOS;TOTAL_QUOTA_PARCELA;;CFH-REC.HIDRICO;13.546_82C;C;13546.82
2022-03;demonstrativoDAF (10).csv;CFH;COMPENSACAO FINANCEIRA RECURSOS HIDRICOS;TOTAL_QUOTA_FUNDO;;DEBITO FUNDO;135_46D;D;-135.46
2022-03;demonstrativoDAF (10).csv;CFH;COMPENSACAO FINANCEIRA RECURSOS HIDRICOS;TOTAL_QUOTA_FUNDO;;CREDITO FUNDO;13.546_82C;C;13546.82
2022-03;demonstrativoDAF (10).csv;CFH;COMPENSACAO FINANCEIRA RECURSOS HIDRICOS;DETALHE;02.03.2022;RETENCAO PASEP;135_46D;D;-135.46
2022-03;demonstrativoDAF (10).csv;CFH;COMPENSACAO FINANCEIRA RECURSOS HIDRICOS;DETALHE;02.03.2022;CFH-REC.HIDRICO;13.546_82C;C;13546.82
2022-03;demonstrativoDAF (10).csv;CFH;COMPENSACAO FINANCEIRA RECURSOS HIDRICOS;TOTAL_NA_DATA;02.03.2022;TOTAL NA DATA;13.411_36C;C;13411.36
2022-03;demonstrativoDAF (10).csv;FEB;FUNDEB-FNDO MANUT DES EDUC BASICA E VAL PROF;TOTAL_QUOTA_PARCELA;;ORIGEM ITR;281_26C;C;281.26
2022-03;demonstrativoDAF (10).csv;FEB;FUNDEB-FNDO MANUT DES EDUC BASICA E VAL PROF;TOTAL_QUOTA_PARCELA;;ORIGEM IPVA;83.143_80C;C;83143.8
2022-03;demonstrativoDAF (10).csv;FEB;FUNDEB-FNDO MANUT DES EDUC BASICA E VAL PROF;TOTAL_QUOTA_PARCELA;;ORIGEM ITCMD;12.568_76C;C;12568.76
2022-03;demonstrativoDAF (10).csv;FEB;FUNDEB-FNDO MANUT DES EDUC BASICA E VAL PROF;TOTAL_QUOTA_PARCELA;;ORIGEM IPI-EXP;5.103_11C;C;5103.11
2022-03;demonstrativoDAF (10).csv;FEB;FUNDEB-FNDO MANUT DES EDUC BASICA E VAL PROF;TOTAL_QUOTA_PARCELA;;ORIGEM ICMS EST;330.840_76C;C;330840.76
2022-03;demonstrativoDAF (10).csv;FEB;FUNDEB-FNDO MANUT DES EDUC BASICA E VAL PROF;TOTAL_QUOTA_PARCELA;;ORIGEM ICMS-EST;105.698_37C;C;105698.37
2022-03;demonstrativoDAF (10).csv;FEB;FUNDEB-FNDO MANUT DES EDUC BASICA E VAL PROF;TOTAL_QUOTA_PARCELA;;ORIGEM FPE;32.389_53C;C;32389.53
2022-03;demonstrativoDAF (10).csv;FEB;FUNDEB-FNDO MANUT DES EDUC BASICA E VAL PROF;TOTAL_QUOTA_PARCELA;;ORIGEM FPM;79.627_68C;C;79627.68
2022-03;demonstrativoDAF (10).csv;FEB;FUNDEB-FNDO MANUT DES EDUC BASICA E VAL PROF;TOTAL_QUOTA_FUNDO;;DEBITO FUNDO;0_00D;D;-0.0
2022-03;demonstrativoDAF (10).csv;FEB;FUNDEB-FNDO MANUT DES EDUC BASICA E VAL PROF;TOTAL_QUOTA_FUNDO;;CREDITO FUNDO;649.653_27C;C;649653.27
2022-03;demonstrativoDAF (10).csv;FEB;FUNDEB-FNDO MANUT DES EDUC BASICA E VAL PROF;DETALHE;03.03.2022;ORIGEM IPVA;18.544_52C;C;18544.52
2022-03;demonstrativoDAF (10).csv;FEB;FUNDEB-FNDO MANUT DES EDUC BASICA E VAL PROF;DETALHE;03.03.2022;ORIGEM ITCMD;1.964_21C;C;1964.21
2022-03;demonstrativoDAF (10).csv;FEB;FUNDEB-FNDO MANUT DES EDUC BASICA E VAL PROF;DETALHE;03.03.2022;ORIGEM ICMS EST;54.928_78C;C;54928.78
2022-03;demonstrativoDAF (10).csv;FEB;FUNDEB-FNDO MANUT DES EDUC BASICA E VAL PROF;DETALHE;03.03.2022;ORIGEM ICMS-EST;19.164_37C;C;19164.37
2022-03;demonstrativoDAF (10).csv;FEB;FUNDEB-FNDO MANUT DES EDUC BASICA E VAL PROF;TOTAL_NA_DATA;03.03.2022;TOTAL NA DATA;94.601_88C;C;94601.88
2022-03;demonstrativoDAF (10).csv;FEB;FUNDEB-FNDO MANUT DES EDUC BASICA E VAL PROF;DETALHE;08.03.2022;ORIGEM ICMS-EST;5.976_94C;C;5976.94
2022-03;demonstrativoDAF (10).csv;FEB;FUNDEB-FNDO MANUT DES EDUC BASICA E VAL PROF;TOTAL_NA_DATA;08.03.2022;TOTAL NA DATA;5.976_94C;C;5976.94
2022-03;demonstrativoDAF (10).csv;FEB;FUNDEB-FNDO MANUT DES EDUC BASICA E VAL PROF;DETALHE;09.03.2022;ORIGEM IPVA;11.540_64C;C;11540.64
2022-03;demonstrativoDAF (10).csv;FEB;FUNDEB-FNDO MANUT DES EDUC BASICA E VAL PROF;DETALHE;09.03.2022;ORIGEM ITCMD;1.810_12C;C;1810.12
2022-03;demonstrativoDAF (10).csv;FEB;FUNDEB-FNDO MANUT DES EDUC BASICA E VAL PROF;DETALHE;09.03.2022;ORIGEM ICMS EST;21.097_68C;C;21097.68
2022-03;demonstrativoDAF (10).csv;FEB;FUNDEB-FNDO MANUT DES EDUC BASICA E VAL PROF;TOTAL_NA_DATA;09.03.2022;TOTAL NA DATA;34.448_44C;C;34448.44
2022-03;demonstrativoDAF (10).csv;FEB;FUNDEB-FNDO MANUT DES EDUC BASICA E VAL PROF;DETALHE;10.03.2022;ORIGEM ITR;174_49C;C;174.49
2022-03;demonstrativoDAF (10).csv;FEB;FUNDEB-FNDO MANUT DES EDUC BASICA E VAL PROF;DETALHE;10.03.2022;ORIGEM IPI-EXP;3.628_46C;C;3628.46
2022-03;demonstrativoDAF (10).csv;FEB;FUNDEB-FNDO MANUT DES EDUC BASICA E VAL PROF;DETALHE;10.03.2022;ORIGEM FPE;17.690_76C;C;17690.76
2022-03;demonstrativoDAF (10).csv;FEB;FUNDEB-FNDO MANUT DES EDUC BASICA E VAL PROF;DETALHE;10.03.2022;ORIGEM FPM;43.454_10C;C;43454.1
2022-03;demonstrativoDAF (10).csv;FEB;FUNDEB-FNDO MANUT DES EDUC BASICA E VAL PROF;TOTAL_NA_DATA;10.03.2022;TOTAL NA DATA;64.947_81C;C;64947.81
2022-03;demonstrativoDAF (10).csv;FEB;FUNDEB-FNDO MANUT DES EDUC BASICA E VAL PROF;DETALHE;15.03.2022;ORIGEM ICMS-EST;25.276_72C;C;25276.72
2022-03;demonstrativoDAF (10).csv;FEB;FUNDEB-FNDO MANUT DES EDUC BASICA E VAL PROF;TOTAL_NA_DATA;15.03.2022;TOTAL NA DATA;25.276_72C;C;25276.72
2022-03;demonstrativoDAF (10).csv;FEB;FUNDEB-FNDO MANUT DES EDUC BASICA E VAL PROF;DETALHE;16.03.2022;ORIGEM IPVA;12.201_30C;C;12201.3
2022-03;demonstrativoDAF (10).csv;FEB;FUNDEB-FNDO MANUT DES EDUC BASICA E VAL PROF;DETALHE;16.03.2022;ORIGEM ITCMD;3.735_28C;C;3735.28
2022-03;demonstrativoDAF (10).csv;FEB;FUNDEB-FNDO MANUT DES EDUC BASICA E VAL PROF;DETALHE;16.03.2022;ORIGEM ICMS EST;119.660_35C;C;119660.35
2022-03;demonstrativoDAF (10).csv;FEB;FUNDEB-FNDO MANUT DES EDUC BASICA E VAL PROF;TOTAL_NA_DATA;16.03.2022;TOTAL NA DATA;135.596_93C;C;135596.93
2022-03;demonstrativoDAF (10).csv;FEB;FUNDEB-FNDO MANUT DES EDUC BASICA E VAL PROF;DETALHE;18.03.2022;ORIGEM ITR;63_22C;C;63.22
2022-03;demonstrativoDAF (10).csv;FEB;FUNDEB-FNDO MANUT DES EDUC BASICA E VAL PROF;DETALHE;18.03.2022;ORIGEM IPI-EXP;1.131_39C;C;1131.39
2022-03;demonstrativoDAF (10).csv;FEB;FUNDEB-FNDO MANUT DES EDUC BASICA E VAL PROF;DETALHE;18.03.2022;ORIGEM FPE;3.324_98C;C;3324.98
2022-03;demonstrativoDAF (10).csv;FEB;FUNDEB-FNDO MANUT DES EDUC BASICA E VAL PROF;DETALHE;18.03.2022;ORIGEM FPM;8.182_28C;C;8182.28
2022-03;demonstrativoDAF (10).csv;FEB;FUNDEB-FNDO MANUT DES EDUC BASICA E VAL PROF;TOTAL_NA_DATA;18.03.2022;TOTAL NA DATA;12.701_87C;C;12701.87
2022-03;demonstrativoDAF (10).csv;FEB;FUNDEB-FNDO MANUT DES EDUC BASICA E VAL PROF;DETALHE;22.03.2022;ORIGEM ICMS-EST;35.945_41C;C;35945.41
2022-03;demonstrativoDAF (10).csv;FEB;FUNDEB-FNDO MANUT DES EDUC BASICA E VAL PROF;TOTAL_NA_DATA;22.03.2022;TOTAL NA DATA;35.945_41C;C;35945.41
2022-03;demonstrativoDAF (10).csv;FEB;FUNDEB-FNDO MANUT DES EDUC BASICA E VAL PROF;DETALHE;23.03.2022;ORIGEM IPVA;22.532_85C;C;22532.85
2022-03;demonstrativoDAF (10).csv;FEB;FUNDEB-FNDO MANUT DES EDUC BASICA E VAL PROF;DETALHE;23.03.2022;ORIGEM ITCMD;1.970_43C;C;1970.43
2022-03;demonstrativoDAF (10).csv;FEB;FUNDEB-FNDO MANUT DES EDUC BASICA E VAL PROF;DETALHE;23.03.2022;ORIGEM ICMS EST;76.371_76C;C;76371.76
2022-03;demonstrativoDAF (10).csv;FEB;FUNDEB-FNDO MANUT DES EDUC BASICA E VAL PROF;TOTAL_NA_DATA;23.03.2022;TOTAL NA DATA;100.875_04C;C;100875.04
2022-03;demonstrativoDAF (10).csv;FEB;FUNDEB-FNDO MANUT DES EDUC BASICA E VAL PROF;DETALHE;29.03.2022;ORIGEM ICMS-EST;19.334_93C;C;19334.93
2022-03;demonstrativoDAF (10).csv;FEB;FUNDEB-FNDO MANUT DES EDUC BASICA E VAL PROF;TOTAL_NA_DATA;29.03.2022;TOTAL NA DATA;19.334_93C;C;19334.93
2022-03;demonstrativoDAF (10).csv;FEB;FUNDEB-FNDO MANUT DES EDUC BASICA E VAL PROF;DETALHE;30.03.2022;ORIGEM ITR;43_55C;C;43.55
2022-03;demonstrativoDAF (10).csv;FEB;FUNDEB-FNDO MANUT DES EDUC BASICA E VAL PROF;DETALHE;30.03.2022;ORIGEM IPVA;18.324_49C;C;18324.49
2022-03;demonstrativoDAF (10).csv;FEB;FUNDEB-FNDO MANUT DES EDUC BASICA E VAL PROF;DETALHE;30.03.2022;ORIGEM ITCMD;3.088_72C;C;3088.72
2022-03;demonstrativoDAF (10).csv;FEB;FUNDEB-FNDO MANUT DES EDUC BASICA E VAL PROF;DETALHE;30.03.2022;ORIGEM IPI-EXP;343_26C;C;343.26
2022-03;demonstrativoDAF (10).csv;FEB;FUNDEB-FNDO MANUT DES EDUC BASICA E VAL PROF;DETALHE;30.03.2022;ORIGEM ICMS EST;58.782_19C;C;58782.19
2022-03;demonstrativoDAF (10).csv;FEB;FUNDEB-FNDO MANUT DES EDUC BASICA E VAL PROF;DETALHE;30.03.2022;ORIGEM FPE;11.373_79C;C;11373.79
2022-03;demonstrativoDAF (10).csv;FEB;FUNDEB-FNDO MANUT DES EDUC BASICA E VAL PROF;DETALHE;30.03.2022;ORIGEM FPM;27.991_30C;C;27991.3
2022-03;demonstrativoDAF (10).csv;FEB;FUNDEB-FNDO MANUT DES EDUC BASICA E VAL PROF;TOTAL_NA_DATA;30.03.2022;TOTAL NA DATA;119.947_30C;C;119947.3
2022-03;demonstrativoDAF (10).csv;FEP;FUNDO ESPECIAL DO PETROLEO;TOTAL_QUOTA_PARCELA;;COTA-PARTE;39.162_65C;C;39162.65
2022-03;demonstrativoDAF (10).csv;FEP;FUNDO ESPECIAL DO PETROLEO;TOTAL_QUOTA_PARCELA;;RETENCAO PASEP;391_62D;D;-391.62
2022-03;demonstrativoDAF (10).csv;FEP;FUNDO ESPECIAL DO PETROLEO;TOTAL_QUOTA_FUNDO;;DEBITO FUNDO;391_62D;D;-391.62
2022-03;demonstrativoDAF (10).csv;FEP;FUNDO ESPECIAL DO PETROLEO;TOTAL_QUOTA_FUNDO;;CREDITO FUNDO;39.162_65C;C;39162.65
2022-03;demonstrativoDAF (10).csv;FEP;FUNDO ESPECIAL DO PETROLEO;DETALHE;21.03.2022;COTA-PARTE;30.974_26C;C;30974.26
2022-03;demonstrativoDAF (10).csv;FEP;FUNDO ESPECIAL DO PETROLEO;DETALHE;21.03.2022;RETENCAO PASEP;309_74D;D;-309.74
2022-03;demonstrativoDAF (10).csv;FEP;FUNDO ESPECIAL DO PETROLEO;TOTAL_NA_DATA;21.03.2022;TOTAL NA DATA;30.664_52C;C;30664.52
2022-03;demonstrativoDAF (10).csv;FEP;FUNDO ESPECIAL DO PETROLEO;DETALHE;28.03.2022;COTA-PARTE;8.188_39C;C;8188.39
2022-03;demonstrativoDAF (10).csv;FEP;FUNDO ESPECIAL DO PETROLEO;DETALHE;28.03.2022;RETENCAO PASEP;81_88D;D;-81.88
2022-03;demonstrativoDAF (10).csv;FEP;FUNDO ESPECIAL DO PETROLEO;TOTAL_NA_DATA;28.03.2022;TOTAL NA DATA;8.106_51C;C;8106.51
2022-03;demonstrativoDAF (10).csv;FPM;FUNDO DE PARTICIPACAO DOS MUNICIPIOS;TOTAL_QUOTA_PARCELA;;PARCELA DE IPI;232.595_49C;C;232595.49
2022-03;demonstrativoDAF (10).csv;FPM;FUNDO DE PARTICIPACAO DOS MUNICIPIOS;TOTAL_QUOTA_PARCELA;;PARCELA DE IR;1.111.817_07C;C;1111817.07
2022-03;demonstrativoDAF (10).csv;FPM;FUNDO DE PARTICIPACAO DOS MUNICIPIOS;TOTAL_QUOTA_PARCELA;;RETENCAO PASEP;13.444_09D;D;-13444.09
2022-03;demonstrativoDAF (10).csv;FPM;FUNDO DE PARTICIPACAO DOS MUNICIPIOS;TOTAL_QUOTA_PARCELA;;RFB-PREV-OB COR;484.641_38D;D;-484641.38
2022-03;demonstrativoDAF (10).csv;FPM;FUNDO DE PARTICIPACAO DOS MUNICIPIOS;TOTAL_QUOTA_PARCELA;;RFB-PREV-OB DEV;93.196_27D;D;-93196.27
2022-03;demonstrativoDAF (10).csv;FPM;FUNDO DE PARTICIPACAO DOS MUNICIPIOS;TOTAL_QUOTA_PARCELA;;RFB-PREV-PARC60;100.520_45D;D;-100520.45
2022-03;demonstrativoDAF (10).csv;FPM;FUNDO DE PARTICIPACAO DOS MUNICIPIOS;TOTAL_QUOTA_PARCELA;;DEDUCAO SAUDE;201.661_85D;D;-201661.85
2022-03;demonstrativoDAF (10).csv;FPM;FUNDO DE PARTICIPACAO DOS MUNICIPIOS;TOTAL_QUOTA_PARCELA;;DEDUCAO FUNDEB;268.882_48D;D;-268882.48
2022-03;demonstrativoDAF (10).csv;FPM;FUNDO DE PARTICIPACAO DOS MUNICIPIOS;TOTAL_QUOTA_FUNDO;;DEBITO FUNDO;1.162.346_52D;D;-1162346.52
2022-03;demonstrativoDAF (10).csv;FPM;FUNDO DE PARTICIPACAO DOS MUNICIPIOS;TOTAL_QUOTA_FUNDO;;CREDITO FUNDO;1.344.412_56C;C;1344412.56
2022-03;demonstrativoDAF (10).csv;FPM;FUNDO DE PARTICIPACAO DOS MUNICIPIOS;DETALHE;10.03.2022;PARCELA DE IPI;120.655_42C;C;120655.42
2022-03;demonstrativoDAF (10).csv;FPM;FUNDO DE PARTICIPACAO DOS MUNICIPIOS;DETALHE;10.03.2022;PARCELA DE IR;613.011_91C;C;613011.91
2022-03;demonstrativoDAF (10).csv;FPM;FUNDO DE PARTICIPACAO DOS MUNICIPIOS;DETALHE;10.03.2022;RETENCAO PASEP;7.336_66D;D;-7336.66
2022-03;demonstrativoDAF (10).csv;FPM;FUNDO DE PARTICIPACAO DOS MUNICIPIOS;DETALHE;10.03.2022;RFB-PREV-OB COR;438.475_07D;D;-438475.07
2022-03;demonstrativoDAF (10).csv;FPM;FUNDO DE PARTICIPACAO DOS MUNICIPIOS;DETALHE;10.03.2022;RFB-PREV-OB DEV;31.072_05D;D;-31072.05
2022-03;demonstrativoDAF (10).csv;FPM;FUNDO DE PARTICIPACAO DOS MUNICIPIOS;DETALHE;10.03.2022;DEDUCAO SAUDE;110.050_09D;D;-110050.09
2022-03;demonstrativoDAF (10).csv;FPM;FUNDO DE PARTICIPACAO DOS MUNICIPIOS;DETALHE;10.03.2022;DEDUCAO FUNDEB;146.733_46D;D;-146733.46
2022-03;demonstrativoDAF (10).csv;FPM;FUNDO DE PARTICIPACAO DOS MUNICIPIOS;TOTAL_NA_DATA;10.03.2022;TOTAL NA DATA;0_00C;C;0.0
2022-03;demonstrativoDAF (10).csv;FPM;FUNDO DE PARTICIPACAO DOS MUNICIPIOS;DETALHE;18.03.2022;PARCELA DE IPI;100.525_93C;C;100525.93
2022-03;demonstrativoDAF (10).csv;FPM;FUNDO DE PARTICIPACAO DOS MUNICIPIOS;DETALHE;18.03.2022;PARCELA DE IR;37.621_59C;C;37621.59
2022-03;demonstrativoDAF (10).csv;FPM;FUNDO DE PARTICIPACAO DOS MUNICIPIOS;DETALHE;18.03.2022;RETENCAO PASEP;1.381_46D;D;-1381.46
2022-03;demonstrativoDAF (10).csv;FPM;FUNDO DE PARTICIPACAO DOS MUNICIPIOS;DETALHE;18.03.2022;RFB-PREV-OB COR;46.166_31D;D;-46166.31
2022-03;demonstrativoDAF (10).csv;FPM;FUNDO DE PARTICIPACAO DOS MUNICIPIOS;DETALHE;18.03.2022;RFB-PREV-OB DEV;42.248_15D;D;-42248.15
2022-03;demonstrativoDAF (10).csv;FPM;FUNDO DE PARTICIPACAO DOS MUNICIPIOS;DETALHE;18.03.2022;DEDUCAO SAUDE;20.722_11D;D;-20722.11
2022-03;demonstrativoDAF (10).csv;FPM;FUNDO DE PARTICIPACAO DOS MUNICIPIOS;DETALHE;18.03.2022;DEDUCAO FUNDEB;27.629_49D;D;-27629.49
2022-03;demonstrativoDAF (10).csv;FPM;FUNDO DE PARTICIPACAO DOS MUNICIPIOS;TOTAL_NA_DATA;18.03.2022;TOTAL NA DATA;0_00C;C;0.0
2022-03;demonstrativoDAF (10).csv;FPM;FUNDO DE PARTICIPACAO DOS MUNICIPIOS;DETALHE;30.03.2022;PARCELA DE IPI;11.414_14C;C;11414.14
2022-03;demonstrativoDAF (10).csv;FPM;FUNDO DE PARTICIPACAO DOS MUNICIPIOS;DETALHE;30.03.2022;PARCELA DE IR;461.183_57C;C;461183.57
2022-03;demonstrativoDAF (10).csv;FPM;FUNDO DE PARTICIPACAO DOS MUNICIPIOS;DETALHE;30.03.2022;RETENCAO PASEP;4.725_97D;D;-4725.97
2022-03;demonstrativoDAF (10).csv;FPM;FUNDO DE PARTICIPACAO DOS MUNICIPIOS;DETALHE;30.03.2022;RFB-PREV-OB DEV;19.876_07D;D;-19876.07
2022-03;demonstrativoDAF (10).csv;FPM;FUNDO DE PARTICIPACAO DOS MUNICIPIOS;DETALHE;30.03.2022;RFB-PREV-PARC60;100.520_45D;D;-100520.45
2022-03;demonstrativoDAF (10).csv;FPM;FUNDO DE PARTICIPACAO DOS MUNICIPIOS;DETALHE;30.03.2022;DEDUCAO SAUDE;70.889_65D;D;-70889.65
2022-03;demonstrativoDAF (10).csv;FPM;FUNDO DE PARTICIPACAO DOS MUNICIPIOS;DETALHE;30.03.2022;DEDUCAO FUNDEB;94.519_53D;D;-94519.53
2022-03;demonstrativoDAF (10).csv;FPM;FUNDO DE PARTICIPACAO DOS MUNICIPIOS;TOTAL_NA_DATA;30.03.2022;TOTAL NA DATA;182.066_04C;C;182066.04
2022-03;demonstrativoDAF (10).csv;FUS;FUNDO SAUDE;TOTAL_QUOTA_PARCELA;;ORIGEM FPM;201.661_85C;C;201661.85
2022-03;demonstrativoDAF (10).csv;FUS;FUNDO SAUDE;TOTAL_QUOTA_PARCELA;;REF.ICMS ESTADO;112.046_62C;C;112046.62
2022-03;demonstrativoDAF (10).csv;FUS;FUNDO SAUDE;TOTAL_QUOTA_PARCELA;;ORIGEM ITR;609_49C;C;609.49
2022-03;demonstrativoDAF (10).csv;FUS;FUNDO SAUDE;TOTAL_QUOTA_PARCELA;;ORIGEM IPM;1.338_85C;C;1338.85
2022-03;demonstrativoDAF (10).csv;FUS;FUNDO SAUDE;TOTAL_QUOTA_FUNDO;;DEBITO FUNDO;0_00D;D;-0.0
2022-03;demonstrativoDAF (10).csv;FUS;FUNDO SAUDE;TOTAL_QUOTA_FUNDO;;CREDITO FUNDO;315.656_81C;C;315656.81
2022-03;demonstrativoDAF (10).csv;FUS;FUNDO SAUDE;DETALHE;03.03.2022;REF.ICMS ESTADO;20.315_38C;C;20315.38
2022-03;demonstrativoDAF (10).csv;FUS;FUNDO SAUDE;TOTAL_NA_DATA;03.03.2022;TOTAL NA DATA;20.315_38C;C;20315.38
2022-03;demonstrativoDAF (10).csv;FUS;FUNDO SAUDE;DETALHE;08.03.2022;REF.ICMS ESTADO;6.335_92C;C;6335.92
2022-03;demonstrativoDAF (10).csv;FUS;FUNDO SAUDE;TOTAL_NA_DATA;08.03.2022;TOTAL NA DATA;6.335_92C;C;6335.92
2022-03;demonstrativoDAF (10).csv;FUS;FUNDO SAUDE;DETALHE;10.03.2022;ORIGEM FPM;110.050_09C;C;110050.09
2022-03;demonstrativoDAF (10).csv;FUS;FUNDO SAUDE;DETALHE;10.03.2022;ORIGEM ITR;609_49C;C;609.49
2022-03;demonstrativoDAF (10).csv;FUS;FUNDO SAUDE;DETALHE;10.03.2022;ORIGEM IPM;951_97C;C;951.97
2022-03;demonstrativoDAF (10).csv;FUS;FUNDO SAUDE;TOTAL_NA_DATA;10.03.2022;TOTAL NA DATA;111.611_55C;C;111611.55
2022-03;demonstrativoDAF (10).csv;FUS;FUNDO SAUDE;DETALHE;15.03.2022;REF.ICMS ESTADO;26.794_84C;C;26794.84
2022-03;demonstrativoDAF (10).csv;FUS;FUNDO SAUDE;TOTAL_NA_DATA;15.03.2022;TOTAL NA DATA;26.794_84C;C;26794.84
2022-03;demonstrativoDAF (10).csv;FUS;FUNDO SAUDE;DETALHE;18.03.2022;ORIGEM FPM;20.722_11C;C;20722.11
2022-03;demonstrativoDAF (10).csv;FUS;FUNDO SAUDE;DETALHE;18.03.2022;ORIGEM IPM;296_83C;C;296.83
2022-03;demonstrativoDAF (10).csv;FUS;FUNDO SAUDE;TOTAL_NA_DATA;18.03.2022;TOTAL NA DATA;21.018_94C;C;21018.94
2022-03;demonstrativoDAF (10).csv;FUS;FUNDO SAUDE;DETALHE;22.03.2022;REF.ICMS ESTADO;38.104_29C;C;38104.29
2022-03;demonstrativoDAF (10).csv;FUS;FUNDO SAUDE;TOTAL_NA_DATA;22.03.2022;TOTAL NA DATA;38.104_29C;C;38104.29
2022-03;demonstrativoDAF (10).csv;FUS;FUNDO SAUDE;DETALHE;29.03.2022;REF.ICMS ESTADO;20.496_19C;C;20496.19
2022-03;demonstrativoDAF (10).csv;FUS;FUNDO SAUDE;TOTAL_NA_DATA;29.03.2022;TOTAL NA DATA;20.496_19C;C;20496.19
2022-03;demonstrativoDAF (10).csv;FUS;FUNDO SAUDE;DETALHE;30.03.2022;ORIGEM FPM;70.889_65C;C;70889.65
2022-03;demonstrativoDAF (10).csv;FUS;FUNDO SAUDE;DETALHE;30.03.2022;ORIGEM IPM;90_05C;C;90.05
2022-03;demonstrativoDAF (10).csv;FUS;FUNDO SAUDE;TOTAL_NA_DATA;30.03.2022;TOTAL NA DATA;70.979_70C;C;70979.7
2022-03;demonstrativoDAF (10).csv;ICS;ICMS ESTADUAL;TOTAL_QUOTA_PARCELA;;COTA-PARTE;746.977_56C;C;746977.56
2022-03;demonstrativoDAF (10).csv;ICS;ICMS ESTADUAL;TOTAL_QUOTA_PARCELA;;DEDUCAO SAUDE;112.046_62D;D;-112046.62
2022-03;demonstrativoDAF (10).csv;ICS;ICMS ESTADUAL;TOTAL_QUOTA_PARCELA;;DEDUCAO FUNDEB;149.395_50D;D;-149395.5
2022-03;demonstrativoDAF (10).csv;ICS;ICMS ESTADUAL;TOTAL_QUOTA_FUNDO;;DEBITO FUNDO;261.442_12D;D;-261442.12
2022-03;demonstrativoDAF (10).csv;ICS;ICMS ESTADUAL;TOTAL_QUOTA_FUNDO;;CREDITO FUNDO;746.977_56C;C;746977.56
2022-03;demonstrativoDAF (10).csv;ICS;ICMS ESTADUAL;DETALHE;03.03.2022;COTA-PARTE;135.435_90C;C;135435.9
2022-03;demonstrativoDAF (10).csv;ICS;ICMS ESTADUAL;DETALHE;03.03.2022;DEDUCAO SAUDE;20.315_38D;D;-20315.38
2022-03;demonstrativoDAF (10).csv;ICS;ICMS ESTADUAL;DETALHE;03.03.2022;DEDUCAO FUNDEB;27.087_18D;D;-27087.18
2022-03;demonstrativoDAF (10).csv;ICS;ICMS ESTADUAL;TOTAL_NA_DATA;03.03.2022;TOTAL NA DATA;88.033_34C;C;88033.34
2022-03;demonstrativoDAF (10).csv;ICS;ICMS ESTADUAL;DETALHE;08.03.2022;COTA-PARTE;42.239_47C;C;42239.47
2022-03;demonstrativoDAF (10).csv;ICS;ICMS ESTADUAL;DETALHE;08.03.2022;DEDUCAO SAUDE;6.335_92D;D;-6335.92
2022-03;demonstrativoDAF (10).csv;ICS;ICMS ESTADUAL;DETALHE;08.03.2022;DEDUCAO FUNDEB;8.447_89D;D;-8447.89
2022-03;demonstrativoDAF (10).csv;ICS;ICMS ESTADUAL;TOTAL_NA_DATA;08.03.2022;TOTAL NA DATA;27.455_66C;C;27455.66
2022-03;demonstrativoDAF (10).csv;ICS;ICMS ESTADUAL;DETALHE;15.03.2022;COTA-PARTE;178.632_31C;C;178632.31
2022-03;demonstrativoDAF (10).csv;ICS;ICMS ESTADUAL;DETALHE;15.03.2022;DEDUCAO SAUDE;26.794_84D;D;-26794.84
2022-03;demonstrativoDAF (10).csv;ICS;ICMS ESTADUAL;DETALHE;15.03.2022;DEDUCAO FUNDEB;35.726_46D;D;-35726.46
2022-03;demonstrativoDAF (10).csv;ICS;ICMS ESTADUAL;TOTAL_NA_DATA;15.03.2022;TOTAL NA DATA;116.111_01C;C;116111.01
2022-03;demonstrativoDAF (10).csv;ICS;ICMS ESTADUAL;DETALHE;22.03.2022;COTA-PARTE;254.028_60C;C;254028.6
2022-03;demonstrativoDAF (10).csv;ICS;ICMS ESTADUAL;DETALHE;22.03.2022;DEDUCAO SAUDE;38.104_29D;D;-38104.29
2022-03;demonstrativoDAF (10).csv;ICS;ICMS ESTADUAL;DETALHE;22.03.2022;DEDUCAO FUNDEB;50.805_72D;D;-50805.72
2022-03;demonstrativoDAF (10).csv;ICS;ICMS ESTADUAL;TOTAL_NA_DATA;22.03.2022;TOTAL NA DATA;165.118_59C;C;165118.59
2022-03;demonstrativoDAF (10).csv;ICS;ICMS ESTADUAL;DETALHE;29.03.2022;COTA-PARTE;136.641_28C;C;136641.28
2022-03;demonstrativoDAF (10).csv;ICS;ICMS ESTADUAL;DETALHE;29.03.2022;DEDUCAO SAUDE;20.496_19D;D;-20496.19
2022-03;demonstrativoDAF (10).csv;ICS;ICMS ESTADUAL;DETALHE;29.03.2022;DEDUCAO FUNDEB;27.328_25D;D;-27328.25
2022-03;demonstrativoDAF (10).csv;ICS;ICMS ESTADUAL;TOTAL_NA_DATA;29.03.2022;TOTAL NA DATA;88.816_84C;C;88816.84
2022-03;demonstrativoDAF (10).csv;IPM;IPI EXPORTACAO - COTA MUNICIPIO;TOTAL_QUOTA_PARCELA;;DEDUCAO SAUDE;1.338_85D;D;-1338.85
2022-03;demonstrativoDAF (10).csv;IPM;IPI EXPORTACAO - COTA MUNICIPIO;TOTAL_QUOTA_PARCELA;;IPM IPI-MUNIC;7.140_67C;C;7140.67
2022-03;demonstrativoDAF (10).csv;IPM;IPI EXPORTACAO - COTA MUNICIPIO;TOTAL_QUOTA_FUNDO;;DEBITO FUNDO;1.338_85D;D;-1338.85
2022-03;demonstrativoDAF (10).csv;IPM;IPI EXPORTACAO - COTA MUNICIPIO;TOTAL_QUOTA_FUNDO;;CREDITO FUNDO;7.140_67C;C;7140.67
2022-03;demonstrativoDAF (10).csv;IPM;IPI EXPORTACAO - COTA MUNICIPIO;DETALHE;10.03.2022;DEDUCAO SAUDE;951_97D;D;-951.97
2022-03;demonstrativoDAF (10).csv;IPM;IPI EXPORTACAO - COTA MUNICIPIO;DETALHE;10.03.2022;IPM IPI-MUNIC;5.077_23C;C;5077.23
2022-03;demonstrativoDAF (10).csv;IPM;IPI EXPORTACAO - COTA MUNICIPIO;TOTAL_NA_DATA;10.03.2022;TOTAL NA DATA;4.125_26C;C;4125.26
2022-03;demonstrativoDAF (10).csv;IPM;IPI EXPORTACAO - COTA MUNICIPIO;DETALHE;18.03.2022;DEDUCAO SAUDE;296_83D;D;-296.83
2022-03;demonstrativoDAF (10).csv;IPM;IPI EXPORTACAO - COTA MUNICIPIO;DETALHE;18.03.2022;IPM IPI-MUNIC;1.583_13C;C;1583.13
2022-03;demonstrativoDAF (10).csv;IPM;IPI EXPORTACAO - COTA MUNICIPIO;TOTAL_NA_DATA;18.03.2022;TOTAL NA DATA;1.286_30C;C;1286.3
2022-03;demonstrativoDAF (10).csv;IPM;IPI EXPORTACAO - COTA MUNICIPIO;DETALHE;30.03.2022;DEDUCAO SAUDE;90_05D;D;-90.05
2022-03;demonstrativoDAF (10).csv;IPM;IPI EXPORTACAO - COTA MUNICIPIO;DETALHE;30.03.2022;IPM IPI-MUNIC;480_31C;C;480.31
2022-03;demonstrativoDAF (10).csv;IPM;IPI EXPORTACAO - COTA MUNICIPIO;TOTAL_NA_DATA;30.03.2022;TOTAL NA DATA;390_26C;C;390.26
2022-03;demonstrativoDAF (10).csv;ITA;ROYALTIES DE ITAIPU;TOTAL_QUOTA_PARCELA;;RETENCAO PASEP;3_67D;D;-3.67
2022-03;demonstrativoDAF (10).csv;ITA;ROYALTIES DE ITAIPU;TOTAL_QUOTA_PARCELA;;ITA-ROYT.ITAIPU;367_68C;C;367.68
2022-03;demonstrativoDAF (10).csv;ITA;ROYALTIES DE ITAIPU;TOTAL_QUOTA_FUNDO;;DEBITO FUNDO;3_67D;D;-3.67
2022-03;demonstrativoDAF (10).csv;ITA;ROYALTIES DE ITAIPU;TOTAL_QUOTA_FUNDO;;CREDITO FUNDO;367_68C;C;367.68
2022-03;demonstrativoDAF (10).csv;ITA;ROYALTIES DE ITAIPU;DETALHE;17.03.2022;RETENCAO PASEP;3_67D;D;-3.67
2022-03;demonstrativoDAF (10).csv;ITA;ROYALTIES DE ITAIPU;DETALHE;17.03.2022;ITA-ROYT.ITAIPU;367_68C;C;367.68
2022-03;demonstrativoDAF (10).csv;ITA;ROYALTIES DE ITAIPU;TOTAL_NA_DATA;17.03.2022;TOTAL NA DATA;364_01C;C;364.01
2022-03;demonstrativoDAF (10).csv;ITR;IMPOSTO TERRITORIAL RURAL;TOTAL_QUOTA_PARCELA;;RETENCAO PASEP;32_50D;D;-32.5
2022-03;demonstrativoDAF (10).csv;ITR;IMPOSTO TERRITORIAL RURAL;TOTAL_QUOTA_PARCELA;;DEDUCAO SAUDE;609_49D;D;-609.49
2022-03;demonstrativoDAF (10).csv;ITR;IMPOSTO TERRITORIAL RURAL;TOTAL_QUOTA_PARCELA;;DEDUCAO FUNDEB;812_65D;D;-812.65
2022-03;demonstrativoDAF (10).csv;ITR;IMPOSTO TERRITORIAL RURAL;TOTAL_QUOTA_PARCELA;;ITR-CONVENIO;4.063_28C;C;4063.28
2022-03;demonstrativoDAF (10).csv;ITR;IMPOSTO TERRITORIAL RURAL;TOTAL_QUOTA_FUNDO;;DEBITO FUNDO;1.454_64D;D;-1454.64
2022-03;demonstrativoDAF (10).csv;ITR;IMPOSTO TERRITORIAL RURAL;TOTAL_QUOTA_FUNDO;;CREDITO FUNDO;4.063_28C;C;4063.28
2022-03;demonstrativoDAF (10).csv;ITR;IMPOSTO TERRITORIAL RURAL;DETALHE;10.03.2022;RETENCAO PASEP;32_50D;D;-32.5
2022-03;demonstrativoDAF (10).csv;ITR;IMPOSTO TERRITORIAL RURAL;DETALHE;10.03.2022;DEDUCAO SAUDE;609_49D;D;-609.49
2022-03;demonstrativoDAF (10).csv;ITR;IMPOSTO TERRITORIAL RURAL;DETALHE;10.03.2022;DEDUCAO FUNDEB;812_65D;D;-812.65
2022-03;demonstrativoDAF (10).csv;ITR;IMPOSTO TERRITORIAL RURAL;DETALHE;10.03.2022;ITR-CONVENIO;4.063_28C;C;4063.28
2022-03;demonstrativoDAF (10).csv;ITR;IMPOSTO TERRITORIAL RURAL;TOTAL_NA_DATA;10.03.2022;TOTAL NA DATA;2.608_64C;C;2608.64
2022-03;demonstrativoDAF (10).csv;RPM;ROYALTIES PETROLEO COTA MUNICIPAL;DETALHE;18.03.2022;ANP LEI 7990/89;97_22C;C;97.22
2022-03;demonstrativoDAF (10).csv;SNA;SIMPLES NACIONAL;TOTAL_QUOTA_PARCELA;;SIMPLES NACION.;25.338_67C;C;25338.67
2022-03;demonstrativoDAF (10).csv;SNA;SIMPLES NACIONAL;TOTAL_QUOTA_FUNDO;;DEBITO FUNDO;0_00D;D;-0.0
2022-03;demonstrativoDAF (10).csv;SNA;SIMPLES NACIONAL;TOTAL_QUOTA_FUNDO;;CREDITO FUNDO;25.338_67C;C;25338.67
2022-03;demonstrativoDAF (10).csv;SNA;SIMPLES NACIONAL;DETALHE;02.03.2022;SIMPLES NACION.;15_15C;C;15.15
2022-03;demonstrativoDAF (10).csv;SNA;SIMPLES NACIONAL;TOTAL_NA_DATA;02.03.2022;TOTAL NA DATA;15_15C;C;15.15
2022-03;demonstrativoDAF (10).csv;SNA;SIMPLES NACIONAL;DETALHE;03.03.2022;SIMPLES NACION.;687_09C;C;687.09
2022-03;demonstrativoDAF (10).csv;SNA;SIMPLES NACIONAL;TOTAL_NA_DATA;03.03.2022;TOTAL NA DATA;687_09C;C;687.09
2022-03;demonstrativoDAF (10).csv;SNA;SIMPLES NACIONAL;DETALHE;04.03.2022;SIMPLES NACION.;56_73C;C;56.73
2022-03;demonstrativoDAF (10).csv;SNA;SIMPLES NACIONAL;TOTAL_NA_DATA;04.03.2022;TOTAL NA DATA;56_73C;C;56.73
2022-03;demonstrativoDAF (10).csv;SNA;SIMPLES NACIONAL;DETALHE;07.03.2022;SIMPLES NACION.;34_81C;C;34.81
2022-03;demonstrativoDAF (10).csv;SNA;SIMPLES NACIONAL;TOTAL_NA_DATA;07.03.2022;TOTAL NA DATA;34_81C;C;34.81
2022-03;demonstrativoDAF (10).csv;SNA;SIMPLES NACIONAL;DETALHE;08.03.2022;SIMPLES NACION.;85_75C;C;85.75
2022-03;demonstrativoDAF (10).csv;SNA;SIMPLES NACIONAL;TOTAL_NA_DATA;08.03.2022;TOTAL NA DATA;85_75C;C;85.75
2022-03;demonstrativoDAF (10).csv;SNA;SIMPLES NACIONAL;DETALHE;09.03.2022;SIMPLES NACION.;53_10C;C;53.1
2022-03;demonstrativoDAF (10).csv;SNA;SIMPLES NACIONAL;TOTAL_NA_DATA;09.03.2022;TOTAL NA DATA;53_10C;C;53.1
2022-03;demonstrativoDAF (10).csv;SNA;SIMPLES NACIONAL;DETALHE;10.03.2022;SIMPLES NACION.;47_92C;C;47.92
2022-03;demonstrativoDAF (10).csv;SNA;SIMPLES NACIONAL;TOTAL_NA_DATA;10.03.2022;TOTAL NA DATA;47_92C;C;47.92
2022-03;demonstrativoDAF (10).csv;SNA;SIMPLES NACIONAL;DETALHE;11.03.2022;SIMPLES NACION.;537_16C;C;537.16
2022-03;demonstrativoDAF (10).csv;SNA;SIMPLES NACIONAL;TOTAL_NA_DATA;11.03.2022;TOTAL NA DATA;537_16C;C;537.16
2022-03;demonstrativoDAF (10).csv;SNA;SIMPLES NACIONAL;DETALHE;14.03.2022;SIMPLES NACION.;730_84C;C;730.84
2022-03;demonstrativoDAF (10).csv;SNA;SIMPLES NACIONAL;TOTAL_NA_DATA;14.03.2022;TOTAL NA DATA;730_84C;C;730.84
2022-03;demonstrativoDAF (10).csv;SNA;SIMPLES NACIONAL;DETALHE;15.03.2022;SIMPLES NACION.;16_05C;C;16.05
2022-03;demonstrativoDAF (10).csv;SNA;SIMPLES NACIONAL;TOTAL_NA_DATA;15.03.2022;TOTAL NA DATA;16_05C;C;16.05
2022-03;demonstrativoDAF (10).csv;SNA;SIMPLES NACIONAL;DETALHE;16.03.2022;SIMPLES NACION.;15_96C;C;15.96
2022-03;demonstrativoDAF (10).csv;SNA;SIMPLES NACIONAL;TOTAL_NA_DATA;16.03.2022;TOTAL NA DATA;15_96C;C;15.96
2022-03;demonstrativoDAF (10).csv;SNA;SIMPLES NACIONAL;DETALHE;17.03.2022;SIMPLES NACION.;157_91C;C;157.91
2022-03;demonstrativoDAF (10).csv;SNA;SIMPLES NACIONAL;TOTAL_NA_DATA;17.03.2022;TOTAL NA DATA;157_91C;C;157.91
2022-03;demonstrativoDAF (10).csv;SNA;SIMPLES NACIONAL;DETALHE;18.03.2022;SIMPLES NACION.;8.902_31C;C;8902.31
2022-03;demonstrativoDAF (10).csv;SNA;SIMPLES NACIONAL;TOTAL_NA_DATA;18.03.2022;TOTAL NA DATA;8.902_31C;C;8902.31
2022-03;demonstrativoDAF (10).csv;SNA;SIMPLES NACIONAL;DETALHE;21.03.2022;SIMPLES NACION.;172_01C;C;172.01
2022-03;demonstrativoDAF (10).csv;SNA;SIMPLES NACIONAL;TOTAL_NA_DATA;21.03.2022;TOTAL NA DATA;172_01C;C;172.01
2022-03;demonstrativoDAF (10).csv;SNA;SIMPLES NACIONAL;DETALHE;22.03.2022;SIMPLES NACION.;916_56C;C;916.56
2022-03;demonstrativoDAF (10).csv;SNA;SIMPLES NACIONAL;TOTAL_NA_DATA;22.03.2022;TOTAL NA DATA;916_56C;C;916.56
2022-03;demonstrativoDAF (10).csv;SNA;SIMPLES NACIONAL;DETALHE;23.03.2022;SIMPLES NACION.;11.982_94C;C;11982.94
2022-03;demonstrativoDAF (10).csv;SNA;SIMPLES NACIONAL;TOTAL_NA_DATA;23.03.2022;TOTAL NA DATA;11.982_94C;C;11982.94
2022-03;demonstrativoDAF (10).csv;SNA;SIMPLES NACIONAL;DETALHE;24.03.2022;SIMPLES NACION.;55_23C;C;55.23
2022-03;demonstrativoDAF (10).csv;SNA;SIMPLES NACIONAL;TOTAL_NA_DATA;24.03.2022;TOTAL NA DATA;55_23C;C;55.23
2022-03;demonstrativoDAF (10).csv;SNA;SIMPLES NACIONAL;DETALHE;25.03.2022;SIMPLES NACION.;119_41C;C;119.41
2022-03;demonstrativoDAF (10).csv;SNA;SIMPLES NACIONAL;TOTAL_NA_DATA;25.03.2022;TOTAL NA DATA;119_41C;C;119.41
2022-03;demonstrativoDAF (10).csv;SNA;SIMPLES NACIONAL;DETALHE;28.03.2022;SIMPLES NACION.;597_93C;C;597.93
2022-03;demonstrativoDAF (10).csv;SNA;SIMPLES NACIONAL;TOTAL_NA_DATA;28.03.2022;TOTAL NA DATA;597_93C;C;597.93
2022-03;demonstrativoDAF (10).csv;SNA;SIMPLES NACIONAL;DETALHE;29.03.2022;SIMPLES NACION.;67_03C;C;67.03
2022-03;demonstrativoDAF (10).csv;SNA;SIMPLES NACIONAL;TOTAL_NA_DATA;29.03.2022;TOTAL NA DATA;67_03C;C;67.03
2022-03;demonstrativoDAF (10).csv;SNA;SIMPLES NACIONAL;DETALHE;30.03.2022;SIMPLES NACION.;31_15C;C;31.15
2022-03;demonstrativoDAF (10).csv;SNA;SIMPLES NACIONAL;TOTAL_NA_DATA;30.03.2022;TOTAL NA DATA;31_15C;C;31.15
2022-03;demonstrativoDAF (10).csv;SNA;SIMPLES NACIONAL;DETALHE;31.03.2022;SIMPLES NACION.;55_63C;C;55.63
2022-03;demonstrativoDAF (10).csv;SNA;SIMPLES NACIONAL;TOTAL_NA_DATA;31.03.2022;TOTAL NA DATA;55_63C;C;55.63
2022-04;demonstrativoDAF (11).csv;;;TOTAL_PERIODO;;DEBITO BENEF.;1.349.972_50D;D;-1349972.5
2022-04;demonstrativoDAF (11).csv;;;TOTAL_PERIODO;;CREDITO BENEF.;3.231.073_01C;C;3231073.01
2022-04;demonstrativoDAF (11).csv;ADO;LC 176/2020 (ADO25);TOTAL_QUOTA_PARCELA;;RETENCAO PASEP;44_69D;D;-44.69
2022-04;demonstrativoDAF (11).csv;ADO;LC 176/2020 (ADO25);TOTAL_QUOTA_PARCELA;;LC 176/2020;4.469_49C;C;4469.49
2022-04;demonstrativoDAF (11).csv;ADO;LC 176/2020 (ADO25);TOTAL_QUOTA_FUNDO;;DEBITO FUNDO;44_69D;D;-44.69
2022-04;demonstrativoDAF (11).csv;ADO;LC 176/2020 (ADO25);TOTAL_QUOTA_FUNDO;;CREDITO FUNDO;4.469_49C;C;4469.49
2022-04;demonstrativoDAF (11).csv;ADO;LC 176/2020 (ADO25);DETALHE;29.04.2022;RETENCAO PASEP;44_69D;D;-44.69
2022-04;demonstrativoDAF (11).csv;ADO;LC 176/2020 (ADO25);DETALHE;29.04.2022;LC 176/2020;4.469_49C;C;4469.49
2022-04;demonstrativoDAF (11).csv;ADO;LC 176/2020 (ADO25);TOTAL_NA_DATA;29.04.2022;TOTAL NA DATA;4.424_80C;C;4424.8
2022-04;demonstrativoDAF (11).csv;CFH;COMPENSACAO FINANCEIRA RECURSOS HIDRICOS;TOTAL_QUOTA_PARCELA;;RETENCAO PASEP;216_69D;D;-216.69
2022-04;demonstrativoDAF (11).csv;CFH;COMPENSACAO FINANCEIRA RECURSOS HIDRICOS;TOTAL_QUOTA_PARCELA;;CFH-REC.HIDRICO;21.669_84C;C;21669.84
2022-04;demonstrativoDAF (11).csv;CFH;COMPENSACAO FINANCEIRA RECURSOS HIDRICOS;TOTAL_QUOTA_FUNDO;;DEBITO FUNDO;216_69D;D;-216.69
2022-04;demonstrativoDAF (11).csv;CFH;COMPENSACAO FINANCEIRA RECURSOS HIDRICOS;TOTAL_QUOTA_FUNDO;;CREDITO FUNDO;21.669_84C;C;21669.84
2022-04;demonstrativoDAF (11).csv;CFH;COMPENSACAO FINANCEIRA RECURSOS HIDRICOS;DETALHE;06.04.2022;RETENCAO PASEP;118_71D;D;-118.71
2022-04;demonstrativoDAF (11).csv;CFH;COMPENSACAO FINANCEIRA RECURSOS HIDRICOS;DETALHE;06.04.2022;CFH-REC.HIDRICO;11.871_00C;C;11871.0
2022-04;demonstrativoDAF (11).csv;CFH;COMPENSACAO FINANCEIRA RECURSOS HIDRICOS;TOTAL_NA_DATA;06.04.2022;TOTAL NA DATA;11.752_29C;C;11752.29
2022-04;demonstrativoDAF (11).csv;CFH;COMPENSACAO FINANCEIRA RECURSOS HIDRICOS;DETALHE;28.04.2022;RETENCAO PASEP;97_98D;D;-97.98
2022-04;demonstrativoDAF (11).csv;CFH;COMPENSACAO FINANCEIRA RECURSOS HIDRICOS;DETALHE;28.04.2022;CFH-REC.HIDRICO;9.798_84C;C;9798.84
2022-04;demonstrativoDAF (11).csv;CFH;COMPENSACAO FINANCEIRA RECURSOS HIDRICOS;TOTAL_NA_DATA;28.04.2022;TOTAL NA DATA;9.700_86C;C;9700.86
2022-04;demonstrativoDAF (11).csv;CID;CIDE-CONTRIB. INTERVENCAO DOMINIO ECONOMICO;TOTAL_QUOTA_PARCELA;;PASEP MUNICIPIO;49_70D;D;-49.7
2022-04;demonstrativoDAF (11).csv;CID;CIDE-CONTRIB. INTERVENCAO DOMINIO ECONOMICO;TOTAL_QUOTA_PARCELA;;COTA-MUNICIPIO;4.970_58C;C;4970.58
2022-04;demonstrativoDAF (11).csv;CID;CIDE-CONTRIB. INTERVENCAO DOMINIO ECONOMICO;TOTAL_QUOTA_FUNDO;;DEBITO FUNDO;49_70D;D;-49.7
2022-04;demonstrativoDAF (11).csv;CID;CIDE-CONTRIB. INTERVENCAO DOMINIO ECONOMICO;TOTAL_QUOTA_FUNDO;;CREDITO FUNDO;4.970_58C;C;4970.58
2022-04;demonstrativoDAF (11).csv;CID;CIDE-CONTRIB. INTERVENCAO DOMINIO ECONOMICO;DETALHE;08.04.2022;PASEP MUNICIPIO;49_70D;D;-49.7
2022-04;demonstrativoDAF (11).csv;CID;CIDE-CONTRIB. INTERVENCAO DOMINIO ECONOMICO;DETALHE;08.04.2022;COTA-MUNICIPIO;4.970_58C;C;4970.58
2022-04;demonstrativoDAF (11).csv;CID;CIDE-CONTRIB. INTERVENCAO DOMINIO ECONOMICO;TOTAL_NA_DATA;08.04.2022;TOTAL NA DATA;4.920_88C;C;4920.88
2022-04;demonstrativoDAF (11).csv;FEB;FUNDEB-FNDO MANUT DES EDUC BASICA E VAL PROF;TOTAL_QUOTA_PARCELA;;ORIGEM ITR;438_04C;C;438.04
2022-04;demonstrativoDAF (11).csv;FEB;FUNDEB-FNDO MANUT DES EDUC BASICA E VAL PROF;TOTAL_QUOTA_PARCELA;;ORIGEM IPVA;56.943_34C;C;56943.34
2022-04;demonstrativoDAF (11).csv;FEB;FUNDEB-FNDO MANUT DES EDUC BASICA E VAL PROF;TOTAL_QUOTA_PARCELA;;ORIGEM ITCMD;6.884_77C;C;6884.77
2022-04;demonstrativoDAF (11).csv;FEB;FUNDEB-FNDO MANUT DES EDUC BASICA E VAL PROF;TOTAL_QUOTA_PARCELA;;ORIGEM IPI-EXP;5.190_01C;C;5190.01
2022-04;demonstrativoDAF (11).csv;FEB;FUNDEB-FNDO MANUT DES EDUC BASICA E VAL PROF;TOTAL_QUOTA_PARCELA;;ORIGEM ICMS EST;298.307_96C;C;298307.96
2022-04;demonstrativoDAF (11).csv;FEB;FUNDEB-FNDO MANUT DES EDUC BASICA E VAL PROF;TOTAL_QUOTA_PARCELA;;ORIGEM ICMS-EST;86.992_99C;C;86992.99
2022-04;demonstrativoDAF (11).csv;FEB;FUNDEB-FNDO MANUT DES EDUC BASICA E VAL PROF;TOTAL_QUOTA_PARCELA;;ORIGEM FPE;38.420_49C;C;38420.49
2022-04;demonstrativoDAF (11).csv;FEB;FUNDEB-FNDO MANUT DES EDUC BASICA E VAL PROF;TOTAL_QUOTA_PARCELA;;ORIGEM FPM;94.387_01C;C;94387.01
2022-04;demonstrativoDAF (11).csv;FEB;FUNDEB-FNDO MANUT DES EDUC BASICA E VAL PROF;TOTAL_QUOTA_PARCELA;;COMPL VAAF AJ;22.311_32D;D;-22311.32
2022-04;demonstrativoDAF (11).csv;FEB;FUNDEB-FNDO MANUT DES EDUC BASICA E VAL PROF;TOTAL_QUOTA_FUNDO;;DEBITO FUNDO;22.311_32D;D;-22311.32
2022-04;demonstrativoDAF (11).csv;FEB;FUNDEB-FNDO MANUT DES EDUC BASICA E VAL PROF;TOTAL_QUOTA_FUNDO;;CREDITO FUNDO;587.564_61C;C;587564.61
2022-04;demonstrativoDAF (11).csv;FEB;FUNDEB-FNDO MANUT DES EDUC BASICA E VAL PROF;DETALHE;05.04.2022;ORIGEM ICMS-EST;5.786_43C;C;5786.43
2022-04;demonstrativoDAF (11).csv;FEB;FUNDEB-FNDO MANUT DES EDUC BASICA E VAL PROF;TOTAL_NA_DATA;05.04.2022;TOTAL NA DATA;5.786_43C;C;5786.43
2022-04;demonstrativoDAF (11).csv;FEB;FUNDEB-FNDO MANUT DES EDUC BASICA E VAL PROF;DETALHE;06.04.2022;ORIGEM IPVA;9.831_03C;C;9831.03
2022-04;demonstrativoDAF (11).csv;FEB;FUNDEB-FNDO MANUT DES EDUC BASICA E VAL PROF;DETALHE;06.04.2022;ORIGEM ITCMD;2.309_95C;C;2309.95
2022-04;demonstrativoDAF (11).csv;FEB;FUNDEB-FNDO MANUT DES EDUC BASICA E VAL PROF;DETALHE;06.04.2022;ORIGEM ICMS EST;18.033_04C;C;18033.04
2022-04;demonstrativoDAF (11).csv;FEB;FUNDEB-FNDO MANUT DES EDUC BASICA E VAL PROF;TOTAL_NA_DATA;06.04.2022;TOTAL NA DATA;30.174_02C;C;30174.02
2022-04;demonstrativoDAF (11).csv;FEB;FUNDEB-FNDO MANUT DES EDUC BASICA E VAL PROF;DETALHE;08.04.2022;ORIGEM ITR;263_68C;C;263.68
2022-04;demonstrativoDAF (11).csv;FEB;FUNDEB-FNDO MANUT DES EDUC BASICA E VAL PROF;DETALHE;08.04.2022;ORIGEM IPI-EXP;3.442_03C;C;3442.03
2022-04;demonstrativoDAF (11).csv;FEB;FUNDEB-FNDO MANUT DES EDUC BASICA E VAL PROF;DETALHE;08.04.2022;ORIGEM FPE;21.804_89C;C;21804.89
2022-04;demonstrativoDAF (11).csv;FEB;FUNDEB-FNDO MANUT DES EDUC BASICA E VAL PROF;DETALHE;08.04.2022;ORIGEM FPM;53.518_69C;C;53518.69
2022-04;demonstrativoDAF (11).csv;FEB;FUNDEB-FNDO MANUT DES EDUC BASICA E VAL PROF;TOTAL_NA_DATA;08.04.2022;TOTAL NA DATA;79.029_29C;C;79029.29
2022-04;demonstrativoDAF (11).csv;FEB;FUNDEB-FNDO MANUT DES EDUC BASICA E VAL PROF;DETALHE;12.04.2022;ORIGEM ICMS-EST;12.076_57C;C;12076.57
2022-04;demonstrativoDAF (11).csv;FEB;FUNDEB-FNDO MANUT DES EDUC BASICA E VAL PROF;TOTAL_NA_DATA;12.04.2022;TOTAL NA DATA;12.076_57C;C;12076.57
2022-04;demonstrativoDAF (11).csv;FEB;FUNDEB-FNDO MANUT DES EDUC BASICA E VAL PROF;DETALHE;13.04.2022;ORIGEM IPVA;11.523_18C;C;11523.18
2022-04;demonstrativoDAF (11).csv;FEB;FUNDEB-FNDO MANUT DES EDUC BASICA E VAL PROF;DETALHE;13.04.2022;ORIGEM ITCMD;1.451_08C;C;1451.08
2022-04;demonstrativoDAF (11).csv;FEB;FUNDEB-FNDO MANUT DES EDUC BASICA E VAL PROF;DETALHE;13.04.2022;ORIGEM ICMS EST;70.616_75C;C;70616.75
2022-04;demonstrativoDAF (11).csv;FEB;FUNDEB-FNDO MANUT DES EDUC BASICA E VAL PROF;TOTAL_NA_DATA;13.04.2022;TOTAL NA DATA;83.591_01C;C;83591.01
2022-04;demonstrativoDAF (11).csv;FEB;FUNDEB-FNDO MANUT DES EDUC BASICA E VAL PROF;DETALHE;19.04.2022;ORIGEM ICMS-EST;52.460_75C;C;52460.75
2022-04;demonstrativoDAF (11).csv;FEB;FUNDEB-FNDO MANUT DES EDUC BASICA E VAL PROF;TOTAL_NA_DATA;19.04.2022;TOTAL NA DATA;52.460_75C;C;52460.75
2022-04;demonstrativoDAF (11).csv;FEB;FUNDEB-FNDO MANUT DES EDUC BASICA E VAL PROF;DETALHE;20.04.2022;ORIGEM ITR;51_95C;C;51.95
2022-04;demonstrativoDAF (11).csv;FEB;FUNDEB-FNDO MANUT DES EDUC BASICA E VAL PROF;DETALHE;20.04.2022;ORIGEM IPVA;12.420_54C;C;12420.54
2022-04;demonstrativoDAF (11).csv;FEB;FUNDEB-FNDO MANUT DES EDUC BASICA E VAL PROF;DETALHE;20.04.2022;ORIGEM ITCMD;1.640_13C;C;1640.13
2022-04;demonstrativoDAF (11).csv;FEB;FUNDEB-FNDO MANUT DES EDUC BASICA E VAL PROF;DETALHE;20.04.2022;ORIGEM IPI-EXP;910_55C;C;910.55
2022-04;demonstrativoDAF (11).csv;FEB;FUNDEB-FNDO MANUT DES EDUC BASICA E VAL PROF;DETALHE;20.04.2022;ORIGEM ICMS EST;148.608_69C;C;148608.69
2022-04;demonstrativoDAF (11).csv;FEB;FUNDEB-FNDO MANUT DES EDUC BASICA E VAL PROF;DETALHE;20.04.2022;ORIGEM FPE;3.818_53C;C;3818.53
2022-04;demonstrativoDAF (11).csv;FEB;FUNDEB-FNDO MANUT DES EDUC BASICA E VAL PROF;DETALHE;20.04.2022;ORIGEM FPM;9.409_31C;C;9409.31
2022-04;demonstrativoDAF (11).csv;FEB;FUNDEB-FNDO MANUT DES EDUC BASICA E VAL PROF;TOTAL_NA_DATA;20.04.2022;TOTAL NA DATA;176.859_70C;C;176859.7
2022-04;demonstrativoDAF (11).csv;FEB;FUNDEB-FNDO MANUT DES EDUC BASICA E VAL PROF;DETALHE;26.04.2022;ORIGEM ICMS-EST;16.669_24C;C;16669.24
2022-04;demonstrativoDAF (11).csv;FEB;FUNDEB-FNDO MANUT DES EDUC BASICA E VAL PROF;TOTAL_NA_DATA;26.04.2022;TOTAL NA DATA;16.669_24C;C;16669.24
2022-04;demonstrativoDAF (11).csv;FEB;FUNDEB-FNDO MANUT DES EDUC BASICA E VAL PROF;DETALHE;27.04.2022;ORIGEM IPVA;23.168_59C;C;23168.59
2022-04;demonstrativoDAF (11).csv;FEB;FUNDEB-FNDO MANUT DES EDUC BASICA E VAL PROF;DETALHE;27.04.2022;ORIGEM ITCMD;1.483_61C;C;1483.61
2022-04;demonstrativoDAF (11).csv;FEB;FUNDEB-FNDO MANUT DES EDUC BASICA E VAL PROF;DETALHE;27.04.2022;ORIGEM ICMS EST;61.049_48C;C;61049.48
2022-04;demonstrativoDAF (11).csv;FEB;FUNDEB-FNDO MANUT DES EDUC BASICA E VAL PROF;TOTAL_NA_DATA;27.04.2022;TOTAL NA DATA;85.701_68C;C;85701.68
2022-04;demonstrativoDAF (11).csv;FEB;FUNDEB-FNDO MANUT DES EDUC BASICA E VAL PROF;DETALHE;29.04.2022;ORIGEM ITR;122_41C;C;122.41
2022-04;demonstrativoDAF (11).csv;FEB;FUNDEB-FNDO MANUT DES EDUC BASICA E VAL PROF;DETALHE;29.04.2022;ORIGEM IPI-EXP;837_43C;C;837.43
2022-04;demonstrativoDAF (11).csv;FEB;FUNDEB-FNDO MANUT DES EDUC BASICA E VAL PROF;DETALHE;29.04.2022;ORIGEM FPE;12.797_07C;C;12797.07
2022-04;demonstrativoDAF (11).csv;FEB;FUNDEB-FNDO MANUT DES EDUC BASICA E VAL PROF;DETALHE;29.04.2022;ORIGEM FPM;31.459_01C;C;31459.01
2022-04;demonstrativoDAF (11).csv;FEB;FUNDEB-FNDO MANUT DES EDUC BASICA E VAL PROF;DETALHE;29.04.2022;COMPL VAAF AJ;22.311_32D;D;-22311.32
2022-04;demonstrativoDAF (11).csv;FEB;FUNDEB-FNDO MANUT DES EDUC BASICA E VAL PROF;TOTAL_NA_DATA;29.04.2022;TOTAL NA DATA;22.904_60C;C;22904.6
2022-04;demonstrativoDAF (11).csv;FEP;FUNDO ESPECIAL DO PETROLEO;TOTAL_QUOTA_PARCELA;;COTA-PARTE;35.766_45C;C;35766.45
2022-04;demonstrativoDAF (11).csv;FEP;FUNDO ESPECIAL DO PETROLEO;TOTAL_QUOTA_PARCELA;;RETENCAO PASEP;357_66D;D;-357.66
2022-04;demonstrativoDAF (11).csv;FEP;FUNDO ESPECIAL DO PETROLEO;TOTAL_QUOTA_FUNDO;;DEBITO FUNDO;357_66D;D;-357.66
2022-04;demonstrativoDAF (11).csv;FEP;FUNDO ESPECIAL DO PETROLEO;TOTAL_QUOTA_FUNDO;;CREDITO FUNDO;35.766_45C;C;35766.45
2022-04;demonstrativoDAF (11).csv;FEP;FUNDO ESPECIAL DO PETROLEO;DETALHE;22.04.2022;COTA-PARTE;28.032_07C;C;28032.07
2022-04;demonstrativoDAF (11).csv;FEP;FUNDO ESPECIAL DO PETROLEO;DETALHE;22.04.2022;RETENCAO PASEP;280_32D;D;-280.32
2022-04;demonstrativoDAF (11).csv;FEP;FUNDO ESPECIAL DO PETROLEO;TOTAL_NA_DATA;22.04.2022;TOTAL NA DATA;27.751_75C;C;27751.75
2022-04;demonstrativoDAF (11).csv;FEP;FUNDO ESPECIAL DO PETROLEO;DETALHE;28.04.2022;COTA-PARTE;7.734_38C;C;7734.38
2022-04;demonstrativoDAF (11).csv;FEP;FUNDO ESPECIAL DO PETROLEO;DETALHE;28.04.2022;RETENCAO PASEP;77_34D;D;-77.34
2022-04;demonstrativoDAF (11).csv;FEP;FUNDO ESPECIAL DO PETROLEO;TOTAL_NA_DATA;28.04.2022;TOTAL NA DATA;7.657_04C;C;7657.04
2022-04;demonstrativoDAF (11).csv;FPM;FUNDO DE PARTICIPACAO DOS MUNICIPIOS;TOTAL_QUOTA_PARCELA;;PARCELA DE IPI;172.580_83C;C;172580.83
2022-04;demonstrativoDAF (11).csv;FPM;FUNDO DE PARTICIPACAO DOS MUNICIPIOS;TOTAL_QUOTA_PARCELA;;PARCELA DE IR;1.421.024_11C;C;1421024.11
2022-04;demonstrativoDAF (11).csv;FPM;FUNDO DE PARTICIPACAO DOS MUNICIPIOS;TOTAL_QUOTA_PARCELA;;RETENCAO PASEP;15.936_02D;D;-15936.02
2022-04;demonstrativoDAF (11).csv;FPM;FUNDO DE PARTICIPACAO DOS MUNICIPIOS;TOTAL_QUOTA_PARCELA;;RFB-PREV-OB COR;366.087_99D;D;-366087.99
2022-04;demonstrativoDAF (11).csv;FPM;FUNDO DE PARTICIPACAO DOS MUNICIPIOS;TOTAL_QUOTA_PARCELA;;RFB-PREV-OB DEV;62.637_66D;D;-62637.66
2022-04;demonstrativoDAF (11).csv;FPM;FUNDO DE PARTICIPACAO DOS MUNICIPIOS;TOTAL_QUOTA_PARCELA;;RFB-PREV-PARC60;101.359_17D;D;-101359.17
2022-04;demonstrativoDAF (11).csv;FPM;FUNDO DE PARTICIPACAO DOS MUNICIPIOS;TOTAL_QUOTA_PARCELA;;RFB-RET DARF;6.116_59D;D;-6116.59
2022-04;demonstrativoDAF (11).csv;FPM;FUNDO DE PARTICIPACAO DOS MUNICIPIOS;TOTAL_QUOTA_PARCELA;;DEDUCAO SAUDE;239.040_71D;D;-239040.71
2022-04;demonstrativoDAF (11).csv;FPM;FUNDO DE PARTICIPACAO DOS MUNICIPIOS;TOTAL_QUOTA_PARCELA;;DEDUCAO FUNDEB;318.720_96D;D;-318720.96
2022-04;demonstrativoDAF (11).csv;FPM;FUNDO DE PARTICIPACAO DOS MUNICIPIOS;TOTAL_QUOTA_FUNDO;;DEBITO FUNDO;1.109.899_10D;D;-1109899.1
2022-04;demonstrativoDAF (11).csv;FPM;FUNDO DE PARTICIPACAO DOS MUNICIPIOS;TOTAL_QUOTA_FUNDO;;CREDITO FUNDO;1.593.604_94C;C;1593604.94
2022-04;demonstrativoDAF (11).csv;FPM;FUNDO DE PARTICIPACAO DOS MUNICIPIOS;DETALHE;08.04.2022;PARCELA DE IPI;114.456_16C;C;114456.16
2022-04;demonstrativoDAF (11).csv;FPM;FUNDO DE PARTICIPACAO DOS MUNICIPIOS;DETALHE;08.04.2022;PARCELA DE IR;789.139_12C;C;789139.12
2022-04;demonstrativoDAF (11).csv;FPM;FUNDO DE PARTICIPACAO DOS MUNICIPIOS;DETALHE;08.04.2022;RETENCAO PASEP;9.035_95D;D;-9035.95
2022-04;demonstrativoDAF (11).csv;FPM;FUNDO DE PARTICIPACAO DOS MUNICIPIOS;DETALHE;08.04.2022;RFB-PREV-OB COR;366.087_99D;D;-366087.99
2022-04;demonstrativoDAF (11).csv;FPM;FUNDO DE PARTICIPACAO DOS MUNICIPIOS;DETALHE;08.04.2022;RFB-PREV-OB DEV;62.637_66D;D;-62637.66
2022-04;demonstrativoDAF (11).csv;FPM;FUNDO DE PARTICIPACAO DOS MUNICIPIOS;DETALHE;08.04.2022;RFB-PREV-PARC60;101.359_17D;D;-101359.17
2022-04;demonstrativoDAF (11).csv;FPM;FUNDO DE PARTICIPACAO DOS MUNICIPIOS;DETALHE;08.04.2022;DEDUCAO SAUDE;135.539_28D;D;-135539.28
2022-04;demonstrativoDAF (11).csv;FPM;FUNDO DE PARTICIPACAO DOS MUNICIPIOS;DETALHE;08.04.2022;DEDUCAO FUNDEB;180.719_05D;D;-180719.05
2022-04;demonstrativoDAF (11).csv;FPM;FUNDO DE PARTICIPACAO DOS MUNICIPIOS;TOTAL_NA_DATA;08.04.2022;TOTAL NA DATA;48.216_18C;C;48216.18
2022-04;demonstrativoDAF (11).csv;FPM;FUNDO DE PARTICIPACAO DOS MUNICIPIOS;DETALHE;20.04.2022;PARCELA DE IPI;30.277_93C;C;30277.93
2022-04;demonstrativoDAF (11).csv;FPM;FUNDO DE PARTICIPACAO DOS MUNICIPIOS;DETALHE;20.04.2022;PARCELA DE IR;128.586_24C;C;128586.24
2022-04;demonstrativoDAF (11).csv;FPM;FUNDO DE PARTICIPACAO DOS MUNICIPIOS;DETALHE;20.04.2022;RETENCAO PASEP;1.588_63D;D;-1588.63
2022-04;demonstrativoDAF (11).csv;FPM;FUNDO DE PARTICIPACAO DOS MUNICIPIOS;DETALHE;20.04.2022;RFB-RET DARF;6.116_59D;D;-6116.59
2022-04;demonstrativoDAF (11).csv;FPM;FUNDO DE PARTICIPACAO DOS MUNICIPIOS;DETALHE;20.04.2022;DEDUCAO SAUDE;23.829_61D;D;-23829.61
2022-04;demonstrativoDAF (11).csv;FPM;FUNDO DE PARTICIPACAO DOS MUNICIPIOS;DETALHE;20.04.2022;DEDUCAO FUNDEB;31.772_82D;D;-31772.82
2022-04;demonstrativoDAF (11).csv;FPM;FUNDO DE PARTICIPACAO DOS MUNICIPIOS;TOTAL_NA_DATA;20.04.2022;TOTAL NA DATA;95.556_52C;C;95556.52
2022-04;demonstrativoDAF (11).csv;FPM;FUNDO DE PARTICIPACAO DOS MUNICIPIOS;DETALHE;29.04.2022;PARCELA DE IPI;27.846_74C;C;27846.74
2022-04;demonstrativoDAF (11).csv;FPM;FUNDO DE PARTICIPACAO DOS MUNICIPIOS;DETALHE;29.04.2022;PARCELA DE IR;503.298_75C;C;503298.75
2022-04;demonstrativoDAF (11).csv;FPM;FUNDO DE PARTICIPACAO DOS MUNICIPIOS;DETALHE;29.04.2022;RETENCAO PASEP;5.311_44D;D;-5311.44
2022-04;demonstrativoDAF (11).csv;FPM;FUNDO DE PARTICIPACAO DOS MUNICIPIOS;DETALHE;29.04.2022;DEDUCAO SAUDE;79.671_82D;D;-79671.82
2022-04;demonstrativoDAF (11).csv;FPM;FUNDO DE PARTICIPACAO DOS MUNICIPIOS;DETALHE;29.04.2022;DEDUCAO FUNDEB;106.229_09D;D;-106229.09
2022-04;demonstrativoDAF (11).csv;FPM;FUNDO DE PARTICIPACAO DOS MUNICIPIOS;TOTAL_NA_DATA;29.04.2022;TOTAL NA DATA;339.933_14C;C;339933.14
2022-04;demonstrativoDAF (11).csv;FUS;FUNDO SAUDE;TOTAL_QUOTA_PARCELA;;ORIGEM FPM;239.040_71C;C;239040.71
2022-04;demonstrativoDAF (11).csv;FUS;FUNDO SAUDE;TOTAL_QUOTA_PARCELA;;REF.ICMS ESTADO;92.217_79C;C;92217.79
2022-04;demonstrativoDAF (11).csv;FUS;FUNDO SAUDE;TOTAL_QUOTA_PARCELA;;ORIGEM ITR;231_88C;C;231.88
2022-04;demonstrativoDAF (11).csv;FUS;FUNDO SAUDE;TOTAL_QUOTA_PARCELA;;ORIGEM IPM;1.361_66C;C;1361.66
2022-04;demonstrativoDAF (11).csv;FUS;FUNDO SAUDE;TOTAL_QUOTA_FUNDO;;DEBITO FUNDO;0_00D;D;-0.0
2022-04;demonstrativoDAF (11).csv;FUS;FUNDO SAUDE;TOTAL_QUOTA_FUNDO;;CREDITO FUNDO;332.852_04C;C;332852.04
2022-04;demonstrativoDAF (11).csv;FUS;FUNDO SAUDE;DETALHE;05.04.2022;REF.ICMS ESTADO;6.133_96C;C;6133.96
2022-04;demonstrativoDAF (11).csv;FUS;FUNDO SAUDE;TOTAL_NA_DATA;05.04.2022;TOTAL NA DATA;6.133_96C;C;6133.96
2022-04;demonstrativoDAF (11).csv;FUS;FUNDO SAUDE;DETALHE;08.04.2022;ORIGEM FPM;135.539_28C;C;135539.28
2022-04;demonstrativoDAF (11).csv;FUS;FUNDO SAUDE;DETALHE;08.04.2022;ORIGEM ITR;151_41C;C;151.41
2022-04;demonstrativoDAF (11).csv;FUS;FUNDO SAUDE;DETALHE;08.04.2022;ORIGEM IPM;903_06C;C;903.06
2022-04;demonstrativoDAF (11).csv;FUS;FUNDO SAUDE;TOTAL_NA_DATA;08.04.2022;TOTAL NA DATA;136.593_75C;C;136593.75
2022-04;demonstrativoDAF (11).csv;FUS;FUNDO SAUDE;DETALHE;12.04.2022;REF.ICMS ESTADO;12.801_89C;C;12801.89
2022-04;demonstrativoDAF (11).csv;FUS;FUNDO SAUDE;TOTAL_NA_DATA;12.04.2022;TOTAL NA DATA;12.801_89C;C;12801.89
2022-04;demonstrativoDAF (11).csv;FUS;FUNDO SAUDE;DETALHE;19.04.2022;REF.ICMS ESTADO;55.611_55C;C;55611.55
2022-04;demonstrativoDAF (11).csv;FUS;FUNDO SAUDE;TOTAL_NA_DATA;19.04.2022;TOTAL NA DATA;55.611_55C;C;55611.55
2022-04;demonstrativoDAF (11).csv;FUS;FUNDO SAUDE;DETALHE;20.04.2022;ORIGEM FPM;23.829_61C;C;23829.61
2022-04;demonstrativoDAF (11).csv;FUS;FUNDO SAUDE;DETALHE;20.04.2022;ORIGEM ITR;80_47C;C;80.47
2022-04;demonstrativoDAF (11).csv;FUS;FUNDO SAUDE;DETALHE;20.04.2022;ORIGEM IPM;238_89C;C;238.89
2022-04;demonstrativoDAF (11).csv;FUS;FUNDO SAUDE;TOTAL_NA_DATA;20.04.2022;TOTAL NA DATA;24.148_97C;C;24148.97
2022-04;demonstrativoDAF (11).csv;FUS;FUNDO SAUDE;DETALHE;26.04.2022;REF.ICMS ESTADO;17.670_39C;C;17670.39
2022-04;demonstrativoDAF (11).csv;FUS;FUNDO SAUDE;TOTAL_NA_DATA;26.04.2022;TOTAL NA DATA;17.670_39C;C;17670.39
2022-04;demonstrativoDAF (11).csv;FUS;FUNDO SAUDE;DETALHE;29.04.2022;ORIGEM FPM;79.671_82C;C;79671.82
2022-04;demonstrativoDAF (11).csv;FUS;FUNDO SAUDE;DETALHE;29.04.2022;ORIGEM IPM;219_71C;C;219.71
2022-04;demonstrativoDAF (11).csv;FUS;FUNDO SAUDE;TOTAL_NA_DATA;29.04.2022;TOTAL NA DATA;79.891_53C;C;79891.53
2022-04;demonstrativoDAF (11).csv;ICS;ICMS ESTADUAL;TOTAL_QUOTA_PARCELA;;COTA-PARTE;614.785_36C;C;614785.36
2022-04;demonstrativoDAF (11).csv;ICS;ICMS ESTADUAL;TOTAL_QUOTA_PARCELA;;DEDUCAO SAUDE;92.217_79D;D;-92217.79
2022-04;demonstrativoDAF (11).csv;ICS;ICMS ESTADUAL;TOTAL_QUOTA_PARCELA;;DEDUCAO FUNDEB;122.957_05D;D;-122957.05
2022-04;demonstrativoDAF (11).csv;ICS;ICMS ESTADUAL;TOTAL_QUOTA_FUNDO;;DEBITO FUNDO;215.174_84D;D;-215174.84
2022-04;demonstrativoDAF (11).csv;ICS;ICMS ESTADUAL;TOTAL_QUOTA_FUNDO;;CREDITO FUNDO;614.785_36C;C;614785.36
2022-04;demonstrativoDAF (11).csv;ICS;ICMS ESTADUAL;DETALHE;05.04.2022;COTA-PARTE;40.893_07C;C;40893.07
2022-04;demonstrativoDAF (11).csv;ICS;ICMS ESTADUAL;DETALHE;05.04.2022;DEDUCAO SAUDE;6.133_96D;D;-6133.96
2022-04;demonstrativoDAF (11).csv;ICS;ICMS ESTADUAL;DETALHE;05.04.2022;DEDUCAO FUNDEB;8.178_61D;D;-8178.61
2022-04;demonstrativoDAF (11).csv;ICS;ICMS ESTADUAL;TOTAL_NA_DATA;05.04.2022;TOTAL NA DATA;26.580_50C;C;26580.5
2022-04;demonstrativoDAF (11).csv;ICS;ICMS ESTADUAL;DETALHE;12.04.2022;COTA-PARTE;85.345_97C;C;85345.97
2022-04;demonstrativoDAF (11).csv;ICS;ICMS ESTADUAL;DETALHE;12.04.2022;DEDUCAO SAUDE;12.801_89D;D;-12801.89
2022-04;demonstrativoDAF (11).csv;ICS;ICMS ESTADUAL;DETALHE;12.04.2022;DEDUCAO FUNDEB;17.069_19D;D;-17069.19
2022-04;demonstrativoDAF (11).csv;ICS;ICMS ESTADUAL;TOTAL_NA_DATA;12.04.2022;TOTAL NA DATA;55.474_89C;C;55474.89
2022-04;demonstrativoDAF (11).csv;ICS;ICMS ESTADUAL;DETALHE;19.04.2022;COTA-PARTE;370.743_69C;C;370743.69
2022-04;demonstrativoDAF (11).csv;ICS;ICMS ESTADUAL;DETALHE;19.04.2022;DEDUCAO SAUDE;55.611_55D;D;-55611.55
2022-04;demonstrativoDAF (11).csv;ICS;ICMS ESTADUAL;DETALHE;19.04.2022;DEDUCAO FUNDEB;74.148_73D;D;-74148.73
2022-04;demonstrativoDAF (11).csv;ICS;ICMS ESTADUAL;TOTAL_NA_DATA;19.04.2022;TOTAL NA DATA;240.983_41C;C;240983.41
2022-04;demonstrativoDAF (11).csv;ICS;ICMS ESTADUAL;DETALHE;26.04.2022;COTA-PARTE;117.802_63C;C;117802.63
2022-04;demonstrativoDAF (11).csv;ICS;ICMS ESTADUAL;DETALHE;26.04.2022;DEDUCAO SAUDE;17.670_39D;D;-17670.39
2022-04;demonstrativoDAF (11).csv;ICS;ICMS ESTADUAL;DETALHE;26.04.2022;DEDUCAO FUNDEB;23.560_52D;D;-23560.52
2022-04;demonstrativoDAF (11).csv;ICS;ICMS ESTADUAL;TOTAL_NA_DATA;26.04.2022;TOTAL NA DATA;76.571_72C;C;76571.72
2022-04;demonstrativoDAF (11).csv;IPM;IPI EXPORTACAO - COTA MUNICIPIO;TOTAL_QUOTA_PARCELA;;DEDUCAO SAUDE;1.361_66D;D;-1361.66
2022-04;demonstrativoDAF (11).csv;IPM;IPI EXPORTACAO - COTA MUNICIPIO;TOTAL_QUOTA_PARCELA;;IPM IPI-MUNIC;7.262_28C;C;7262.28
2022-04;demonstrativoDAF (11).csv;IPM;IPI EXPORTACAO - COTA MUNICIPIO;TOTAL_QUOTA_FUNDO;;DEBITO FUNDO;1.361_66D;D;-1361.66
2022-04;demonstrativoDAF (11).csv;IPM;IPI EXPORTACAO - COTA MUNICIPIO;TOTAL_QUOTA_FUNDO;;CREDITO FUNDO;7.262_28C;C;7262.28
2022-04;demonstrativoDAF (11).csv;IPM;IPI EXPORTACAO - COTA MUNICIPIO;DETALHE;08.04.2022;DEDUCAO SAUDE;903_06D;D;-903.06
2022-04;demonstrativoDAF (11).csv;IPM;IPI EXPORTACAO - COTA MUNICIPIO;DETALHE;08.04.2022;IPM IPI-MUNIC;4.816_37C;C;4816.37
2022-04;demonstrativoDAF (11).csv;IPM;IPI EXPORTACAO - COTA MUNICIPIO;TOTAL_NA_DATA;08.04.2022;TOTAL NA DATA;3.913_31C;C;3913.31
2022-04;demonstrativoDAF (11).csv;IPM;IPI EXPORTACAO - COTA MUNICIPIO;DETALHE;20.04.2022;DEDUCAO SAUDE;238_89D;D;-238.89
2022-04;demonstrativoDAF (11).csv;IPM;IPI EXPORTACAO - COTA MUNICIPIO;DETALHE;20.04.2022;IPM IPI-MUNIC;1.274_11C;C;1274.11
2022-04;demonstrativoDAF (11).csv;IPM;IPI EXPORTACAO - COTA MUNICIPIO;TOTAL_NA_DATA;20.04.2022;TOTAL NA DATA;1.035_22C;C;1035.22
2022-04;demonstrativoDAF (11).csv;IPM;IPI EXPORTACAO - COTA MUNICIPIO;DETALHE;29.04.2022;DEDUCAO SAUDE;219_71D;D;-219.71
2022-04;demonstrativoDAF (11).csv;IPM;IPI EXPORTACAO - COTA MUNICIPIO;DETALHE;29.04.2022;IPM IPI-MUNIC;1.171_80C;C;1171.8
2022-04;demonstrativoDAF (11).csv;IPM;IPI EXPORTACAO - COTA MUNICIPIO;TOTAL_NA_DATA;29.04.2022;TOTAL NA DATA;952_09C;C;952.09
2022-04;demonstrativoDAF (11).csv;ITA;ROYALTIES DE ITAIPU;TOTAL_QUOTA_PARCELA;;RETENCAO PASEP;3_41D;D;-3.41
2022-04;demonstrativoDAF (11).csv;ITA;ROYALTIES DE ITAIPU;TOTAL_QUOTA_PARCELA;;ITA-ROYT.ITAIPU;341_35C;C;341.35
2022-04;demonstrativoDAF (11).csv;ITA;ROYALTIES DE ITAIPU;TOTAL_QUOTA_FUNDO;;DEBITO FUNDO;3_41D;D;-3.41
2022-04;demonstrativoDAF (11).csv;ITA;ROYALTIES DE ITAIPU;TOTAL_QUOTA_FUNDO;;CREDITO FUNDO;341_35C;C;341.35
2022-04;demonstrativoDAF (11).csv;ITA;ROYALTIES DE ITAIPU;DETALHE;14.04.2022;RETENCAO PASEP;3_41D;D;-3.41
2022-04;demonstrativoDAF (11).csv;ITA;ROYALTIES DE ITAIPU;DETALHE;14.04.2022;ITA-ROYT.ITAIPU;341_35C;C;341.35
2022-04;demonstrativoDAF (11).csv;ITA;ROYALTIES DE ITAIPU;TOTAL_NA_DATA;14.04.2022;TOTAL NA DATA;337_94C;C;337.94
2022-04;demonstrativoDAF (11).csv;ITR;IMPOSTO TERRITORIAL RURAL;TOTAL_QUOTA_PARCELA;;RETENCAO PASEP;12_36D;D;-12.36
2022-04;demonstrativoDAF (11).csv;ITR;IMPOSTO TERRITORIAL RURAL;TOTAL_QUOTA_PARCELA;;DEDUCAO SAUDE;231_88D;D;-231.88
2022-04;demonstrativoDAF (11).csv;ITR;IMPOSTO TERRITORIAL RURAL;TOTAL_QUOTA_PARCELA;;DEDUCAO FUNDEB;309_19D;D;-309.19
2022-04;demonstrativoDAF (11).csv;ITR;IMPOSTO TERRITORIAL RURAL;TOTAL_QUOTA_PARCELA;;ITR-CONVENIO;1.545_96C;C;1545.96
2022-04;demonstrativoDAF (11).csv;ITR;IMPOSTO TERRITORIAL RURAL;TOTAL_QUOTA_FUNDO;;DEBITO FUNDO;553_43D;D;-553.43
2022-04;demonstrativoDAF (11).csv;ITR;IMPOSTO TERRITORIAL RURAL;TOTAL_QUOTA_FUNDO;;CREDITO FUNDO;1.545_96C;C;1545.96
2022-04;demonstrativoDAF (11).csv;ITR;IMPOSTO TERRITORIAL RURAL;DETALHE;08.04.2022;RETENCAO PASEP;8_07D;D;-8.07
2022-04;demonstrativoDAF (11).csv;ITR;IMPOSTO TERRITORIAL RURAL;DETALHE;08.04.2022;DEDUCAO SAUDE;151_41D;D;-151.41
2022-04;demonstrativoDAF (11).csv;ITR;IMPOSTO TERRITORIAL RURAL;DETALHE;08.04.2022;DEDUCAO FUNDEB;201_89D;D;-201.89
2022-04;demonstrativoDAF (11).csv;ITR;IMPOSTO TERRITORIAL RURAL;DETALHE;08.04.2022;ITR-CONVENIO;1.009_46C;C;1009.46
2022-04;demonstrativoDAF (11).csv;ITR;IMPOSTO TERRITORIAL RURAL;TOTAL_NA_DATA;08.04.2022;TOTAL NA DATA;648_09C;C;648.09
2022-04;demonstrativoDAF (11).csv;ITR;IMPOSTO TERRITORIAL RURAL;DETALHE;20.04.2022;RETENCAO PASEP;4_29D;D;-4.29
2022-04;demonstrativoDAF (11).csv;ITR;IMPOSTO TERRITORIAL RURAL;DETALHE;20.04.2022;DEDUCAO SAUDE;80_47D;D;-80.47
2022-04;demonstrativoDAF (11).csv;ITR;IMPOSTO TERRITORIAL RURAL;DETALHE;20.04.2022;DEDUCAO FUNDEB;107_30D;D;-107.3
2022-04;demonstrativoDAF (11).csv;ITR;IMPOSTO TERRITORIAL RURAL;DETALHE;20.04.2022;ITR-CONVENIO;536_50C;C;536.5
2022-04;demonstrativoDAF (11).csv;ITR;IMPOSTO TERRITORIAL RURAL;TOTAL_NA_DATA;20.04.2022;TOTAL NA DATA;344_44C;C;344.44
2022-04;demonstrativoDAF (11).csv;RPM;ROYALTIES PETROLEO COTA MUNICIPAL;DETALHE;18.04.2022;ANP LEI 7990/89;200_30C;C;200.3
2022-04;demonstrativoDAF (11).csv;SNA;SIMPLES NACIONAL;TOTAL_QUOTA_PARCELA;;SIMPLES NACION.;26.039_81C;C;26039.81
2022-04;demonstrativoDAF (11).csv;SNA;SIMPLES NACIONAL;TOTAL_QUOTA_FUNDO;;DEBITO FUNDO;0_00D;D;-0.0
2022-04;demonstrativoDAF (11).csv;SNA;SIMPLES NACIONAL;TOTAL_QUOTA_FUNDO;;CREDITO FUNDO;26.039_81C;C;26039.81
2022-04;demonstrativoDAF (11).csv;SNA;SIMPLES NACIONAL;DETALHE;01.04.2022;SIMPLES NACION.;61_64C;C;61.64
2022-04;demonstrativoDAF (11).csv;SNA;SIMPLES NACIONAL;TOTAL_NA_DATA;01.04.2022;TOTAL NA DATA;61_64C;C;61.64
2022-04;demonstrativoDAF (11).csv;SNA;SIMPLES NACIONAL;DETALHE;04.04.2022;SIMPLES NACION.;2.206_02C;C;2206.02
2022-04;demonstrativoDAF (11).csv;SNA;SIMPLES NACIONAL;TOTAL_NA_DATA;04.04.2022;TOTAL NA DATA;2.206_02C;C;2206.02
2022-04;demonstrativoDAF (11).csv;SNA;SIMPLES NACIONAL;DETALHE;05.04.2022;SIMPLES NACION.;47_04C;C;47.04
2022-04;demonstrativoDAF (11).csv;SNA;SIMPLES NACIONAL;TOTAL_NA_DATA;05.04.2022;TOTAL NA DATA;47_04C;C;47.04
2022-04;demonstrativoDAF (11).csv;SNA;SIMPLES NACIONAL;DETALHE;06.04.2022;SIMPLES NACION.;23_55C;C;23.55
2022-04;demonstrativoDAF (11).csv;SNA;SIMPLES NACIONAL;TOTAL_NA_DATA;06.04.2022;TOTAL NA DATA;23_55C;C;23.55
2022-04;demonstrativoDAF (11).csv;SNA;SIMPLES NACIONAL;DETALHE;07.04.2022;SIMPLES NACION.;70_19C;C;70.19
2022-04;demonstrativoDAF (11).csv;SNA;SIMPLES NACIONAL;TOTAL_NA_DATA;07.04.2022;TOTAL NA DATA;70_19C;C;70.19
2022-04;demonstrativoDAF (11).csv;SNA;SIMPLES NACIONAL;DETALHE;08.04.2022;SIMPLES NACION.;421_31C;C;421.31
2022-04;demonstrativoDAF (11).csv;SNA;SIMPLES NACIONAL;TOTAL_NA_DATA;08.04.2022;TOTAL NA DATA;421_31C;C;421.31
2022-04;demonstrativoDAF (11).csv;SNA;SIMPLES NACIONAL;DETALHE;11.04.2022;SIMPLES NACION.;36_77C;C;36.77
2022-04;demonstrativoDAF (11).csv;SNA;SIMPLES NACIONAL;TOTAL_NA_DATA;11.04.2022;TOTAL NA DATA;36_77C;C;36.77
2022-04;demonstrativoDAF (11).csv;SNA;SIMPLES NACIONAL;DETALHE;12.04.2022;SIMPLES NACION.;26_05C;C;26.05
2022-04;demonstrativoDAF (11).csv;SNA;SIMPLES NACIONAL;TOTAL_NA_DATA;12.04.2022;TOTAL NA DATA;26_05C;C;26.05
2022-04;demonstrativoDAF (11).csv;SNA;SIMPLES NACIONAL;DETALHE;13.04.2022;SIMPLES NACION.;3.415_07C;C;3415.07
2022-04;demonstrativoDAF (11).csv;SNA;SIMPLES NACIONAL;TOTAL_NA_DATA;13.04.2022;TOTAL NA DATA;3.415_07C;C;3415.07
2022-04;demonstrativoDAF (11).csv;SNA;SIMPLES NACIONAL;DETALHE;14.04.2022;SIMPLES NACION.;25_82C;C;25.82
2022-04;demonstrativoDAF (11).csv;SNA;SIMPLES NACIONAL;TOTAL_NA_DATA;14.04.2022;TOTAL NA DATA;25_82C;C;25.82
2022-04;demonstrativoDAF (11).csv;SNA;SIMPLES NACIONAL;DETALHE;18.04.2022;SIMPLES NACION.;136_55C;C;136.55
2022-04;demonstrativoDAF (11).csv;SNA;SIMPLES NACIONAL;TOTAL_NA_DATA;18.04.2022;TOTAL NA DATA;136_55C;C;136.55
2022-04;demonstrativoDAF (11).csv;SNA;SIMPLES NACIONAL;DETALHE;19.04.2022;SIMPLES NACION.;146_09C;C;146.09
2022-04;demonstrativoDAF (11).csv;SNA;SIMPLES NACIONAL;TOTAL_NA_DATA;19.04.2022;TOTAL NA DATA;146_09C;C;146.09
2022-04;demonstrativoDAF (11).csv;SNA;SIMPLES NACIONAL;DETALHE;20.04.2022;SIMPLES NACION.;5.003_30C;C;5003.3
2022-04;demonstrativoDAF (11).csv;SNA;SIMPLES NACIONAL;TOTAL_NA_DATA;20.04.2022;TOTAL NA DATA;5.003_30C;C;5003.3
2022-04;demonstrativoDAF (11).csv;SNA;SIMPLES NACIONAL;DETALHE;22.04.2022;SIMPLES NACION.;857_34C;C;857.34
2022-04;demonstrativoDAF (11).csv;SNA;SIMPLES NACIONAL;TOTAL_NA_DATA;22.04.2022;TOTAL NA DATA;857_34C;C;857.34
2022-04;demonstrativoDAF (11).csv;SNA;SIMPLES NACIONAL;DETALHE;25.04.2022;SIMPLES NACION.;12.887_16C;C;12887.16
2022-04;demonstrativoDAF (11).csv;SNA;SIMPLES NACIONAL;TOTAL_NA_DATA;25.04.2022;TOTAL NA DATA;12.887_16C;C;12887.16
2022-04;demonstrativoDAF (11).csv;SNA;SIMPLES NACIONAL;DETALHE;26.04.2022;SIMPLES NACION.;346_14C;C;346.14
2022-04;demonstrativoDAF (11).csv;SNA;SIMPLES NACIONAL;TOTAL_NA_DATA;26.04.2022;TOTAL NA DATA;346_14C;C;346.14
2022-04;demonstrativoDAF (11).csv;SNA;SIMPLES NACIONAL;DETALHE;27.04.2022;SIMPLES NACION.;135_78C;C;135.78
2022-04;demonstrativoDAF (11).csv;SNA;SIMPLES NACIONAL;TOTAL_NA_DATA;27.04.2022;TOTAL NA DATA;135_78C;C;135.78
2022-04;demonstrativoDAF (11).csv;SNA;SIMPLES NACIONAL;DETALHE;28.04.2022;SIMPLES NACION.;175_23C;C;175.23
2022-04;demonstrativoDAF (11).csv;SNA;SIMPLES NACIONAL;TOTAL_NA_DATA;28.04.2022;TOTAL NA DATA;175_23C;C;175.23
2022-04;demonstrativoDAF (11).csv;SNA;SIMPLES NACIONAL;DETALHE;29.04.2022;SIMPLES NACION.;18_76C;C;18.76
2022-04;demonstrativoDAF (11).csv;SNA;SIMPLES NACIONAL;TOTAL_NA_DATA;29.04.2022;TOTAL NA DATA;18_76C;C;18.76
2022-05;demonstrativoDAF (17).csv;;;TOTAL_PERIODO;;DEBITO BENEF.;1.458.156_06D;D;-1458156.06
2022-05;demonstrativoDAF (17).csv;;;TOTAL_PERIODO;;CREDITO BENEF.;3.856.107_45C;C;3856107.45
2022-05;demonstrativoDAF (17).csv;ADO;LC 176/2020 (ADO25);TOTAL_QUOTA_PARCELA;;RETENCAO PASEP;44_69D;D;-44.69
2022-05;demonstrativoDAF (17).csv;ADO;LC 176/2020 (ADO25);TOTAL_QUOTA_PARCELA;;LC 176/2020;4.469_49C;C;4469.49
2022-05;demonstrativoDAF (17).csv;ADO;LC 176/2020 (ADO25);TOTAL_QUOTA_FUNDO;;DEBITO FUNDO;44_69D;D;-44.69
2022-05;demonstrativoDAF (17).csv;ADO;LC 176/2020 (ADO25);TOTAL_QUOTA_FUNDO;;CREDITO FUNDO;4.469_49C;C;4469.49
2022-05;demonstrativoDAF (17).csv;ADO;LC 176/2020 (ADO25);DETALHE;30.05.2022;RETENCAO PASEP;44_69D;D;-44.69
2022-05;demonstrativoDAF (17).csv;ADO;LC 176/2020 (ADO25);DETALHE;30.05.2022;LC 176/2020;4.469_49C;C;4469.49
2022-05;demonstrativoDAF (17).csv;ADO;LC 176/2020 (ADO25);TOTAL_NA_DATA;30.05.2022;TOTAL NA DATA;4.424_80C;C;4424.8
2022-05;demonstrativoDAF (17).csv;BAP;BONUS ASSINATURA PETROLEO;TOTAL_QUOTA_PARCELA;;BONUS ASS MUNIC;200.642_55C;C;200642.55
2022-05;demonstrativoDAF (17).csv;BAP;BONUS ASSINATURA PETROLEO;TOTAL_QUOTA_PARCELA;;BONUS ASS ADIC;53.633_91C;C;53633.91
2022-05;demonstrativoDAF (17).csv;BAP;BONUS ASSINATURA PETROLEO;TOTAL_QUOTA_PARCELA;;RETENCAO PASEP;536_33D;D;-536.33
2022-05;demonstrativoDAF (17).csv;BAP;BONUS ASSINATURA PETROLEO;TOTAL_QUOTA_PARCELA;;RETENCAO PASEP;2.006_42D;D;-2006.42
2022-05;demonstrativoDAF (17).csv;BAP;BONUS ASSINATURA PETROLEO;TOTAL_QUOTA_FUNDO;;DEBITO FUNDO;2.542_75D;D;-2542.75
2022-05;demonstrativoDAF (17).csv;BAP;BONUS ASSINATURA PETROLEO;TOTAL_QUOTA_FUNDO;;CREDITO FUNDO;254.276_46C;C;254276.46
2022-05;demonstrativoDAF (17).csv;BAP;BONUS ASSINATURA PETROLEO;DETALHE;20.05.2022;BONUS ASS MUNIC;200.642_55C;C;200642.55
2022-05;demonstrativoDAF (17).csv;BAP;BONUS ASSINATURA PETROLEO;DETALHE;20.05.2022;RETENCAO PASEP;2.006_42D;D;-2006.42
2022-05;demonstrativoDAF (17).csv;BAP;BONUS ASSINATURA PETROLEO;TOTAL_NA_DATA;20.05.2022;TOTAL NA DATA;198.636_13C;C;198636.13
2022-05;demonstrativoDAF (17).csv;BAP;BONUS ASSINATURA PETROLEO;DETALHE;24.05.2022;BONUS ASS ADIC;53.633_91C;C;53633.91
2022-05;demonstrativoDAF (17).csv;BAP;BONUS ASSINATURA PETROLEO;DETALHE;24.05.2022;RETENCAO PASEP;536_33D;D;-536.33
2022-05;demonstrativoDAF (17).csv;BAP;BONUS ASSINATURA PETROLEO;TOTAL_NA_DATA;24.05.2022;TOTAL NA DATA;53.097_58C;C;53097.58
2022-05;demonstrativoDAF (17).csv;CFH;COMPENSACAO FINANCEIRA RECURSOS HIDRICOS;TOTAL_QUOTA_PARCELA;;RETENCAO PASEP;103_44D;D;-103.44
2022-05;demonstrativoDAF (17).csv;CFH;COMPENSACAO FINANCEIRA RECURSOS HIDRICOS;TOTAL_QUOTA_PARCELA;;CFH-REC.HIDRICO;10.344_22C;C;10344.22
2022-05;demonstrativoDAF (17).csv;CFH;COMPENSACAO FINANCEIRA RECURSOS HIDRICOS;TOTAL_QUOTA_FUNDO;;DEBITO FUNDO;103_44D;D;-103.44
2022-05;demonstrativoDAF (17).csv;CFH;COMPENSACAO FINANCEIRA RECURSOS HIDRICOS;TOTAL_QUOTA_FUNDO;;CREDITO FUNDO;10.344_22C;C;10344.22
2022-05;demonstrativoDAF (17).csv;CFH;COMPENSACAO FINANCEIRA RECURSOS HIDRICOS;DETALHE;31.05.2022;RETENCAO PASEP;103_44D;D;-103.44
2022-05;demonstrativoDAF (17).csv;CFH;COMPENSACAO FINANCEIRA RECURSOS HIDRICOS;DETALHE;31.05.2022;CFH-REC.HIDRICO;10.344_22C;C;10344.22
2022-05;demonstrativoDAF (17).csv;CFH;COMPENSACAO FINANCEIRA RECURSOS HIDRICOS;TOTAL_NA_DATA;31.05.2022;TOTAL NA DATA;10.240_78C;C;10240.78
2022-05;demonstrativoDAF (17).csv;FEB;FUNDEB-FNDO MANUT DES EDUC BASICA E VAL PROF;TOTAL_QUOTA_PARCELA;;ORIGEM ITR;416_72C;C;416.72
2022-05;demonstrativoDAF (17).csv;FEB;FUNDEB-FNDO MANUT DES EDUC BASICA E VAL PROF;TOTAL_QUOTA_PARCELA;;ORIGEM IPVA;56.486_28C;C;56486.28
2022-05;demonstrativoDAF (17).csv;FEB;FUNDEB-FNDO MANUT DES EDUC BASICA E VAL PROF;TOTAL_QUOTA_PARCELA;;ORIGEM ITCMD;8.279_23C;C;8279.23
2022-05;demonstrativoDAF (17).csv;FEB;FUNDEB-FNDO MANUT DES EDUC BASICA E VAL PROF;TOTAL_QUOTA_PARCELA;;ORIGEM IPI-EXP;2.759_21C;C;2759.21
2022-05;demonstrativoDAF (17).csv;FEB;FUNDEB-FNDO MANUT DES EDUC BASICA E VAL PROF;TOTAL_QUOTA_PARCELA;;ORIGEM ICMS EST;302.608_99C;C;302608.99
2022-05;demonstrativoDAF (17).csv;FEB;FUNDEB-FNDO MANUT DES EDUC BASICA E VAL PROF;TOTAL_QUOTA_PARCELA;;ORIGEM ICMS-EST;104.742_11C;C;104742.11
2022-05;demonstrativoDAF (17).csv;FEB;FUNDEB-FNDO MANUT DES EDUC BASICA E VAL PROF;TOTAL_QUOTA_PARCELA;;ORIGEM FPE;42.697_52C;C;42697.52
2022-05;demonstrativoDAF (17).csv;FEB;FUNDEB-FNDO MANUT DES EDUC BASICA E VAL PROF;TOTAL_QUOTA_PARCELA;;ORIGEM FPM;104.996_10C;C;104996.1
2022-05;demonstrativoDAF (17).csv;FEB;FUNDEB-FNDO MANUT DES EDUC BASICA E VAL PROF;TOTAL_QUOTA_FUNDO;;DEBITO FUNDO;0_00D;D;-0.0
2022-05;demonstrativoDAF (17).csv;FEB;FUNDEB-FNDO MANUT DES EDUC BASICA E VAL PROF;TOTAL_QUOTA_FUNDO;;CREDITO FUNDO;622.986_16C;C;622986.16
2022-05;demonstrativoDAF (17).csv;FEB;FUNDEB-FNDO MANUT DES EDUC BASICA E VAL PROF;DETALHE;03.05.2022;ORIGEM ICMS-EST;13.933_62C;C;13933.62
2022-05;demonstrativoDAF (17).csv;FEB;FUNDEB-FNDO MANUT DES EDUC BASICA E VAL PROF;TOTAL_NA_DATA;03.05.2022;TOTAL NA DATA;13.933_62C;C;13933.62
2022-05;demonstrativoDAF (17).csv;FEB;FUNDEB-FNDO MANUT DES EDUC BASICA E VAL PROF;DETALHE;04.05.2022;ORIGEM IPVA;11.147_69C;C;11147.69
2022-05;demonstrativoDAF (17).csv;FEB;FUNDEB-FNDO MANUT DES EDUC BASICA E VAL PROF;DETALHE;04.05.2022;ORIGEM ITCMD;2.156_11C;C;2156.11
2022-05;demonstrativoDAF (17).csv;FEB;FUNDEB-FNDO MANUT DES EDUC BASICA E VAL PROF;DETALHE;04.05.2022;ORIGEM ICMS EST;19.185_54C;C;19185.54
2022-05;demonstrativoDAF (17).csv;FEB;FUNDEB-FNDO MANUT DES EDUC BASICA E VAL PROF;TOTAL_NA_DATA;04.05.2022;TOTAL NA DATA;32.489_34C;C;32489.34
2022-05;demonstrativoDAF (17).csv;FEB;FUNDEB-FNDO MANUT DES EDUC BASICA E VAL PROF;DETALHE;10.05.2022;ORIGEM ITR;256_23C;C;256.23
2022-05;demonstrativoDAF (17).csv;FEB;FUNDEB-FNDO MANUT DES EDUC BASICA E VAL PROF;DETALHE;10.05.2022;ORIGEM IPI-EXP;1.758_36C;C;1758.36
2022-05;demonstrativoDAF (17).csv;FEB;FUNDEB-FNDO MANUT DES EDUC BASICA E VAL PROF;DETALHE;10.05.2022;ORIGEM ICMS-EST;8.997_81C;C;8997.81
2022-05;demonstrativoDAF (17).csv;FEB;FUNDEB-FNDO MANUT DES EDUC BASICA E VAL PROF;DETALHE;10.05.2022;ORIGEM FPE;26.819_09C;C;26819.09
2022-05;demonstrativoDAF (17).csv;FEB;FUNDEB-FNDO MANUT DES EDUC BASICA E VAL PROF;DETALHE;10.05.2022;ORIGEM FPM;65.946_05C;C;65946.05
2022-05;demonstrativoDAF (17).csv;FEB;FUNDEB-FNDO MANUT DES EDUC BASICA E VAL PROF;TOTAL_NA_DATA;10.05.2022;TOTAL NA DATA;103.777_54C;C;103777.54
2022-05;demonstrativoDAF (17).csv;FEB;FUNDEB-FNDO MANUT DES EDUC BASICA E VAL PROF;DETALHE;11.05.2022;ORIGEM IPVA;10.383_90C;C;10383.9
2022-05;demonstrativoDAF (17).csv;FEB;FUNDEB-FNDO MANUT DES EDUC BASICA E VAL PROF;DETALHE;11.05.2022;ORIGEM ITCMD;1.759_84C;C;1759.84
2022-05;demonstrativoDAF (17).csv;FEB;FUNDEB-FNDO MANUT DES EDUC BASICA E VAL PROF;DETALHE;11.05.2022;ORIGEM ICMS EST;47.540_32C;C;47540.32
2022-05;demonstrativoDAF (17).csv;FEB;FUNDEB-FNDO MANUT DES EDUC BASICA E VAL PROF;TOTAL_NA_DATA;11.05.2022;TOTAL NA DATA;59.684_06C;C;59684.06
2022-05;demonstrativoDAF (17).csv;FEB;FUNDEB-FNDO MANUT DES EDUC BASICA E VAL PROF;DETALHE;17.05.2022;ORIGEM ICMS-EST;51.315_54C;C;51315.54
2022-05;demonstrativoDAF (17).csv;FEB;FUNDEB-FNDO MANUT DES EDUC BASICA E VAL PROF;TOTAL_NA_DATA;17.05.2022;TOTAL NA DATA;51.315_54C;C;51315.54
2022-05;demonstrativoDAF (17).csv;FEB;FUNDEB-FNDO MANUT DES EDUC BASICA E VAL PROF;DETALHE;18.05.2022;ORIGEM IPVA;11.349_34C;C;11349.34
2022-05;demonstrativoDAF (17).csv;FEB;FUNDEB-FNDO MANUT DES EDUC BASICA E VAL PROF;DETALHE;18.05.2022;ORIGEM ITCMD;1.963_65C;C;1963.65
2022-05;demonstrativoDAF (17).csv;FEB;FUNDEB-FNDO MANUT DES EDUC BASICA E VAL PROF;DETALHE;18.05.2022;ORIGEM ICMS EST;143.732_19C;C;143732.19
2022-05;demonstrativoDAF (17).csv;FEB;FUNDEB-FNDO MANUT DES EDUC BASICA E VAL PROF;TOTAL_NA_DATA;18.05.2022;TOTAL NA DATA;157.045_18C;C;157045.18
2022-05;demonstrativoDAF (17).csv;FEB;FUNDEB-FNDO MANUT DES EDUC BASICA E VAL PROF;DETALHE;20.05.2022;ORIGEM ITR;64_19C;C;64.19
2022-05;demonstrativoDAF (17).csv;FEB;FUNDEB-FNDO MANUT DES EDUC BASICA E VAL PROF;DETALHE;20.05.2022;ORIGEM IPI-EXP;634_55C;C;634.55
2022-05;demonstrativoDAF (17).csv;FEB;FUNDEB-FNDO MANUT DES EDUC BASICA E VAL PROF;DETALHE;20.05.2022;ORIGEM FPE;3.761_88C;C;3761.88
2022-05;demonstrativoDAF (17).csv;FEB;FUNDEB-FNDO MANUT DES EDUC BASICA E VAL PROF;DETALHE;20.05.2022;ORIGEM FPM;9.229_47C;C;9229.47
2022-05;demonstrativoDAF (17).csv;FEB;FUNDEB-FNDO MANUT DES EDUC BASICA E VAL PROF;TOTAL_NA_DATA;20.05.2022;TOTAL NA DATA;13.690_09C;C;13690.09
2022-05;demonstrativoDAF (17).csv;FEB;FUNDEB-FNDO MANUT DES EDUC BASICA E VAL PROF;DETALHE;24.05.2022;ORIGEM ICMS-EST;10.659_76C;C;10659.76
2022-05;demonstrativoDAF (17).csv;FEB;FUNDEB-FNDO MANUT DES EDUC BASICA E VAL PROF;TOTAL_NA_DATA;24.05.2022;TOTAL NA DATA;10.659_76C;C;10659.76
2022-05;demonstrativoDAF (17).csv;FEB;FUNDEB-FNDO MANUT DES EDUC BASICA E VAL PROF;DETALHE;25.05.2022;ORIGEM IPVA;23.605_35C;C;23605.35
2022-05;demonstrativoDAF (17).csv;FEB;FUNDEB-FNDO MANUT DES EDUC BASICA E VAL PROF;DETALHE;25.05.2022;ORIGEM ITCMD;2.399_63C;C;2399.63
2022-05;demonstrativoDAF (17).csv;FEB;FUNDEB-FNDO MANUT DES EDUC BASICA E VAL PROF;DETALHE;25.05.2022;ORIGEM ICMS EST;41.058_06C;C;41058.06
2022-05;demonstrativoDAF (17).csv;FEB;FUNDEB-FNDO MANUT DES EDUC BASICA E VAL PROF;TOTAL_NA_DATA;25.05.2022;TOTAL NA DATA;67.063_04C;C;67063.04
2022-05;demonstrativoDAF (17).csv;FEB;FUNDEB-FNDO MANUT DES EDUC BASICA E VAL PROF;DETALHE;30.05.2022;ORIGEM ITR;96_30C;C;96.3
2022-05;demonstrativoDAF (17).csv;FEB;FUNDEB-FNDO MANUT DES EDUC BASICA E VAL PROF;DETALHE;30.05.2022;ORIGEM IPI-EXP;366_30C;C;366.3
2022-05;demonstrativoDAF (17).csv;FEB;FUNDEB-FNDO MANUT DES EDUC BASICA E VAL PROF;DETALHE;30.05.2022;ORIGEM FPE;12.116_55C;C;12116.55
2022-05;demonstrativoDAF (17).csv;FEB;FUNDEB-FNDO MANUT DES EDUC BASICA E VAL PROF;DETALHE;30.05.2022;ORIGEM FPM;29.820_58C;C;29820.58
2022-05;demonstrativoDAF (17).csv;FEB;FUNDEB-FNDO MANUT DES EDUC BASICA E VAL PROF;TOTAL_NA_DATA;30.05.2022;TOTAL NA DATA;42.399_73C;C;42399.73
2022-05;demonstrativoDAF (17).csv;FEB;FUNDEB-FNDO MANUT DES EDUC BASICA E VAL PROF;DETALHE;31.05.2022;ORIGEM ICMS EST;51.092_88C;C;51092.88
2022-05;demonstrativoDAF (17).csv;FEB;FUNDEB-FNDO MANUT DES EDUC BASICA E VAL PROF;DETALHE;31.05.2022;ORIGEM ICMS-EST;19.835_38C;C;19835.38
2022-05;demonstrativoDAF (17).csv;FEB;FUNDEB-FNDO MANUT DES EDUC BASICA E VAL PROF;TOTAL_NA_DATA;31.05.2022;TOTAL NA DATA;70.928_26C;C;70928.26
2022-05;demonstrativoDAF (17).csv;FEP;FUNDO ESPECIAL DO PETROLEO;TOTAL_QUOTA_PARCELA;;COTA-PARTE;46.212_91C;C;46212.91
2022-05;demonstrativoDAF (17).csv;FEP;FUNDO ESPECIAL DO PETROLEO;TOTAL_QUOTA_PARCELA;;RETENCAO PASEP;462_11D;D;-462.11
2022-05;demonstrativoDAF (17).csv;FEP;FUNDO ESPECIAL DO PETROLEO;TOTAL_QUOTA_FUNDO;;DEBITO FUNDO;462_11D;D;-462.11
2022-05;demonstrativoDAF (17).csv;FEP;FUNDO ESPECIAL DO PETROLEO;TOTAL_QUOTA_FUNDO;;CREDITO FUNDO;46.212_91C;C;46212.91
2022-05;demonstrativoDAF (17).csv;FEP;FUNDO ESPECIAL DO PETROLEO;DETALHE;20.05.2022;COTA-PARTE;36.220_96C;C;36220.96
2022-05;demonstrativoDAF (17).csv;FEP;FUNDO ESPECIAL DO PETROLEO;DETALHE;20.05.2022;RETENCAO PASEP;362_20D;D;-362.2
2022-05;demonstrativoDAF (17).csv;FEP;FUNDO ESPECIAL DO PETROLEO;TOTAL_NA_DATA;20.05.2022;TOTAL NA DATA;35.858_76C;C;35858.76
2022-05;demonstrativoDAF (17).csv;FEP;FUNDO ESPECIAL DO PETROLEO;DETALHE;27.05.2022;COTA-PARTE;9.991_95C;C;9991.95
2022-05;demonstrativoDAF (17).csv;FEP;FUNDO ESPECIAL DO PETROLEO;DETALHE;27.05.2022;RETENCAO PASEP;99_91D;D;-99.91
2022-05;demonstrativoDAF (17).csv;FEP;FUNDO ESPECIAL DO PETROLEO;TOTAL_NA_DATA;27.05.2022;TOTAL NA DATA;9.892_04C;C;9892.04
2022-05;demonstrativoDAF (17).csv;FPM;FUNDO DE PARTICIPACAO DOS MUNICIPIOS;TOTAL_QUOTA_PARCELA;;PARCELA DE IPI;91.750_49C;C;91750.49
2022-05;demonstrativoDAF (17).csv;FPM;FUNDO DE PARTICIPACAO DOS MUNICIPIOS;TOTAL_QUOTA_PARCELA;;PARCELA DE IR;1.680.975_98C;C;1680975.98
2022-05;demonstrativoDAF (17).csv;FPM;FUNDO DE PARTICIPACAO DOS MUNICIPIOS;TOTAL_QUOTA_PARCELA;;RETENCAO PASEP;17.727_23D;D;-17727.23
2022-05;demonstrativoDAF (17).csv;FPM;FUNDO DE PARTICIPACAO DOS MUNICIPIOS;TOTAL_QUOTA_PARCELA;;RFB-PREV-OB COR;385.268_83D;D;-385268.83
2022-05;demonstrativoDAF (17).csv;FPM;FUNDO DE PARTICIPACAO DOS MUNICIPIOS;TOTAL_QUOTA_PARCELA;;RFB-PREV-OB DEV;69.348_39D;D;-69348.39
2022-05;demonstrativoDAF (17).csv;FPM;FUNDO DE PARTICIPACAO DOS MUNICIPIOS;TOTAL_QUOTA_PARCELA;;RFB-PREV-PARC60;102.107_72D;D;-102107.72
2022-05;demonstrativoDAF (17).csv;FPM;FUNDO DE PARTICIPACAO DOS MUNICIPIOS;TOTAL_QUOTA_PARCELA;;DEDUCAO SAUDE;265.908_93D;D;-265908.93
2022-05;demonstrativoDAF (17).csv;FPM;FUNDO DE PARTICIPACAO DOS MUNICIPIOS;TOTAL_QUOTA_PARCELA;;DEDUCAO FUNDEB;354.545_26D;D;-354545.26
2022-05;demonstrativoDAF (17).csv;FPM;FUNDO DE PARTICIPACAO DOS MUNICIPIOS;TOTAL_QUOTA_FUNDO;;DEBITO FUNDO;1.194.906_36D;D;-1194906.36
2022-05;demonstrativoDAF (17).csv;FPM;FUNDO DE PARTICIPACAO DOS MUNICIPIOS;TOTAL_QUOTA_FUNDO;;CREDITO FUNDO;1.772.726_47C;C;1772726.47
2022-05;demonstrativoDAF (17).csv;FPM;FUNDO DE PARTICIPACAO DOS MUNICIPIOS;DETALHE;10.05.2022;PARCELA DE IPI;58.469_73C;C;58469.73
2022-05;demonstrativoDAF (17).csv;FPM;FUNDO DE PARTICIPACAO DOS MUNICIPIOS;DETALHE;10.05.2022;PARCELA DE IR;1.054.945_92C;C;1054945.92
2022-05;demonstrativoDAF (17).csv;FPM;FUNDO DE PARTICIPACAO DOS MUNICIPIOS;DETALHE;10.05.2022;RETENCAO PASEP;11.134_14D;D;-11134.14
2022-05;demonstrativoDAF (17).csv;FPM;FUNDO DE PARTICIPACAO DOS MUNICIPIOS;DETALHE;10.05.2022;RFB-PREV-OB COR;385.268_83D;D;-385268.83
2022-05;demonstrativoDAF (17).csv;FPM;FUNDO DE PARTICIPACAO DOS MUNICIPIOS;DETALHE;10.05.2022;RFB-PREV-OB DEV;69.348_39D;D;-69348.39
2022-05;demonstrativoDAF (17).csv;FPM;FUNDO DE PARTICIPACAO DOS MUNICIPIOS;DETALHE;10.05.2022;RFB-PREV-PARC60;102.107_72D;D;-102107.72
2022-05;demonstrativoDAF (17).csv;FPM;FUNDO DE PARTICIPACAO DOS MUNICIPIOS;DETALHE;10.05.2022;DEDUCAO SAUDE;167.012_33D;D;-167012.33
2022-05;demonstrativoDAF (17).csv;FPM;FUNDO DE PARTICIPACAO DOS MUNICIPIOS;DETALHE;10.05.2022;DEDUCAO FUNDEB;222.683_12D;D;-222683.12
2022-05;demonstrativoDAF (17).csv;FPM;FUNDO DE PARTICIPACAO DOS MUNICIPIOS;TOTAL_NA_DATA;10.05.2022;TOTAL NA DATA;155.861_12C;C;155861.12
2022-05;demonstrativoDAF (17).csv;FPM;FUNDO DE PARTICIPACAO DOS MUNICIPIOS;DETALHE;20.05.2022;PARCELA DE IPI;21.100_23C;C;21100.23
2022-05;demonstrativoDAF (17).csv;FPM;FUNDO DE PARTICIPACAO DOS MUNICIPIOS;DETALHE;20.05.2022;PARCELA DE IR;134.727_72C;C;134727.72
2022-05;demonstrativoDAF (17).csv;FPM;FUNDO DE PARTICIPACAO DOS MUNICIPIOS;DETALHE;20.05.2022;RETENCAO PASEP;1.558_27D;D;-1558.27
2022-05;demonstrativoDAF (17).csv;FPM;FUNDO DE PARTICIPACAO DOS MUNICIPIOS;DETALHE;20.05.2022;DEDUCAO SAUDE;23.374_18D;D;-23374.18
2022-05;demonstrativoDAF (17).csv;FPM;FUNDO DE PARTICIPACAO DOS MUNICIPIOS;DETALHE;20.05.2022;DEDUCAO FUNDEB;31.165_58D;D;-31165.58
2022-05;demonstrativoDAF (17).csv;FPM;FUNDO DE PARTICIPACAO DOS MUNICIPIOS;TOTAL_NA_DATA;20.05.2022;TOTAL NA DATA;99.729_92C;C;99729.92
2022-05;demonstrativoDAF (17).csv;FPM;FUNDO DE PARTICIPACAO DOS MUNICIPIOS;DETALHE;30.05.2022;PARCELA DE IPI;12.180_53C;C;12180.53
2022-05;demonstrativoDAF (17).csv;FPM;FUNDO DE PARTICIPACAO DOS MUNICIPIOS;DETALHE;30.05.2022;PARCELA DE IR;491.302_34C;C;491302.34
2022-05;demonstrativoDAF (17).csv;FPM;FUNDO DE PARTICIPACAO DOS MUNICIPIOS;DETALHE;30.05.2022;RETENCAO PASEP;5.034_82D;D;-5034.82
2022-05;demonstrativoDAF (17).csv;FPM;FUNDO DE PARTICIPACAO DOS MUNICIPIOS;DETALHE;30.05.2022;DEDUCAO SAUDE;75.522_42D;D;-75522.42
2022-05;demonstrativoDAF (17).csv;FPM;FUNDO DE PARTICIPACAO DOS MUNICIPIOS;DETALHE;30.05.2022;DEDUCAO FUNDEB;100.696_56D;D;-100696.56
2022-05;demonstrativoDAF (17).csv;FPM;FUNDO DE PARTICIPACAO DOS MUNICIPIOS;TOTAL_NA_DATA;30.05.2022;TOTAL NA DATA;322.229_07C;C;322229.07
2022-05;demonstrativoDAF (17).csv;FUS;FUNDO SAUDE;TOTAL_QUOTA_PARCELA;;ORIGEM FPM;265.908_93C;C;265908.93
2022-05;demonstrativoDAF (17).csv;FUS;FUNDO SAUDE;TOTAL_QUOTA_PARCELA;;REF.ICMS ESTADO;111.032_93C;C;111032.93
2022-05;demonstrativoDAF (17).csv;FUS;FUNDO SAUDE;TOTAL_QUOTA_PARCELA;;ORIGEM ITR;122_31C;C;122.31
2022-05;demonstrativoDAF (17).csv;FUS;FUNDO SAUDE;TOTAL_QUOTA_PARCELA;;ORIGEM IPM;723_90C;C;723.9
2022-05;demonstrativoDAF (17).csv;FUS;FUNDO SAUDE;TOTAL_QUOTA_FUNDO;;DEBITO FUNDO;0_00D;D;-0.0
2022-05;demonstrativoDAF (17).csv;FUS;FUNDO SAUDE;TOTAL_QUOTA_FUNDO;;CREDITO FUNDO;377.788_07C;C;377788.07
2022-05;demonstrativoDAF (17).csv;FUS;FUNDO SAUDE;DETALHE;03.05.2022;REF.ICMS ESTADO;14.770_47C;C;14770.47
2022-05;demonstrativoDAF (17).csv;FUS;FUNDO SAUDE;TOTAL_NA_DATA;03.05.2022;TOTAL NA DATA;14.770_47C;C;14770.47
2022-05;demonstrativoDAF (17).csv;FUS;FUNDO SAUDE;DETALHE;10.05.2022;ORIGEM FPM;167.012_33C;C;167012.33
2022-05;demonstrativoDAF (17).csv;FUS;FUNDO SAUDE;DETALHE;10.05.2022;REF.ICMS ESTADO;9.538_22C;C;9538.22
2022-05;demonstrativoDAF (17).csv;FUS;FUNDO SAUDE;DETALHE;10.05.2022;ORIGEM ITR;122_31C;C;122.31
2022-05;demonstrativoDAF (17).csv;FUS;FUNDO SAUDE;DETALHE;10.05.2022;ORIGEM IPM;461_32C;C;461.32
2022-05;demonstrativoDAF (17).csv;FUS;FUNDO SAUDE;TOTAL_NA_DATA;10.05.2022;TOTAL NA DATA;177.134_18C;C;177134.18
2022-05;demonstrativoDAF (17).csv;FUS;FUNDO SAUDE;DETALHE;17.05.2022;REF.ICMS ESTADO;54.397_55C;C;54397.55
2022-05;demonstrativoDAF (17).csv;FUS;FUNDO SAUDE;TOTAL_NA_DATA;17.05.2022;TOTAL NA DATA;54.397_55C;C;54397.55
2022-05;demonstrativoDAF (17).csv;FUS;FUNDO SAUDE;DETALHE;20.05.2022;ORIGEM FPM;23.374_18C;C;23374.18
2022-05;demonstrativoDAF (17).csv;FUS;FUNDO SAUDE;DETALHE;20.05.2022;ORIGEM IPM;166_48C;C;166.48
2022-05;demonstrativoDAF (17).csv;FUS;FUNDO SAUDE;TOTAL_NA_DATA;20.05.2022;TOTAL NA DATA;23.540_66C;C;23540.66
2022-05;demonstrativoDAF (17).csv;FUS;FUNDO SAUDE;DETALHE;24.05.2022;REF.ICMS ESTADO;11.299_99C;C;11299.99
2022-05;demonstrativoDAF (17).csv;FUS;FUNDO SAUDE;TOTAL_NA_DATA;24.05.2022;TOTAL NA DATA;11.299_99C;C;11299.99
2022-05;demonstrativoDAF (17).csv;FUS;FUNDO SAUDE;DETALHE;30.05.2022;ORIGEM FPM;75.522_42C;C;75522.42
2022-05;demonstrativoDAF (17).csv;FUS;FUNDO SAUDE;DETALHE;30.05.2022;ORIGEM IPM;96_10C;C;96.1
2022-05;demonstrativoDAF (17).csv;FUS;FUNDO SAUDE;TOTAL_NA_DATA;30.05.2022;TOTAL NA DATA;75.618_52C;C;75618.52
2022-05;demonstrativoDAF (17).csv;FUS;FUNDO SAUDE;DETALHE;31.05.2022;REF.ICMS ESTADO;21.026_70C;C;21026.7
2022-05;demonstrativoDAF (17).csv;FUS;FUNDO SAUDE;TOTAL_NA_DATA;31.05.2022;TOTAL NA DATA;21.026_70C;C;21026.7
2022-05;demonstrativoDAF (17).csv;ICS;ICMS ESTADUAL;TOTAL_QUOTA_PARCELA;;COTA-PARTE;740.219_62C;C;740219.62
2022-05;demonstrativoDAF (17).csv;ICS;ICMS ESTADUAL;TOTAL_QUOTA_PARCELA;;DEDUCAO SAUDE;111.032_93D;D;-111032.93
2022-05;demonstrativoDAF (17).csv;ICS;ICMS ESTADUAL;TOTAL_QUOTA_PARCELA;;DEDUCAO FUNDEB;148.043_91D;D;-148043.91
2022-05;demonstrativoDAF (17).csv;ICS;ICMS ESTADUAL;TOTAL_QUOTA_FUNDO;;DEBITO FUNDO;259.076_84D;D;-259076.84
2022-05;demonstrativoDAF (17).csv;ICS;ICMS ESTADUAL;TOTAL_QUOTA_FUNDO;;CREDITO FUNDO;740.219_62C;C;740219.62
2022-05;demonstrativoDAF (17).csv;ICS;ICMS ESTADUAL;DETALHE;03.05.2022;COTA-PARTE;98.469_81C;C;98469.81
2022-05;demonstrativoDAF (17).csv;ICS;ICMS ESTADUAL;DETALHE;03.05.2022;DEDUCAO SAUDE;14.770_47D;D;-14770.47
2022-05;demonstrativoDAF (17).csv;ICS;ICMS ESTADUAL;DETALHE;03.05.2022;DEDUCAO FUNDEB;19.693_96D;D;-19693.96
2022-05;demonstrativoDAF (17).csv;ICS;ICMS ESTADUAL;TOTAL_NA_DATA;03.05.2022;TOTAL NA DATA;64.005_38C;C;64005.38
2022-05;demonstrativoDAF (17).csv;ICS;ICMS ESTADUAL;DETALHE;10.05.2022;COTA-PARTE;63.588_15C;C;63588.15
2022-05;demonstrativoDAF (17).csv;ICS;ICMS ESTADUAL;DETALHE;10.05.2022;DEDUCAO SAUDE;9.538_22D;D;-9538.22
2022-05;demonstrativoDAF (17).csv;ICS;ICMS ESTADUAL;DETALHE;10.05.2022;DEDUCAO FUNDEB;12.717_63D;D;-12717.63
2022-05;demonstrativoDAF (17).csv;ICS;ICMS ESTADUAL;TOTAL_NA_DATA;10.05.2022;TOTAL NA DATA;41.332_30C;C;41332.3
2022-05;demonstrativoDAF (17).csv;ICS;ICMS ESTADUAL;DETALHE;17.05.2022;COTA-PARTE;362.650_39C;C;362650.39
2022-05;demonstrativoDAF (17).csv;ICS;ICMS ESTADUAL;DETALHE;17.05.2022;DEDUCAO SAUDE;54.397_55D;D;-54397.55
2022-05;demonstrativoDAF (17).csv;ICS;ICMS ESTADUAL;DETALHE;17.05.2022;DEDUCAO FUNDEB;72.530_07D;D;-72530.07
2022-05;demonstrativoDAF (17).csv;ICS;ICMS ESTADUAL;TOTAL_NA_DATA;17.05.2022;TOTAL NA DATA;235.722_77C;C;235722.77
2022-05;demonstrativoDAF (17).csv;ICS;ICMS ESTADUAL;DETALHE;24.05.2022;COTA-PARTE;75.333_27C;C;75333.27
2022-05;demonstrativoDAF (17).csv;ICS;ICMS ESTADUAL;DETALHE;24.05.2022;DEDUCAO SAUDE;11.299_99D;D;-11299.99
2022-05;demonstrativoDAF (17).csv;ICS;ICMS ESTADUAL;DETALHE;24.05.2022;DEDUCAO FUNDEB;15.066_65D;D;-15066.65
2022-05;demonstrativoDAF (17).csv;ICS;ICMS ESTADUAL;TOTAL_NA_DATA;24.05.2022;TOTAL NA DATA;48.966_63C;C;48966.63
2022-05;demonstrativoDAF (17).csv;ICS;ICMS ESTADUAL;DETALHE;31.05.2022;COTA-PARTE;140.178_00C;C;140178.0
2022-05;demonstrativoDAF (17).csv;ICS;ICMS ESTADUAL;DETALHE;31.05.2022;DEDUCAO SAUDE;21.026_70D;D;-21026.7
2022-05;demonstrativoDAF (17).csv;ICS;ICMS ESTADUAL;DETALHE;31.05.2022;DEDUCAO FUNDEB;28.035_60D;D;-28035.6
2022-05;demonstrativoDAF (17).csv;ICS;ICMS ESTADUAL;TOTAL_NA_DATA;31.05.2022;TOTAL NA DATA;91.115_70C;C;91115.7
2022-05;demonstrativoDAF (17).csv;IPM;IPI EXPORTACAO - COTA MUNICIPIO;TOTAL_QUOTA_PARCELA;;DEDUCAO SAUDE;723_90D;D;-723.9
2022-05;demonstrativoDAF (17).csv;IPM;IPI EXPORTACAO - COTA MUNICIPIO;TOTAL_QUOTA_PARCELA;;IPM IPI-MUNIC;3.860_90C;C;3860.9
2022-05;demonstrativoDAF (17).csv;IPM;IPI EXPORTACAO - COTA MUNICIPIO;TOTAL_QUOTA_FUNDO;;DEBITO FUNDO;723_90D;D;-723.9
2022-05;demonstrativoDAF (17).csv;IPM;IPI EXPORTACAO - COTA MUNICIPIO;TOTAL_QUOTA_FUNDO;;CREDITO FUNDO;3.860_90C;C;3860.9
2022-05;demonstrativoDAF (17).csv;IPM;IPI EXPORTACAO - COTA MUNICIPIO;DETALHE;10.05.2022;DEDUCAO SAUDE;461_32D;D;-461.32
2022-05;demonstrativoDAF (17).csv;IPM;IPI EXPORTACAO - COTA MUNICIPIO;DETALHE;10.05.2022;IPM IPI-MUNIC;2.460_43C;C;2460.43
2022-05;demonstrativoDAF (17).csv;IPM;IPI EXPORTACAO - COTA MUNICIPIO;TOTAL_NA_DATA;10.05.2022;TOTAL NA DATA;1.999_11C;C;1999.11
2022-05;demonstrativoDAF (17).csv;IPM;IPI EXPORTACAO - COTA MUNICIPIO;DETALHE;20.05.2022;DEDUCAO SAUDE;166_48D;D;-166.48
2022-05;demonstrativoDAF (17).csv;IPM;IPI EXPORTACAO - COTA MUNICIPIO;DETALHE;20.05.2022;IPM IPI-MUNIC;887_91C;C;887.91
2022-05;demonstrativoDAF (17).csv;IPM;IPI EXPORTACAO - COTA MUNICIPIO;TOTAL_NA_DATA;20.05.2022;TOTAL NA DATA;721_43C;C;721.43
2022-05;demonstrativoDAF (17).csv;IPM;IPI EXPORTACAO - COTA MUNICIPIO;DETALHE;30.05.2022;DEDUCAO SAUDE;96_10D;D;-96.1
2022-05;demonstrativoDAF (17).csv;IPM;IPI EXPORTACAO - COTA MUNICIPIO;DETALHE;30.05.2022;IPM IPI-MUNIC;512_56C;C;512.56
2022-05;demonstrativoDAF (17).csv;IPM;IPI EXPORTACAO - COTA MUNICIPIO;TOTAL_NA_DATA;30.05.2022;TOTAL NA DATA;416_46C;C;416.46
2022-05;demonstrativoDAF (17).csv;ITA;ROYALTIES DE ITAIPU;TOTAL_QUOTA_PARCELA;;RETENCAO PASEP;4_06D;D;-4.06
2022-05;demonstrativoDAF (17).csv;ITA;ROYALTIES DE ITAIPU;TOTAL_QUOTA_PARCELA;;ITA-ROYT.ITAIPU;406_50C;C;406.5
2022-05;demonstrativoDAF (17).csv;ITA;ROYALTIES DE ITAIPU;TOTAL_QUOTA_FUNDO;;DEBITO FUNDO;4_06D;D;-4.06
2022-05;demonstrativoDAF (17).csv;ITA;ROYALTIES DE ITAIPU;TOTAL_QUOTA_FUNDO;;CREDITO FUNDO;406_50C;C;406.5
2022-05;demonstrativoDAF (17).csv;ITA;ROYALTIES DE ITAIPU;DETALHE;17.05.2022;RETENCAO PASEP;4_06D;D;-4.06
2022-05;demonstrativoDAF (17).csv;ITA;ROYALTIES DE ITAIPU;DETALHE;17.05.2022;ITA-ROYT.ITAIPU;406_50C;C;406.5
2022-05;demonstrativoDAF (17).csv;ITA;ROYALTIES DE ITAIPU;TOTAL_NA_DATA;17.05.2022;TOTAL NA DATA;402_44C;C;402.44
2022-05;demonstrativoDAF (17).csv;ITR;IMPOSTO TERRITORIAL RURAL;TOTAL_QUOTA_PARCELA;;RETENCAO PASEP;6_52D;D;-6.52
2022-05;demonstrativoDAF (17).csv;ITR;IMPOSTO TERRITORIAL RURAL;TOTAL_QUOTA_PARCELA;;DEDUCAO SAUDE;122_31D;D;-122.31
2022-05;demonstrativoDAF (17).csv;ITR;IMPOSTO TERRITORIAL RURAL;TOTAL_QUOTA_PARCELA;;DEDUCAO FUNDEB;163_08D;D;-163.08
2022-05;demonstrativoDAF (17).csv;ITR;IMPOSTO TERRITORIAL RURAL;TOTAL_QUOTA_PARCELA;;ITR-CONVENIO;815_41C;C;815.41
2022-05;demonstrativoDAF (17).csv;ITR;IMPOSTO TERRITORIAL RURAL;TOTAL_QUOTA_FUNDO;;DEBITO FUNDO;291_91D;D;-291.91
2022-05;demonstrativoDAF (17).csv;ITR;IMPOSTO TERRITORIAL RURAL;TOTAL_QUOTA_FUNDO;;CREDITO FUNDO;815_41C;C;815.41
2022-05;demonstrativoDAF (17).csv;ITR;IMPOSTO TERRITORIAL RURAL;DETALHE;10.05.2022;RETENCAO PASEP;6_52D;D;-6.52
2022-05;demonstrativoDAF (17).csv;ITR;IMPOSTO TERRITORIAL RURAL;DETALHE;10.05.2022;DEDUCAO SAUDE;122_31D;D;-122.31
2022-05;demonstrativoDAF (17).csv;ITR;IMPOSTO TERRITORIAL RURAL;DETALHE;10.05.2022;DEDUCAO FUNDEB;163_08D;D;-163.08
2022-05;demonstrativoDAF (17).csv;ITR;IMPOSTO TERRITORIAL RURAL;DETALHE;10.05.2022;ITR-CONVENIO;815_41C;C;815.41
2022-05;demonstrativoDAF (17).csv;ITR;IMPOSTO TERRITORIAL RURAL;TOTAL_NA_DATA;10.05.2022;TOTAL NA DATA;523_50C;C;523.5
2022-05;demonstrativoDAF (17).csv;RPM;ROYALTIES PETROLEO COTA MUNICIPAL;DETALHE;17.05.2022;ANP LEI 7990/89;246_22C;C;246.22
2022-05;demonstrativoDAF (17).csv;SNA;SIMPLES NACIONAL;TOTAL_QUOTA_PARCELA;;SIMPLES NACION.;21.755_02C;C;21755.02
2022-05;demonstrativoDAF (17).csv;SNA;SIMPLES NACIONAL;TOTAL_QUOTA_FUNDO;;DEBITO FUNDO;0_00D;D;-0.0
2022-05;demonstrativoDAF (17).csv;SNA;SIMPLES NACIONAL;TOTAL_QUOTA_FUNDO;;CREDITO FUNDO;21.755_02C;C;21755.02
2022-05;demonstrativoDAF (17).csv;SNA;SIMPLES NACIONAL;DETALHE;02.05.2022;SIMPLES NACION.;20_57C;C;20.57
2022-05;demonstrativoDAF (17).csv;SNA;SIMPLES NACIONAL;TOTAL_NA_DATA;02.05.2022;TOTAL NA DATA;20_57C;C;20.57
2022-05;demonstrativoDAF (17).csv;SNA;SIMPLES NACIONAL;DETALHE;03.05.2022;SIMPLES NACION.;371_96C;C;371.96
2022-05;demonstrativoDAF (17).csv;SNA;SIMPLES NACIONAL;TOTAL_NA_DATA;03.05.2022;TOTAL NA DATA;371_96C;C;371.96
2022-05;demonstrativoDAF (17).csv;SNA;SIMPLES NACIONAL;DETALHE;04.05.2022;SIMPLES NACION.;298_49C;C;298.49
2022-05;demonstrativoDAF (17).csv;SNA;SIMPLES NACIONAL;TOTAL_NA_DATA;04.05.2022;TOTAL NA DATA;298_49C;C;298.49
2022-05;demonstrativoDAF (17).csv;SNA;SIMPLES NACIONAL;DETALHE;05.05.2022;SIMPLES NACION.;25_74C;C;25.74
2022-05;demonstrativoDAF (17).csv;SNA;SIMPLES NACIONAL;TOTAL_NA_DATA;05.05.2022;TOTAL NA DATA;25_74C;C;25.74
2022-05;demonstrativoDAF (17).csv;SNA;SIMPLES NACIONAL;DETALHE;06.05.2022;SIMPLES NACION.;5_26C;C;5.26
2022-05;demonstrativoDAF (17).csv;SNA;SIMPLES NACIONAL;TOTAL_NA_DATA;06.05.2022;TOTAL NA DATA;5_26C;C;5.26
2022-05;demonstrativoDAF (17).csv;SNA;SIMPLES NACIONAL;DETALHE;09.05.2022;SIMPLES NACION.;38_28C;C;38.28
2022-05;demonstrativoDAF (17).csv;SNA;SIMPLES NACIONAL;TOTAL_NA_DATA;09.05.2022;TOTAL NA DATA;38_28C;C;38.28
2022-05;demonstrativoDAF (17).csv;SNA;SIMPLES NACIONAL;DETALHE;10.05.2022;SIMPLES NACION.;694_03C;C;694.03
2022-05;demonstrativoDAF (17).csv;SNA;SIMPLES NACIONAL;TOTAL_NA_DATA;10.05.2022;TOTAL NA DATA;694_03C;C;694.03
2022-05;demonstrativoDAF (17).csv;SNA;SIMPLES NACIONAL;DETALHE;11.05.2022;SIMPLES NACION.;190_48C;C;190.48
2022-05;demonstrativoDAF (17).csv;SNA;SIMPLES NACIONAL;TOTAL_NA_DATA;11.05.2022;TOTAL NA DATA;190_48C;C;190.48
2022-05;demonstrativoDAF (17).csv;SNA;SIMPLES NACIONAL;DETALHE;12.05.2022;SIMPLES NACION.;70_04C;C;70.04
2022-05;demonstrativoDAF (17).csv;SNA;SIMPLES NACIONAL;TOTAL_NA_DATA;12.05.2022;TOTAL NA DATA;70_04C;C;70.04
2022-05;demonstrativoDAF (17).csv;SNA;SIMPLES NACIONAL;DETALHE;13.05.2022;SIMPLES NACION.;22_45C;C;22.45
2022-05;demonstrativoDAF (17).csv;SNA;SIMPLES NACIONAL;TOTAL_NA_DATA;13.05.2022;TOTAL NA DATA;22_45C;C;22.45
2022-05;demonstrativoDAF (17).csv;SNA;SIMPLES NACIONAL;DETALHE;16.05.2022;SIMPLES NACION.;82_68C;C;82.68
2022-05;demonstrativoDAF (17).csv;SNA;SIMPLES NACIONAL;TOTAL_NA_DATA;16.05.2022;TOTAL NA DATA;82_68C;C;82.68
2022-05;demonstrativoDAF (17).csv;SNA;SIMPLES NACIONAL;DETALHE;17.05.2022;SIMPLES NACION.;41_23C;C;41.23
2022-05;demonstrativoDAF (17).csv;SNA;SIMPLES NACIONAL;TOTAL_NA_DATA;17.05.2022;TOTAL NA DATA;41_23C;C;41.23
2022-05;demonstrativoDAF (17).csv;SNA;SIMPLES NACIONAL;DETALHE;18.05.2022;SIMPLES NACION.;236_75C;C;236.75
2022-05;demonstrativoDAF (17).csv;SNA;SIMPLES NACIONAL;TOTAL_NA_DATA;18.05.2022;TOTAL NA DATA;236_75C;C;236.75
2022-05;demonstrativoDAF (17).csv;SNA;SIMPLES NACIONAL;DETALHE;19.05.2022;SIMPLES NACION.;5.997_67C;C;5997.67
2022-05;demonstrativoDAF (17).csv;SNA;SIMPLES NACIONAL;TOTAL_NA_DATA;19.05.2022;TOTAL NA DATA;5.997_67C;C;5997.67
2022-05;demonstrativoDAF (17).csv;SNA;SIMPLES NACIONAL;DETALHE;20.05.2022;SIMPLES NACION.;661_67C;C;661.67
2022-05;demonstrativoDAF (17).csv;SNA;SIMPLES NACIONAL;TOTAL_NA_DATA;20.05.2022;TOTAL NA DATA;661_67C;C;661.67
2022-05;demonstrativoDAF (17).csv;SNA;SIMPLES NACIONAL;DETALHE;23.05.2022;SIMPLES NACION.;1.084_15C;C;1084.15
2022-05;demonstrativoDAF (17).csv;SNA;SIMPLES NACIONAL;TOTAL_NA_DATA;23.05.2022;TOTAL NA DATA;1.084_15C;C;1084.15
2022-05;demonstrativoDAF (17).csv;SNA;SIMPLES NACIONAL;DETALHE;24.05.2022;SIMPLES NACION.;10.503_61C;C;10503.61
2022-05;demonstrativoDAF (17).csv;SNA;SIMPLES NACIONAL;TOTAL_NA_DATA;24.05.2022;TOTAL NA DATA;10.503_61C;C;10503.61
2022-05;demonstrativoDAF (17).csv;SNA;SIMPLES NACIONAL;DETALHE;25.05.2022;SIMPLES NACION.;282_30C;C;282.3
2022-05;demonstrativoDAF (17).csv;SNA;SIMPLES NACIONAL;TOTAL_NA_DATA;25.05.2022;TOTAL NA DATA;282_30C;C;282.3
2022-05;demonstrativoDAF (17).csv;SNA;SIMPLES NACIONAL;DETALHE;26.05.2022;SIMPLES NACION.;721_68C;C;721.68
2022-05;demonstrativoDAF (17).csv;SNA;SIMPLES NACIONAL;TOTAL_NA_DATA;26.05.2022;TOTAL NA DATA;721_68C;C;721.68
2022-05;demonstrativoDAF (17).csv;SNA;SIMPLES NACIONAL;DETALHE;27.05.2022;SIMPLES NACION.;130_90C;C;130.9
2022-05;demonstrativoDAF (17).csv;SNA;SIMPLES NACIONAL;TOTAL_NA_DATA;27.05.2022;TOTAL NA DATA;130_90C;C;130.9
2022-05;demonstrativoDAF (17).csv;SNA;SIMPLES NACIONAL;DETALHE;30.05.2022;SIMPLES NACION.;211_88C;C;211.88
2022-05;demonstrativoDAF (17).csv;SNA;SIMPLES NACIONAL;TOTAL_NA_DATA;30.05.2022;TOTAL NA DATA;211_88C;C;211.88
2022-05;demonstrativoDAF (17).csv;SNA;SIMPLES NACIONAL;DETALHE;31.05.2022;SIMPLES NACION.;63_20C;C;63.2
2022-05;demonstrativoDAF (17).csv;SNA;SIMPLES NACIONAL;TOTAL_NA_DATA;31.05.2022;TOTAL NA DATA;63_20C;C;63.2
2022-06;demonstrativoDAF (24).csv;;;TOTAL_PERIODO;;DEBITO BENEF.;1.372.244_99D;D;-1372244.99
2022-06;demonstrativoDAF (24).csv;;;TOTAL_PERIODO;;CREDITO BENEF.;3.240.843_03C;C;3240843.03
2022-06;demonstrativoDAF (24).csv;ADO;LC 176/2020 (ADO25);TOTAL_QUOTA_PARCELA;;RETENCAO PASEP;44_69D;D;-44.69
2022-06;demonstrativoDAF (24).csv;ADO;LC 176/2020 (ADO25);TOTAL_QUOTA_PARCELA;;LC 176/2020;4.469_49C;C;4469.49
2022-06;demonstrativoDAF (24).csv;ADO;LC 176/2020 (ADO25);TOTAL_QUOTA_FUNDO;;DEBITO FUNDO;44_69D;D;-44.69
2022-06;demonstrativoDAF (24).csv;ADO;LC 176/2020 (ADO25);TOTAL_QUOTA_FUNDO;;CREDITO FUNDO;4.469_49C;C;4469.49
2022-06;demonstrativoDAF (24).csv;ADO;LC 176/2020 (ADO25);DETALHE;30.06.2022;RETENCAO PASEP;44_69D;D;-44.69
2022-06;demonstrativoDAF (24).csv;ADO;LC 176/2020 (ADO25);DETALHE;30.06.2022;LC 176/2020;4.469_49C;C;4469.49
2022-06;demonstrativoDAF (24).csv;ADO;LC 176/2020 (ADO25);TOTAL_NA_DATA;30.06.2022;TOTAL NA DATA;4.424_80C;C;4424.8
2022-06;demonstrativoDAF (24).csv;CFH;COMPENSACAO FINANCEIRA RECURSOS HIDRICOS;TOTAL_QUOTA_PARCELA;;RETENCAO PASEP;92_81D;D;-92.81
2022-06;demonstrativoDAF (24).csv;CFH;COMPENSACAO FINANCEIRA RECURSOS HIDRICOS;TOTAL_QUOTA_PARCELA;;CFH-REC.HIDRICO;9.281_38C;C;9281.38
2022-06;demonstrativoDAF (24).csv;CFH;COMPENSACAO FINANCEIRA RECURSOS HIDRICOS;TOTAL_QUOTA_FUNDO;;DEBITO FUNDO;92_81D;D;-92.81
2022-06;demonstrativoDAF (24).csv;CFH;COMPENSACAO FINANCEIRA RECURSOS HIDRICOS;TOTAL_QUOTA_FUNDO;;CREDITO FUNDO;9.281_38C;C;9281.38
2022-06;demonstrativoDAF (24).csv;CFH;COMPENSACAO FINANCEIRA RECURSOS HIDRICOS;DETALHE;30.06.2022;RETENCAO PASEP;92_81D;D;-92.81
2022-06;demonstrativoDAF (24).csv;CFH;COMPENSACAO FINANCEIRA RECURSOS HIDRICOS;DETALHE;30.06.2022;CFH-REC.HIDRICO;9.281_38C;C;9281.38
2022-06;demonstrativoDAF (24).csv;CFH;COMPENSACAO FINANCEIRA RECURSOS HIDRICOS;TOTAL_NA_DATA;30.06.2022;TOTAL NA DATA;9.188_57C;C;9188.57
2022-06;demonstrativoDAF (24).csv;FEB;FUNDEB-FNDO MANUT DES EDUC BASICA E VAL PROF;TOTAL_QUOTA_PARCELA;;ORIGEM ITR;307_50C;C;307.5
2022-06;demonstrativoDAF (24).csv;FEB;FUNDEB-FNDO MANUT DES EDUC BASICA E VAL PROF;TOTAL_QUOTA_PARCELA;;ORIGEM IPVA;31.340_00C;C;31340.0
2022-06;demonstrativoDAF (24).csv;FEB;FUNDEB-FNDO MANUT DES EDUC BASICA E VAL PROF;TOTAL_QUOTA_PARCELA;;ORIGEM ITCMD;9.777_50C;C;9777.5
2022-06;demonstrativoDAF (24).csv;FEB;FUNDEB-FNDO MANUT DES EDUC BASICA E VAL PROF;TOTAL_QUOTA_PARCELA;;ORIGEM IPI-EXP;3.892_93C;C;3892.93
2022-06;demonstrativoDAF (24).csv;FEB;FUNDEB-FNDO MANUT DES EDUC BASICA E VAL PROF;TOTAL_QUOTA_PARCELA;;ORIGEM ICMS EST;271.070_69C;C;271070.69
2022-06;demonstrativoDAF (24).csv;FEB;FUNDEB-FNDO MANUT DES EDUC BASICA E VAL PROF;TOTAL_QUOTA_PARCELA;;ORIGEM ICMS-EST;86.283_11C;C;86283.11
2022-06;demonstrativoDAF (24).csv;FEB;FUNDEB-FNDO MANUT DES EDUC BASICA E VAL PROF;TOTAL_QUOTA_PARCELA;;ORIGEM FPE;39.978_06C;C;39978.06
2022-06;demonstrativoDAF (24).csv;FEB;FUNDEB-FNDO MANUT DES EDUC BASICA E VAL PROF;TOTAL_QUOTA_PARCELA;;ORIGEM FPM;98.243_91C;C;98243.91
2022-06;demonstrativoDAF (24).csv;FEB;FUNDEB-FNDO MANUT DES EDUC BASICA E VAL PROF;TOTAL_QUOTA_FUNDO;;DEBITO FUNDO;0_00D;D;-0.0
2022-06;demonstrativoDAF (24).csv;FEB;FUNDEB-FNDO MANUT DES EDUC BASICA E VAL PROF;TOTAL_QUOTA_FUNDO;;CREDITO FUNDO;540.893_70C;C;540893.7
2022-06;demonstrativoDAF (24).csv;FEB;FUNDEB-FNDO MANUT DES EDUC BASICA E VAL PROF;DETALHE;01.06.2022;ORIGEM IPVA;9.460_98C;C;9460.98
2022-06;demonstrativoDAF (24).csv;FEB;FUNDEB-FNDO MANUT DES EDUC BASICA E VAL PROF;DETALHE;01.06.2022;ORIGEM ITCMD;2.738_26C;C;2738.26
2022-06;demonstrativoDAF (24).csv;FEB;FUNDEB-FNDO MANUT DES EDUC BASICA E VAL PROF;TOTAL_NA_DATA;01.06.2022;TOTAL NA DATA;12.199_24C;C;12199.24
2022-06;demonstrativoDAF (24).csv;FEB;FUNDEB-FNDO MANUT DES EDUC BASICA E VAL PROF;DETALHE;07.06.2022;ORIGEM ICMS-EST;7.008_56C;C;7008.56
2022-06;demonstrativoDAF (24).csv;FEB;FUNDEB-FNDO MANUT DES EDUC BASICA E VAL PROF;TOTAL_NA_DATA;07.06.2022;TOTAL NA DATA;7.008_56C;C;7008.56
2022-06;demonstrativoDAF (24).csv;FEB;FUNDEB-FNDO MANUT DES EDUC BASICA E VAL PROF;DETALHE;08.06.2022;ORIGEM IPVA;6.762_37C;C;6762.37
2022-06;demonstrativoDAF (24).csv;FEB;FUNDEB-FNDO MANUT DES EDUC BASICA E VAL PROF;DETALHE;08.06.2022;ORIGEM ITCMD;2.168_46C;C;2168.46
2022-06;demonstrativoDAF (24).csv;FEB;FUNDEB-FNDO MANUT DES EDUC BASICA E VAL PROF;DETALHE;08.06.2022;ORIGEM ICMS EST;27.433_86C;C;27433.86
2022-06;demonstrativoDAF (24).csv;FEB;FUNDEB-FNDO MANUT DES EDUC BASICA E VAL PROF;TOTAL_NA_DATA;08.06.2022;TOTAL NA DATA;36.364_69C;C;36364.69
2022-06;demonstrativoDAF (24).csv;FEB;FUNDEB-FNDO MANUT DES EDUC BASICA E VAL PROF;DETALHE;10.06.2022;ORIGEM ITR;181_98C;C;181.98
2022-06;demonstrativoDAF (24).csv;FEB;FUNDEB-FNDO MANUT DES EDUC BASICA E VAL PROF;DETALHE;10.06.2022;ORIGEM IPI-EXP;2.249_23C;C;2249.23
2022-06;demonstrativoDAF (24).csv;FEB;FUNDEB-FNDO MANUT DES EDUC BASICA E VAL PROF;DETALHE;10.06.2022;ORIGEM FPE;18.404_08C;C;18404.08
2022-06;demonstrativoDAF (24).csv;FEB;FUNDEB-FNDO MANUT DES EDUC BASICA E VAL PROF;DETALHE;10.06.2022;ORIGEM FPM;45.221_49C;C;45221.49
2022-06;demonstrativoDAF (24).csv;FEB;FUNDEB-FNDO MANUT DES EDUC BASICA E VAL PROF;TOTAL_NA_DATA;10.06.2022;TOTAL NA DATA;66.056_78C;C;66056.78
2022-06;demonstrativoDAF (24).csv;FEB;FUNDEB-FNDO MANUT DES EDUC BASICA E VAL PROF;DETALHE;14.06.2022;ORIGEM ICMS-EST;27.379_78C;C;27379.78
2022-06;demonstrativoDAF (24).csv;FEB;FUNDEB-FNDO MANUT DES EDUC BASICA E VAL PROF;TOTAL_NA_DATA;14.06.2022;TOTAL NA DATA;27.379_78C;C;27379.78
2022-06;demonstrativoDAF (24).csv;FEB;FUNDEB-FNDO MANUT DES EDUC BASICA E VAL PROF;DETALHE;15.06.2022;ORIGEM IPVA;5.918_77C;C;5918.77
2022-06;demonstrativoDAF (24).csv;FEB;FUNDEB-FNDO MANUT DES EDUC BASICA E VAL PROF;DETALHE;15.06.2022;ORIGEM ITCMD;1.630_66C;C;1630.66
2022-06;demonstrativoDAF (24).csv;FEB;FUNDEB-FNDO MANUT DES EDUC BASICA E VAL PROF;DETALHE;15.06.2022;ORIGEM ICMS EST;110.514_86C;C;110514.86
2022-06;demonstrativoDAF (24).csv;FEB;FUNDEB-FNDO MANUT DES EDUC BASICA E VAL PROF;TOTAL_NA_DATA;15.06.2022;TOTAL NA DATA;118.064_29C;C;118064.29
2022-06;demonstrativoDAF (24).csv;FEB;FUNDEB-FNDO MANUT DES EDUC BASICA E VAL PROF;DETALHE;20.06.2022;ORIGEM ITR;65_74C;C;65.74
2022-06;demonstrativoDAF (24).csv;FEB;FUNDEB-FNDO MANUT DES EDUC BASICA E VAL PROF;DETALHE;20.06.2022;ORIGEM IPI-EXP;1.089_20C;C;1089.2
2022-06;demonstrativoDAF (24).csv;FEB;FUNDEB-FNDO MANUT DES EDUC BASICA E VAL PROF;DETALHE;20.06.2022;ORIGEM FPE;11.089_82C;C;11089.82
2022-06;demonstrativoDAF (24).csv;FEB;FUNDEB-FNDO MANUT DES EDUC BASICA E VAL PROF;DETALHE;20.06.2022;ORIGEM FPM;27.245_48C;C;27245.48
2022-06;demonstrativoDAF (24).csv;FEB;FUNDEB-FNDO MANUT DES EDUC BASICA E VAL PROF;TOTAL_NA_DATA;20.06.2022;TOTAL NA DATA;39.490_24C;C;39490.24
2022-06;demonstrativoDAF (24).csv;FEB;FUNDEB-FNDO MANUT DES EDUC BASICA E VAL PROF;DETALHE;21.06.2022;ORIGEM ICMS-EST;34.726_21C;C;34726.21
2022-06;demonstrativoDAF (24).csv;FEB;FUNDEB-FNDO MANUT DES EDUC BASICA E VAL PROF;TOTAL_NA_DATA;21.06.2022;TOTAL NA DATA;34.726_21C;C;34726.21
2022-06;demonstrativoDAF (24).csv;FEB;FUNDEB-FNDO MANUT DES EDUC BASICA E VAL PROF;DETALHE;22.06.2022;ORIGEM IPVA;4.453_75C;C;4453.75
2022-06;demonstrativoDAF (24).csv;FEB;FUNDEB-FNDO MANUT DES EDUC BASICA E VAL PROF;DETALHE;22.06.2022;ORIGEM ITCMD;1.064_81C;C;1064.81
2022-06;demonstrativoDAF (24).csv;FEB;FUNDEB-FNDO MANUT DES EDUC BASICA E VAL PROF;DETALHE;22.06.2022;ORIGEM ICMS EST;82.139_30C;C;82139.3
2022-06;demonstrativoDAF (24).csv;FEB;FUNDEB-FNDO MANUT DES EDUC BASICA E VAL PROF;TOTAL_NA_DATA;22.06.2022;TOTAL NA DATA;87.657_86C;C;87657.86
2022-06;demonstrativoDAF (24).csv;FEB;FUNDEB-FNDO MANUT DES EDUC BASICA E VAL PROF;DETALHE;28.06.2022;ORIGEM ICMS-EST;17.168_56C;C;17168.56
2022-06;demonstrativoDAF (24).csv;FEB;FUNDEB-FNDO MANUT DES EDUC BASICA E VAL PROF;TOTAL_NA_DATA;28.06.2022;TOTAL NA DATA;17.168_56C;C;17168.56
2022-06;demonstrativoDAF (24).csv;FEB;FUNDEB-FNDO MANUT DES EDUC BASICA E VAL PROF;DETALHE;29.06.2022;ORIGEM IPVA;4.744_13C;C;4744.13
2022-06;demonstrativoDAF (24).csv;FEB;FUNDEB-FNDO MANUT DES EDUC BASICA E VAL PROF;DETALHE;29.06.2022;ORIGEM ITCMD;2.175_31C;C;2175.31
2022-06;demonstrativoDAF (24).csv;FEB;FUNDEB-FNDO MANUT DES EDUC BASICA E VAL PROF;DETALHE;29.06.2022;ORIGEM ICMS EST;50.982_67C;C;50982.67
2022-06;demonstrativoDAF (24).csv;FEB;FUNDEB-FNDO MANUT DES EDUC BASICA E VAL PROF;TOTAL_NA_DATA;29.06.2022;TOTAL NA DATA;57.902_11C;C;57902.11
2022-06;demonstrativoDAF (24).csv;FEB;FUNDEB-FNDO MANUT DES EDUC BASICA E VAL PROF;DETALHE;30.06.2022;ORIGEM ITR;59_78C;C;59.78
2022-06;demonstrativoDAF (24).csv;FEB;FUNDEB-FNDO MANUT DES EDUC BASICA E VAL PROF;DETALHE;30.06.2022;ORIGEM IPI-EXP;554_50C;C;554.5
2022-06;demonstrativoDAF (24).csv;FEB;FUNDEB-FNDO MANUT DES EDUC BASICA E VAL PROF;DETALHE;30.06.2022;ORIGEM FPE;10.484_16C;C;10484.16
2022-06;demonstrativoDAF (24).csv;FEB;FUNDEB-FNDO MANUT DES EDUC BASICA E VAL PROF;DETALHE;30.06.2022;ORIGEM FPM;25.776_94C;C;25776.94
2022-06;demonstrativoDAF (24).csv;FEB;FUNDEB-FNDO MANUT DES EDUC BASICA E VAL PROF;TOTAL_NA_DATA;30.06.2022;TOTAL NA DATA;36.875_38C;C;36875.38
2022-06;demonstrativoDAF (24).csv;FEP;FUNDO ESPECIAL DO PETROLEO;TOTAL_QUOTA_PARCELA;;COTA-PARTE;37.977_82C;C;37977.82
2022-06;demonstrativoDAF (24).csv;FEP;FUNDO ESPECIAL DO PETROLEO;TOTAL_QUOTA_PARCELA;;RETENCAO PASEP;379_77D;D;-379.77
2022-06;demonstrativoDAF (24).csv;FEP;FUNDO ESPECIAL DO PETROLEO;TOTAL_QUOTA_FUNDO;;DEBITO FUNDO;379_77D;D;-379.77
2022-06;demonstrativoDAF (24).csv;FEP;FUNDO ESPECIAL DO PETROLEO;TOTAL_QUOTA_FUNDO;;CREDITO FUNDO;37.977_82C;C;37977.82
2022-06;demonstrativoDAF (24).csv;FEP;FUNDO ESPECIAL DO PETROLEO;DETALHE;24.06.2022;COTA-PARTE;29.669_31C;C;29669.31
2022-06;demonstrativoDAF (24).csv;FEP;FUNDO ESPECIAL DO PETROLEO;DETALHE;24.06.2022;RETENCAO PASEP;296_69D;D;-296.69
2022-06;demonstrativoDAF (24).csv;FEP;FUNDO ESPECIAL DO PETROLEO;TOTAL_NA_DATA;24.06.2022;TOTAL NA DATA;29.372_62C;C;29372.62
2022-06;demonstrativoDAF (24).csv;FEP;FUNDO ESPECIAL DO PETROLEO;DETALHE;30.06.2022;COTA-PARTE;8.308_51C;C;8308.51
2022-06;demonstrativoDAF (24).csv;FEP;FUNDO ESPECIAL DO PETROLEO;DETALHE;30.06.2022;RETENCAO PASEP;83_08D;D;-83.08
2022-06;demonstrativoDAF (24).csv;FEP;FUNDO ESPECIAL DO PETROLEO;TOTAL_NA_DATA;30.06.2022;TOTAL NA DATA;8.225_43C;C;8225.43
2022-06;demonstrativoDAF (24).csv;FPM;FUNDO DE PARTICIPACAO DOS MUNICIPIOS;TOTAL_QUOTA_PARCELA;;PARCELA DE IPI;129.449_70C;C;129449.7
2022-06;demonstrativoDAF (24).csv;FPM;FUNDO DE PARTICIPACAO DOS MUNICIPIOS;TOTAL_QUOTA_PARCELA;;PARCELA DE IR;1.529.274_20C;C;1529274.2
2022-06;demonstrativoDAF (24).csv;FPM;FUNDO DE PARTICIPACAO DOS MUNICIPIOS;TOTAL_QUOTA_PARCELA;;RETENCAO PASEP;16.587_21D;D;-16587.21
2022-06;demonstrativoDAF (24).csv;FPM;FUNDO DE PARTICIPACAO DOS MUNICIPIOS;TOTAL_QUOTA_PARCELA;;RFB-PREV-OB COR;384.128_99D;D;-384128.99
2022-06;demonstrativoDAF (24).csv;FPM;FUNDO DE PARTICIPACAO DOS MUNICIPIOS;TOTAL_QUOTA_PARCELA;;RFB-PREV-OB DEV;72.446_73D;D;-72446.73
2022-06;demonstrativoDAF (24).csv;FPM;FUNDO DE PARTICIPACAO DOS MUNICIPIOS;TOTAL_QUOTA_PARCELA;;RFB-PREV-PARC60;103.036_62D;D;-103036.62
2022-06;demonstrativoDAF (24).csv;FPM;FUNDO DE PARTICIPACAO DOS MUNICIPIOS;TOTAL_QUOTA_PARCELA;;DEDUCAO SAUDE;248.808_56D;D;-248808.56
2022-06;demonstrativoDAF (24).csv;FPM;FUNDO DE PARTICIPACAO DOS MUNICIPIOS;TOTAL_QUOTA_PARCELA;;DEDUCAO FUNDEB;331.744_76D;D;-331744.76
2022-06;demonstrativoDAF (24).csv;FPM;FUNDO DE PARTICIPACAO DOS MUNICIPIOS;TOTAL_QUOTA_FUNDO;;DEBITO FUNDO;1.156.752_87D;D;-1156752.87
2022-06;demonstrativoDAF (24).csv;FPM;FUNDO DE PARTICIPACAO DOS MUNICIPIOS;TOTAL_QUOTA_FUNDO;;CREDITO FUNDO;1.658.723_90C;C;1658723.9
2022-06;demonstrativoDAF (24).csv;FPM;FUNDO DE PARTICIPACAO DOS MUNICIPIOS;DETALHE;10.06.2022;PARCELA DE IPI;74.792_45C;C;74792.45
2022-06;demonstrativoDAF (24).csv;FPM;FUNDO DE PARTICIPACAO DOS MUNICIPIOS;DETALHE;10.06.2022;PARCELA DE IR;688.715_07C;C;688715.07
2022-06;demonstrativoDAF (24).csv;FPM;FUNDO DE PARTICIPACAO DOS MUNICIPIOS;DETALHE;10.06.2022;RETENCAO PASEP;7.635_07D;D;-7635.07
2022-06;demonstrativoDAF (24).csv;FPM;FUNDO DE PARTICIPACAO DOS MUNICIPIOS;DETALHE;10.06.2022;RFB-PREV-OB COR;384.128_99D;D;-384128.99
2022-06;demonstrativoDAF (24).csv;FPM;FUNDO DE PARTICIPACAO DOS MUNICIPIOS;DETALHE;10.06.2022;RFB-PREV-OB DEV;72.446_73D;D;-72446.73
2022-06;demonstrativoDAF (24).csv;FPM;FUNDO DE PARTICIPACAO DOS MUNICIPIOS;DETALHE;10.06.2022;RFB-PREV-PARC60;32.069_11D;D;-32069.11
2022-06;demonstrativoDAF (24).csv;FPM;FUNDO DE PARTICIPACAO DOS MUNICIPIOS;DETALHE;10.06.2022;DEDUCAO SAUDE;114.526_12D;D;-114526.12
2022-06;demonstrativoDAF (24).csv;FPM;FUNDO DE PARTICIPACAO DOS MUNICIPIOS;DETALHE;10.06.2022;DEDUCAO FUNDEB;152.701_50D;D;-152701.5
2022-06;demonstrativoDAF (24).csv;FPM;FUNDO DE PARTICIPACAO DOS MUNICIPIOS;TOTAL_NA_DATA;10.06.2022;TOTAL NA DATA;0_00C;C;0.0
2022-06;demonstrativoDAF (24).csv;FPM;FUNDO DE PARTICIPACAO DOS MUNICIPIOS;DETALHE;20.06.2022;PARCELA DE IPI;36.218_69C;C;36218.69
2022-06;demonstrativoDAF (24).csv;FPM;FUNDO DE PARTICIPACAO DOS MUNICIPIOS;DETALHE;20.06.2022;PARCELA DE IR;423.786_73C;C;423786.73
2022-06;demonstrativoDAF (24).csv;FPM;FUNDO DE PARTICIPACAO DOS MUNICIPIOS;DETALHE;20.06.2022;RETENCAO PASEP;4.600_04D;D;-4600.04
2022-06;demonstrativoDAF (24).csv;FPM;FUNDO DE PARTICIPACAO DOS MUNICIPIOS;DETALHE;20.06.2022;RFB-PREV-PARC60;70.967_51D;D;-70967.51
2022-06;demonstrativoDAF (24).csv;FPM;FUNDO DE PARTICIPACAO DOS MUNICIPIOS;DETALHE;20.06.2022;DEDUCAO SAUDE;69.000_80D;D;-69000.8
2022-06;demonstrativoDAF (24).csv;FPM;FUNDO DE PARTICIPACAO DOS MUNICIPIOS;DETALHE;20.06.2022;DEDUCAO FUNDEB;92.001_07D;D;-92001.07
2022-06;demonstrativoDAF (24).csv;FPM;FUNDO DE PARTICIPACAO DOS MUNICIPIOS;TOTAL_NA_DATA;20.06.2022;TOTAL NA DATA;223.436_00C;C;223436.0
2022-06;demonstrativoDAF (24).csv;FPM;FUNDO DE PARTICIPACAO DOS MUNICIPIOS;DETALHE;30.06.2022;PARCELA DE IPI;18.438_56C;C;18438.56
2022-06;demonstrativoDAF (24).csv;FPM;FUNDO DE PARTICIPACAO DOS MUNICIPIOS;DETALHE;30.06.2022;PARCELA DE IR;416.772_40C;C;416772.4
2022-06;demonstrativoDAF (24).csv;FPM;FUNDO DE PARTICIPACAO DOS MUNICIPIOS;DETALHE;30.06.2022;RETENCAO PASEP;4.352_10D;D;-4352.1
2022-06;demonstrativoDAF (24).csv;FPM;FUNDO DE PARTICIPACAO DOS MUNICIPIOS;DETALHE;30.06.2022;DEDUCAO SAUDE;65.281_64D;D;-65281.64
2022-06;demonstrativoDAF (24).csv;FPM;FUNDO DE PARTICIPACAO DOS MUNICIPIOS;DETALHE;30.06.2022;DEDUCAO FUNDEB;87.042_19D;D;-87042.19
2022-06;demonstrativoDAF (24).csv;FPM;FUNDO DE PARTICIPACAO DOS MUNICIPIOS;TOTAL_NA_DATA;30.06.2022;TOTAL NA DATA;278.535_03C;C;278535.03
2022-06;demonstrativoDAF (24).csv;FUS;FUNDO SAUDE;TOTAL_QUOTA_PARCELA;;ORIGEM FPM;248.808_56C;C;248808.56
2022-06;demonstrativoDAF (24).csv;FUS;FUNDO SAUDE;TOTAL_QUOTA_PARCELA;;REF.ICMS ESTADO;91.465_26C;C;91465.26
2022-06;demonstrativoDAF (24).csv;FUS;FUNDO SAUDE;TOTAL_QUOTA_PARCELA;;ORIGEM ITR;222_46C;C;222.46
2022-06;demonstrativoDAF (24).csv;FUS;FUNDO SAUDE;TOTAL_QUOTA_PARCELA;;ORIGEM IPM;1.021_35C;C;1021.35
2022-06;demonstrativoDAF (24).csv;FUS;FUNDO SAUDE;TOTAL_QUOTA_FUNDO;;DEBITO FUNDO;0_00D;D;-0.0
2022-06;demonstrativoDAF (24).csv;FUS;FUNDO SAUDE;TOTAL_QUOTA_FUNDO;;CREDITO FUNDO;341.517_63C;C;341517.63
2022-06;demonstrativoDAF (24).csv;FUS;FUNDO SAUDE;DETALHE;07.06.2022;REF.ICMS ESTADO;7.429_49C;C;7429.49
2022-06;demonstrativoDAF (24).csv;FUS;FUNDO SAUDE;TOTAL_NA_DATA;07.06.2022;TOTAL NA DATA;7.429_49C;C;7429.49
2022-06;demonstrativoDAF (24).csv;FUS;FUNDO SAUDE;DETALHE;10.06.2022;ORIGEM FPM;114.526_12C;C;114526.12
2022-06;demonstrativoDAF (24).csv;FUS;FUNDO SAUDE;DETALHE;10.06.2022;ORIGEM ITR;155_09C;C;155.09
2022-06;demonstrativoDAF (24).csv;FUS;FUNDO SAUDE;DETALHE;10.06.2022;ORIGEM IPM;590_11C;C;590.11
2022-06;demonstrativoDAF (24).csv;FUS;FUNDO SAUDE;TOTAL_NA_DATA;10.06.2022;TOTAL NA DATA;115.271_32C;C;115271.32
2022-06;demonstrativoDAF (24).csv;FUS;FUNDO SAUDE;DETALHE;14.06.2022;REF.ICMS ESTADO;29.024_20C;C;29024.2
2022-06;demonstrativoDAF (24).csv;FUS;FUNDO SAUDE;TOTAL_NA_DATA;14.06.2022;TOTAL NA DATA;29.024_20C;C;29024.2
2022-06;demonstrativoDAF (24).csv;FUS;FUNDO SAUDE;DETALHE;20.06.2022;ORIGEM FPM;69.000_80C;C;69000.8
2022-06;demonstrativoDAF (24).csv;FUS;FUNDO SAUDE;DETALHE;20.06.2022;ORIGEM ITR;67_37C;C;67.37
2022-06;demonstrativoDAF (24).csv;FUS;FUNDO SAUDE;DETALHE;20.06.2022;ORIGEM IPM;285_76C;C;285.76
2022-06;demonstrativoDAF (24).csv;FUS;FUNDO SAUDE;TOTAL_NA_DATA;20.06.2022;TOTAL NA DATA;69.353_93C;C;69353.93
2022-06;demonstrativoDAF (24).csv;FUS;FUNDO SAUDE;DETALHE;21.06.2022;REF.ICMS ESTADO;36.811_87C;C;36811.87
2022-06;demonstrativoDAF (24).csv;FUS;FUNDO SAUDE;TOTAL_NA_DATA;21.06.2022;TOTAL NA DATA;36.811_87C;C;36811.87
2022-06;demonstrativoDAF (24).csv;FUS;FUNDO SAUDE;DETALHE;28.06.2022;REF.ICMS ESTADO;18.199_70C;C;18199.7
2022-06;demonstrativoDAF (24).csv;FUS;FUNDO SAUDE;TOTAL_NA_DATA;28.06.2022;TOTAL NA DATA;18.199_70C;C;18199.7
2022-06;demonstrativoDAF (24).csv;FUS;FUNDO SAUDE;DETALHE;30.06.2022;ORIGEM FPM;65.281_64C;C;65281.64
2022-06;demonstrativoDAF (24).csv;FUS;FUNDO SAUDE;DETALHE;30.06.2022;ORIGEM IPM;145_48C;C;145.48
2022-06;demonstrativoDAF (24).csv;FUS;FUNDO SAUDE;TOTAL_NA_DATA;30.06.2022;TOTAL NA DATA;65.427_12C;C;65427.12
2022-06;demonstrativoDAF (24).csv;ICS;ICMS ESTADUAL;TOTAL_QUOTA_PARCELA;;COTA-PARTE;609.768_57C;C;609768.57
2022-06;demonstrativoDAF (24).csv;ICS;ICMS ESTADUAL;TOTAL_QUOTA_PARCELA;;DEDUCAO SAUDE;91.465_26D;D;-91465.26
2022-06;demonstrativoDAF (24).csv;ICS;ICMS ESTADUAL;TOTAL_QUOTA_PARCELA;;DEDUCAO FUNDEB;121.953_70D;D;-121953.7
2022-06;demonstrativoDAF (24).csv;ICS;ICMS ESTADUAL;TOTAL_QUOTA_FUNDO;;DEBITO FUNDO;213.418_96D;D;-213418.96
2022-06;demonstrativoDAF (24).csv;ICS;ICMS ESTADUAL;TOTAL_QUOTA_FUNDO;;CREDITO FUNDO;609.768_57C;C;609768.57
2022-06;demonstrativoDAF (24).csv;ICS;ICMS ESTADUAL;DETALHE;07.06.2022;COTA-PARTE;49.529_96C;C;49529.96
2022-06;demonstrativoDAF (24).csv;ICS;ICMS ESTADUAL;DETALHE;07.06.2022;DEDUCAO SAUDE;7.429_49D;D;-7429.49
2022-06;demonstrativoDAF (24).csv;ICS;ICMS ESTADUAL;DETALHE;07.06.2022;DEDUCAO FUNDEB;9.905_99D;D;-9905.99
2022-06;demonstrativoDAF (24).csv;ICS;ICMS ESTADUAL;TOTAL_NA_DATA;07.06.2022;TOTAL NA DATA;32.194_48C;C;32194.48
2022-06;demonstrativoDAF (24).csv;ICS;ICMS ESTADUAL;DETALHE;14.06.2022;COTA-PARTE;193.494_73C;C;193494.73
2022-06;demonstrativoDAF (24).csv;ICS;ICMS ESTADUAL;DETALHE;14.06.2022;DEDUCAO SAUDE;29.024_20D;D;-29024.2
2022-06;demonstrativoDAF (24).csv;ICS;ICMS ESTADUAL;DETALHE;14.06.2022;DEDUCAO FUNDEB;38.698_94D;D;-38698.94
2022-06;demonstrativoDAF (24).csv;ICS;ICMS ESTADUAL;TOTAL_NA_DATA;14.06.2022;TOTAL NA DATA;125.771_59C;C;125771.59
2022-06;demonstrativoDAF (24).csv;ICS;ICMS ESTADUAL;DETALHE;21.06.2022;COTA-PARTE;245.412_50C;C;245412.5
2022-06;demonstrativoDAF (24).csv;ICS;ICMS ESTADUAL;DETALHE;21.06.2022;DEDUCAO SAUDE;36.811_87D;D;-36811.87
2022-06;demonstrativoDAF (24).csv;ICS;ICMS ESTADUAL;DETALHE;21.06.2022;DEDUCAO FUNDEB;49.082_50D;D;-49082.5
2022-06;demonstrativoDAF (24).csv;ICS;ICMS ESTADUAL;TOTAL_NA_DATA;21.06.2022;TOTAL NA DATA;159.518_13C;C;159518.13
2022-06;demonstrativoDAF (24).csv;ICS;ICMS ESTADUAL;DETALHE;28.06.2022;COTA-PARTE;121.331_38C;C;121331.38
2022-06;demonstrativoDAF (24).csv;ICS;ICMS ESTADUAL;DETALHE;28.06.2022;DEDUCAO SAUDE;18.199_70D;D;-18199.7
2022-06;demonstrativoDAF (24).csv;ICS;ICMS ESTADUAL;DETALHE;28.06.2022;DEDUCAO FUNDEB;24.266_27D;D;-24266.27
2022-06;demonstrativoDAF (24).csv;ICS;ICMS ESTADUAL;TOTAL_NA_DATA;28.06.2022;TOTAL NA DATA;78.865_41C;C;78865.41
2022-06;demonstrativoDAF (24).csv;IPM;IPI EXPORTACAO - COTA MUNICIPIO;TOTAL_QUOTA_PARCELA;;DEDUCAO SAUDE;1.021_35D;D;-1021.35
2022-06;demonstrativoDAF (24).csv;IPM;IPI EXPORTACAO - COTA MUNICIPIO;TOTAL_QUOTA_PARCELA;;IPM IPI-MUNIC;5.447_30C;C;5447.3
2022-06;demonstrativoDAF (24).csv;IPM;IPI EXPORTACAO - COTA MUNICIPIO;TOTAL_QUOTA_FUNDO;;DEBITO FUNDO;1.021_35D;D;-1021.35
2022-06;demonstrativoDAF (24).csv;IPM;IPI EXPORTACAO - COTA MUNICIPIO;TOTAL_QUOTA_FUNDO;;CREDITO FUNDO;5.447_30C;C;5447.3
2022-06;demonstrativoDAF (24).csv;IPM;IPI EXPORTACAO - COTA MUNICIPIO;DETALHE;10.06.2022;DEDUCAO SAUDE;590_11D;D;-590.11
2022-06;demonstrativoDAF (24).csv;IPM;IPI EXPORTACAO - COTA MUNICIPIO;DETALHE;10.06.2022;IPM IPI-MUNIC;3.147_30C;C;3147.3
2022-06;demonstrativoDAF (24).csv;IPM;IPI EXPORTACAO - COTA MUNICIPIO;TOTAL_NA_DATA;10.06.2022;TOTAL NA DATA;2.557_19C;C;2557.19
2022-06;demonstrativoDAF (24).csv;IPM;IPI EXPORTACAO - COTA MUNICIPIO;DETALHE;20.06.2022;DEDUCAO SAUDE;285_76D;D;-285.76
2022-06;demonstrativoDAF (24).csv;IPM;IPI EXPORTACAO - COTA MUNICIPIO;DETALHE;20.06.2022;IPM IPI-MUNIC;1.524_10C;C;1524.1
2022-06;demonstrativoDAF (24).csv;IPM;IPI EXPORTACAO - COTA MUNICIPIO;TOTAL_NA_DATA;20.06.2022;TOTAL NA DATA;1.238_34C;C;1238.34
2022-06;demonstrativoDAF (24).csv;IPM;IPI EXPORTACAO - COTA MUNICIPIO;DETALHE;30.06.2022;DEDUCAO SAUDE;145_48D;D;-145.48
2022-06;demonstrativoDAF (24).csv;IPM;IPI EXPORTACAO - COTA MUNICIPIO;DETALHE;30.06.2022;IPM IPI-MUNIC;775_90C;C;775.9
2022-06;demonstrativoDAF (24).csv;IPM;IPI EXPORTACAO - COTA MUNICIPIO;TOTAL_NA_DATA;30.06.2022;TOTAL NA DATA;630_42C;C;630.42
2022-06;demonstrativoDAF (24).csv;ITA;ROYALTIES DE ITAIPU;TOTAL_QUOTA_PARCELA;;RETENCAO PASEP;3_62D;D;-3.62
2022-06;demonstrativoDAF (24).csv;ITA;ROYALTIES DE ITAIPU;TOTAL_QUOTA_PARCELA;;ITA-ROYT.ITAIPU;362_78C;C;362.78
2022-06;demonstrativoDAF (24).csv;ITA;ROYALTIES DE ITAIPU;TOTAL_QUOTA_FUNDO;;DEBITO FUNDO;3_62D;D;-3.62
2022-06;demonstrativoDAF (24).csv;ITA;ROYALTIES DE ITAIPU;TOTAL_QUOTA_FUNDO;;CREDITO FUNDO;362_78C;C;362.78
2022-06;demonstrativoDAF (24).csv;ITA;ROYALTIES DE ITAIPU;DETALHE;15.06.2022;RETENCAO PASEP;3_62D;D;-3.62
2022-06;demonstrativoDAF (24).csv;ITA;ROYALTIES DE ITAIPU;DETALHE;15.06.2022;ITA-ROYT.ITAIPU;362_78C;C;362.78
2022-06;demonstrativoDAF (24).csv;ITA;ROYALTIES DE ITAIPU;TOTAL_NA_DATA;15.06.2022;TOTAL NA DATA;359_16C;C;359.16
2022-06;demonstrativoDAF (24).csv;ITR;IMPOSTO TERRITORIAL RURAL;TOTAL_QUOTA_PARCELA;;RETENCAO PASEP;11_86D;D;-11.86
2022-06;demonstrativoDAF (24).csv;ITR;IMPOSTO TERRITORIAL RURAL;TOTAL_QUOTA_PARCELA;;DEDUCAO SAUDE;222_46D;D;-222.46
2022-06;demonstrativoDAF (24).csv;ITR;IMPOSTO TERRITORIAL RURAL;TOTAL_QUOTA_PARCELA;;DEDUCAO FUNDEB;296_60D;D;-296.6
2022-06;demonstrativoDAF (24).csv;ITR;IMPOSTO TERRITORIAL RURAL;TOTAL_QUOTA_PARCELA;;ITR-CONVENIO;1.483_08C;C;1483.08
2022-06;demonstrativoDAF (24).csv;ITR;IMPOSTO TERRITORIAL RURAL;TOTAL_QUOTA_FUNDO;;DEBITO FUNDO;530_92D;D;-530.92
2022-06;demonstrativoDAF (24).csv;ITR;IMPOSTO TERRITORIAL RURAL;TOTAL_QUOTA_FUNDO;;CREDITO FUNDO;1.483_08C;C;1483.08
2022-06;demonstrativoDAF (24).csv;ITR;IMPOSTO TERRITORIAL RURAL;DETALHE;10.06.2022;RETENCAO PASEP;8_27D;D;-8.27
2022-06;demonstrativoDAF (24).csv;ITR;IMPOSTO TERRITORIAL RURAL;DETALHE;10.06.2022;DEDUCAO SAUDE;155_09D;D;-155.09
2022-06;demonstrativoDAF (24).csv;ITR;IMPOSTO TERRITORIAL RURAL;DETALHE;10.06.2022;DEDUCAO FUNDEB;206_78D;D;-206.78
2022-06;demonstrativoDAF (24).csv;ITR;IMPOSTO TERRITORIAL RURAL;DETALHE;10.06.2022;ITR-CONVENIO;1.033_94C;C;1033.94
2022-06;demonstrativoDAF (24).csv;ITR;IMPOSTO TERRITORIAL RURAL;TOTAL_NA_DATA;10.06.2022;TOTAL NA DATA;663_80C;C;663.8
2022-06;demonstrativoDAF (24).csv;ITR;IMPOSTO TERRITORIAL RURAL;DETALHE;20.06.2022;RETENCAO PASEP;3_59D;D;-3.59
2022-06;demonstrativoDAF (24).csv;ITR;IMPOSTO TERRITORIAL RURAL;DETALHE;20.06.2022;DEDUCAO SAUDE;67_37D;D;-67.37
2022-06;demonstrativoDAF (24).csv;ITR;IMPOSTO TERRITORIAL RURAL;DETALHE;20.06.2022;DEDUCAO FUNDEB;89_82D;D;-89.82
2022-06;demonstrativoDAF (24).csv;ITR;IMPOSTO TERRITORIAL RURAL;DETALHE;20.06.2022;ITR-CONVENIO;449_14C;C;449.14
2022-06;demonstrativoDAF (24).csv;ITR;IMPOSTO TERRITORIAL RURAL;TOTAL_NA_DATA;20.06.2022;TOTAL NA DATA;288_36C;C;288.36
2022-06;demonstrativoDAF (24).csv;RPM;ROYALTIES PETROLEO COTA MUNICIPAL;DETALHE;15.06.2022;ANP LEI 7990/89;175_57C;C;175.57
2022-06;demonstrativoDAF (24).csv;SNA;SIMPLES NACIONAL;TOTAL_QUOTA_PARCELA;;SIMPLES NACION.;30.741_81C;C;30741.81
2022-06;demonstrativoDAF (24).csv;SNA;SIMPLES NACIONAL;TOTAL_QUOTA_FUNDO;;DEBITO FUNDO;0_00D;D;-0.0
2022-06;demonstrativoDAF (24).csv;SNA;SIMPLES NACIONAL;TOTAL_QUOTA_FUNDO;;CREDITO FUNDO;30.741_81C;C;30741.81
2022-06;demonstrativoDAF (24).csv;SNA;SIMPLES NACIONAL;DETALHE;01.06.2022;SIMPLES NACION.;704_31C;C;704.31
2022-06;demonstrativoDAF (24).csv;SNA;SIMPLES NACIONAL;TOTAL_NA_DATA;01.06.2022;TOTAL NA DATA;704_31C;C;704.31
2022-06;demonstrativoDAF (24).csv;SNA;SIMPLES NACIONAL;DETALHE;02.06.2022;SIMPLES NACION.;300_24C;C;300.24
2022-06;demonstrativoDAF (24).csv;SNA;SIMPLES NACIONAL;TOTAL_NA_DATA;02.06.2022;TOTAL NA DATA;300_24C;C;300.24
2022-06;demonstrativoDAF (24).csv;SNA;SIMPLES NACIONAL;DETALHE;03.06.2022;SIMPLES NACION.;10_42C;C;10.42
2022-06;demonstrativoDAF (24).csv;SNA;SIMPLES NACIONAL;TOTAL_NA_DATA;03.06.2022;TOTAL NA DATA;10_42C;C;10.42
2022-06;demonstrativoDAF (24).csv;SNA;SIMPLES NACIONAL;DETALHE;07.06.2022;SIMPLES NACION.;632_90C;C;632.9
2022-06;demonstrativoDAF (24).csv;SNA;SIMPLES NACIONAL;TOTAL_NA_DATA;07.06.2022;TOTAL NA DATA;632_90C;C;632.9
2022-06;demonstrativoDAF (24).csv;SNA;SIMPLES NACIONAL;DETALHE;08.06.2022;SIMPLES NACION.;2.025_01C;C;2025.01
2022-06;demonstrativoDAF (24).csv;SNA;SIMPLES NACIONAL;TOTAL_NA_DATA;08.06.2022;TOTAL NA DATA;2.025_01C;C;2025.01
2022-06;demonstrativoDAF (24).csv;SNA;SIMPLES NACIONAL;DETALHE;09.06.2022;SIMPLES NACION.;5.853_36C;C;5853.36
2022-06;demonstrativoDAF (24).csv;SNA;SIMPLES NACIONAL;TOTAL_NA_DATA;09.06.2022;TOTAL NA DATA;5.853_36C;C;5853.36
2022-06;demonstrativoDAF (24).csv;SNA;SIMPLES NACIONAL;DETALHE;10.06.2022;SIMPLES NACION.;48_35C;C;48.35
2022-06;demonstrativoDAF (24).csv;SNA;SIMPLES NACIONAL;TOTAL_NA_DATA;10.06.2022;TOTAL NA DATA;48_35C;C;48.35
2022-06;demonstrativoDAF (24).csv;SNA;SIMPLES NACIONAL;DETALHE;13.06.2022;SIMPLES NACION.;5_00C;C;5.0
2022-06;demonstrativoDAF (24).csv;SNA;SIMPLES NACIONAL;TOTAL_NA_DATA;13.06.2022;TOTAL NA DATA;5_00C;C;5.0
2022-06;demonstrativoDAF (24).csv;SNA;SIMPLES NACIONAL;DETALHE;14.06.2022;SIMPLES NACION.;41_00C;C;41.0
2022-06;demonstrativoDAF (24).csv;SNA;SIMPLES NACIONAL;TOTAL_NA_DATA;14.06.2022;TOTAL NA DATA;41_00C;C;41.0
2022-06;demonstrativoDAF (24).csv;SNA;SIMPLES NACIONAL;DETALHE;15.06.2022;SIMPLES NACION.;287_38C;C;287.38
2022-06;demonstrativoDAF (24).csv;SNA;SIMPLES NACIONAL;TOTAL_NA_DATA;15.06.2022;TOTAL NA DATA;287_38C;C;287.38
2022-06;demonstrativoDAF (24).csv;SNA;SIMPLES NACIONAL;DETALHE;17.06.2022;SIMPLES NACION.;59_97C;C;59.97
2022-06;demonstrativoDAF (24).csv;SNA;SIMPLES NACIONAL;TOTAL_NA_DATA;17.06.2022;TOTAL NA DATA;59_97C;C;59.97
2022-06;demonstrativoDAF (24).csv;SNA;SIMPLES NACIONAL;DETALHE;20.06.2022;SIMPLES NACION.;2.081_66C;C;2081.66
2022-06;demonstrativoDAF (24).csv;SNA;SIMPLES NACIONAL;TOTAL_NA_DATA;20.06.2022;TOTAL NA DATA;2.081_66C;C;2081.66
2022-06;demonstrativoDAF (24).csv;SNA;SIMPLES NACIONAL;DETALHE;21.06.2022;SIMPLES NACION.;413_09C;C;413.09
2022-06;demonstrativoDAF (24).csv;SNA;SIMPLES NACIONAL;TOTAL_NA_DATA;21.06.2022;TOTAL NA DATA;413_09C;C;413.09
2022-06;demonstrativoDAF (24).csv;SNA;SIMPLES NACIONAL;DETALHE;22.06.2022;SIMPLES NACION.;14.752_08C;C;14752.08
2022-06;demonstrativoDAF (24).csv;SNA;SIMPLES NACIONAL;TOTAL_NA_DATA;22.06.2022;TOTAL NA DATA;14.752_08C;C;14752.08
2022-06;demonstrativoDAF (24).csv;SNA;SIMPLES NACIONAL;DETALHE;23.06.2022;SIMPLES NACION.;67_98C;C;67.98
2022-06;demonstrativoDAF (24).csv;SNA;SIMPLES NACIONAL;TOTAL_NA_DATA;23.06.2022;TOTAL NA DATA;67_98C;C;67.98
2022-06;demonstrativoDAF (24).csv;SNA;SIMPLES NACIONAL;DETALHE;24.06.2022;SIMPLES NACION.;59_08C;C;59.08
2022-06;demonstrativoDAF (24).csv;SNA;SIMPLES NACIONAL;TOTAL_NA_DATA;24.06.2022;TOTAL NA DATA;59_08C;C;59.08
2022-06;demonstrativoDAF (24).csv;SNA;SIMPLES NACIONAL;DETALHE;27.06.2022;SIMPLES NACION.;21_29C;C;21.29
2022-06;demonstrativoDAF (24).csv;SNA;SIMPLES NACIONAL;TOTAL_NA_DATA;27.06.2022;TOTAL NA DATA;21_29C;C;21.29
2022-06;demonstrativoDAF (24).csv;SNA;SIMPLES NACIONAL;DETALHE;28.06.2022;SIMPLES NACION.;238_63C;C;238.63
2022-06;demonstrativoDAF (24).csv;SNA;SIMPLES NACIONAL;TOTAL_NA_DATA;28.06.2022;TOTAL NA DATA;238_63C;C;238.63
2022-06;demonstrativoDAF (24).csv;SNA;SIMPLES NACIONAL;DETALHE;29.06.2022;SIMPLES NACION.;3.124_64C;C;3124.64
2022-06;demonstrativoDAF (24).csv;SNA;SIMPLES NACIONAL;TOTAL_NA_DATA;29.06.2022;TOTAL NA DATA;3.124_64C;C;3124.64
2022-06;demonstrativoDAF (24).csv;SNA;SIMPLES NACIONAL;DETALHE;30.06.2022;SIMPLES NACION.;15_42C;C;15.42
2022-06;demonstrativoDAF (24).csv;SNA;SIMPLES NACIONAL;TOTAL_NA_DATA;30.06.2022;TOTAL NA DATA;15_42C;C;15.42
2022-07;demonstrativoDAF (41).csv;;;TOTAL_PERIODO;;DEBITO BENEF.;1.318.841_74D;D;-1318841.74
2022-07;demonstrativoDAF (41).csv;;;TOTAL_PERIODO;;CREDITO BENEF.;3.753.889_50C;C;3753889.5
2022-07;demonstrativoDAF (41).csv;ADO;LC 176/2020 (ADO25);TOTAL_QUOTA_PARCELA;;RETENCAO PASEP;44_69D;D;-44.69
2022-07;demonstrativoDAF (41).csv;ADO;LC 176/2020 (ADO25);TOTAL_QUOTA_PARCELA;;LC 176/2020;4.469_49C;C;4469.49
2022-07;demonstrativoDAF (41).csv;ADO;LC 176/2020 (ADO25);TOTAL_QUOTA_FUNDO;;DEBITO FUNDO;44_69D;D;-44.69
2022-07;demonstrativoDAF (41).csv;ADO;LC 176/2020 (ADO25);TOTAL_QUOTA_FUNDO;;CREDITO FUNDO;4.469_49C;C;4469.49
2022-07;demonstrativoDAF (41).csv;ADO;LC 176/2020 (ADO25);DETALHE;29.07.2022;RETENCAO PASEP;44_69D;D;-44.69
2022-07;demonstrativoDAF (41).csv;ADO;LC 176/2020 (ADO25);DETALHE;29.07.2022;LC 176/2020;4.469_49C;C;4469.49
2022-07;demonstrativoDAF (41).csv;ADO;LC 176/2020 (ADO25);TOTAL_NA_DATA;29.07.2022;TOTAL NA DATA;4.424_80C;C;4424.8
2022-07;demonstrativoDAF (41).csv;CFH;COMPENSACAO FINANCEIRA RECURSOS HIDRICOS;TOTAL_QUOTA_PARCELA;;RETENCAO PASEP;76_35D;D;-76.35
2022-07;demonstrativoDAF (41).csv;CFH;COMPENSACAO FINANCEIRA RECURSOS HIDRICOS;TOTAL_QUOTA_PARCELA;;CFH-REC.HIDRICO;7.635_46C;C;7635.46
2022-07;demonstrativoDAF (41).csv;CFH;COMPENSACAO FINANCEIRA RECURSOS HIDRICOS;TOTAL_QUOTA_FUNDO;;DEBITO FUNDO;76_35D;D;-76.35
2022-07;demonstrativoDAF (41).csv;CFH;COMPENSACAO FINANCEIRA RECURSOS HIDRICOS;TOTAL_QUOTA_FUNDO;;CREDITO FUNDO;7.635_46C;C;7635.46
2022-07;demonstrativoDAF (41).csv;CFH;COMPENSACAO FINANCEIRA RECURSOS HIDRICOS;DETALHE;29.07.2022;RETENCAO PASEP;76_35D;D;-76.35
2022-07;demonstrativoDAF (41).csv;CFH;COMPENSACAO FINANCEIRA RECURSOS HIDRICOS;DETALHE;29.07.2022;CFH-REC.HIDRICO;7.635_46C;C;7635.46
2022-07;demonstrativoDAF (41).csv;CFH;COMPENSACAO FINANCEIRA RECURSOS HIDRICOS;TOTAL_NA_DATA;29.07.2022;TOTAL NA DATA;7.559_11C;C;7559.11
2022-07;demonstrativoDAF (41).csv;CID;CIDE-CONTRIB. INTERVENCAO DOMINIO ECONOMICO;TOTAL_QUOTA_PARCELA;;PASEP MUNICIPIO;40_45D;D;-40.45
2022-07;demonstrativoDAF (41).csv;CID;CIDE-CONTRIB. INTERVENCAO DOMINIO ECONOMICO;TOTAL_QUOTA_PARCELA;;COTA-MUNICIPIO;4.045_13C;C;4045.13
2022-07;demonstrativoDAF (41).csv;CID;CIDE-CONTRIB. INTERVENCAO DOMINIO ECONOMICO;TOTAL_QUOTA_FUNDO;;DEBITO FUNDO;40_45D;D;-40.45
2022-07;demonstrativoDAF (41).csv;CID;CIDE-CONTRIB. INTERVENCAO DOMINIO ECONOMICO;TOTAL_QUOTA_FUNDO;;CREDITO FUNDO;4.045_13C;C;4045.13
2022-07;demonstrativoDAF (41).csv;CID;CIDE-CONTRIB. INTERVENCAO DOMINIO ECONOMICO;DETALHE;08.07.2022;PASEP MUNICIPIO;40_45D;D;-40.45
2022-07;demonstrativoDAF (41).csv;CID;CIDE-CONTRIB. INTERVENCAO DOMINIO ECONOMICO;DETALHE;08.07.2022;COTA-MUNICIPIO;4.045_13C;C;4045.13
2022-07;demonstrativoDAF (41).csv;CID;CIDE-CONTRIB. INTERVENCAO DOMINIO ECONOMICO;TOTAL_NA_DATA;08.07.2022;TOTAL NA DATA;4.004_68C;C;4004.68
2022-07;demonstrativoDAF (41).csv;FEB;FUNDEB-FNDO MANUT DES EDUC BASICA E VAL PROF;TOTAL_QUOTA_PARCELA;;ORIGEM ITR;316_92C;C;316.92
2022-07;demonstrativoDAF (41).csv;FEB;FUNDEB-FNDO MANUT DES EDUC BASICA E VAL PROF;TOTAL_QUOTA_PARCELA;;ORIGEM IPVA;18.290_46C;C;18290.46
2022-07;demonstrativoDAF (41).csv;FEB;FUNDEB-FNDO MANUT DES EDUC BASICA E VAL PROF;TOTAL_QUOTA_PARCELA;;ORIGEM ITCMD;9.979_82C;C;9979.82
2022-07;demonstrativoDAF (41).csv;FEB;FUNDEB-FNDO MANUT DES EDUC BASICA E VAL PROF;TOTAL_QUOTA_PARCELA;;ORIGEM IPI-EXP;4.012_67C;C;4012.67
2022-07;demonstrativoDAF (41).csv;FEB;FUNDEB-FNDO MANUT DES EDUC BASICA E VAL PROF;TOTAL_QUOTA_PARCELA;;ORIGEM ICMS EST;286.511_87C;C;286511.87
2022-07;demonstrativoDAF (41).csv;FEB;FUNDEB-FNDO MANUT DES EDUC BASICA E VAL PROF;TOTAL_QUOTA_PARCELA;;ORIGEM ICMS-EST;85.776_62C;C;85776.62
2022-07;demonstrativoDAF (41).csv;FEB;FUNDEB-FNDO MANUT DES EDUC BASICA E VAL PROF;TOTAL_QUOTA_PARCELA;;ORIGEM FPE;34.328_26C;C;34328.26
2022-07;demonstrativoDAF (41).csv;FEB;FUNDEB-FNDO MANUT DES EDUC BASICA E VAL PROF;TOTAL_QUOTA_PARCELA;;ORIGEM FPM;84.256_77C;C;84256.77
2022-07;demonstrativoDAF (41).csv;FEB;FUNDEB-FNDO MANUT DES EDUC BASICA E VAL PROF;TOTAL_QUOTA_FUNDO;;DEBITO FUNDO;0_00D;D;-0.0
2022-07;demonstrativoDAF (41).csv;FEB;FUNDEB-FNDO MANUT DES EDUC BASICA E VAL PROF;TOTAL_QUOTA_FUNDO;;CREDITO FUNDO;523.473_39C;C;523473.39
2022-07;demonstrativoDAF (41).csv;FEB;FUNDEB-FNDO MANUT DES EDUC BASICA E VAL PROF;DETALHE;05.07.2022;ORIGEM ICMS-EST;6.003_67C;C;6003.67
2022-07;demonstrativoDAF (41).csv;FEB;FUNDEB-FNDO MANUT DES EDUC BASICA E VAL PROF;TOTAL_NA_DATA;05.07.2022;TOTAL NA DATA;6.003_67C;C;6003.67
2022-07;demonstrativoDAF (41).csv;FEB;FUNDEB-FNDO MANUT DES EDUC BASICA E VAL PROF;DETALHE;06.07.2022;ORIGEM IPVA;4.657_08C;C;4657.08
2022-07;demonstrativoDAF (41).csv;FEB;FUNDEB-FNDO MANUT DES EDUC BASICA E VAL PROF;DETALHE;06.07.2022;ORIGEM ITCMD;2.854_07C;C;2854.07
2022-07;demonstrativoDAF (41).csv;FEB;FUNDEB-FNDO MANUT DES EDUC BASICA E VAL PROF;DETALHE;06.07.2022;ORIGEM ICMS EST;21.458_07C;C;21458.07
2022-07;demonstrativoDAF (41).csv;FEB;FUNDEB-FNDO MANUT DES EDUC BASICA E VAL PROF;TOTAL_NA_DATA;06.07.2022;TOTAL NA DATA;28.969_22C;C;28969.22
2022-07;demonstrativoDAF (41).csv;FEB;FUNDEB-FNDO MANUT DES EDUC BASICA E VAL PROF;DETALHE;08.07.2022;ORIGEM ITR;199_13C;C;199.13
2022-07;demonstrativoDAF (41).csv;FEB;FUNDEB-FNDO MANUT DES EDUC BASICA E VAL PROF;DETALHE;08.07.2022;ORIGEM IPI-EXP;2.558_51C;C;2558.51
2022-07;demonstrativoDAF (41).csv;FEB;FUNDEB-FNDO MANUT DES EDUC BASICA E VAL PROF;DETALHE;08.07.2022;ORIGEM FPE;19.972_64C;C;19972.64
2022-07;demonstrativoDAF (41).csv;FEB;FUNDEB-FNDO MANUT DES EDUC BASICA E VAL PROF;DETALHE;08.07.2022;ORIGEM FPM;48.950_35C;C;48950.35
2022-07;demonstrativoDAF (41).csv;FEB;FUNDEB-FNDO MANUT DES EDUC BASICA E VAL PROF;TOTAL_NA_DATA;08.07.2022;TOTAL NA DATA;71.680_63C;C;71680.63
2022-07;demonstrativoDAF (41).csv;FEB;FUNDEB-FNDO MANUT DES EDUC BASICA E VAL PROF;DETALHE;12.07.2022;ORIGEM ICMS-EST;10.932_66C;C;10932.66
2022-07;demonstrativoDAF (41).csv;FEB;FUNDEB-FNDO MANUT DES EDUC BASICA E VAL PROF;TOTAL_NA_DATA;12.07.2022;TOTAL NA DATA;10.932_66C;C;10932.66
2022-07;demonstrativoDAF (41).csv;FEB;FUNDEB-FNDO MANUT DES EDUC BASICA E VAL PROF;DETALHE;13.07.2022;ORIGEM IPVA;5.135_80C;C;5135.8
2022-07;demonstrativoDAF (41).csv;FEB;FUNDEB-FNDO MANUT DES EDUC BASICA E VAL PROF;DETALHE;13.07.2022;ORIGEM ITCMD;2.692_42C;C;2692.42
2022-07;demonstrativoDAF (41).csv;FEB;FUNDEB-FNDO MANUT DES EDUC BASICA E VAL PROF;DETALHE;13.07.2022;ORIGEM ICMS EST;65.707_74C;C;65707.74
2022-07;demonstrativoDAF (41).csv;FEB;FUNDEB-FNDO MANUT DES EDUC BASICA E VAL PROF;TOTAL_NA_DATA;13.07.2022;TOTAL NA DATA;73.535_96C;C;73535.96
2022-07;demonstrativoDAF (41).csv;FEB;FUNDEB-FNDO MANUT DES EDUC BASICA E VAL PROF;DETALHE;19.07.2022;ORIGEM ICMS-EST;51.777_38C;C;51777.38
2022-07;demonstrativoDAF (41).csv;FEB;FUNDEB-FNDO MANUT DES EDUC BASICA E VAL PROF;TOTAL_NA_DATA;19.07.2022;TOTAL NA DATA;51.777_38C;C;51777.38
2022-07;demonstrativoDAF (41).csv;FEB;FUNDEB-FNDO MANUT DES EDUC BASICA E VAL PROF;DETALHE;20.07.2022;ORIGEM ITR;50_60C;C;50.6
2022-07;demonstrativoDAF (41).csv;FEB;FUNDEB-FNDO MANUT DES EDUC BASICA E VAL PROF;DETALHE;20.07.2022;ORIGEM IPVA;4.349_67C;C;4349.67
2022-07;demonstrativoDAF (41).csv;FEB;FUNDEB-FNDO MANUT DES EDUC BASICA E VAL PROF;DETALHE;20.07.2022;ORIGEM ITCMD;1.786_02C;C;1786.02
2022-07;demonstrativoDAF (41).csv;FEB;FUNDEB-FNDO MANUT DES EDUC BASICA E VAL PROF;DETALHE;20.07.2022;ORIGEM IPI-EXP;944_08C;C;944.08
2022-07;demonstrativoDAF (41).csv;FEB;FUNDEB-FNDO MANUT DES EDUC BASICA E VAL PROF;DETALHE;20.07.2022;ORIGEM ICMS EST;147.447_27C;C;147447.27
2022-07;demonstrativoDAF (41).csv;FEB;FUNDEB-FNDO MANUT DES EDUC BASICA E VAL PROF;DETALHE;20.07.2022;ORIGEM FPE;3.432_76C;C;3432.76
2022-07;demonstrativoDAF (41).csv;FEB;FUNDEB-FNDO MANUT DES EDUC BASICA E VAL PROF;DETALHE;20.07.2022;ORIGEM FPM;8.447_98C;C;8447.98
2022-07;demonstrativoDAF (41).csv;FEB;FUNDEB-FNDO MANUT DES EDUC BASICA E VAL PROF;TOTAL_NA_DATA;20.07.2022;TOTAL NA DATA;166.458_38C;C;166458.38
2022-07;demonstrativoDAF (41).csv;FEB;FUNDEB-FNDO MANUT DES EDUC BASICA E VAL PROF;DETALHE;26.07.2022;ORIGEM ICMS-EST;17.062_91C;C;17062.91
2022-07;demonstrativoDAF (41).csv;FEB;FUNDEB-FNDO MANUT DES EDUC BASICA E VAL PROF;TOTAL_NA_DATA;26.07.2022;TOTAL NA DATA;17.062_91C;C;17062.91
2022-07;demonstrativoDAF (41).csv;FEB;FUNDEB-FNDO MANUT DES EDUC BASICA E VAL PROF;DETALHE;27.07.2022;ORIGEM IPVA;3.681_05C;C;3681.05
2022-07;demonstrativoDAF (41).csv;FEB;FUNDEB-FNDO MANUT DES EDUC BASICA E VAL PROF;DETALHE;27.07.2022;ORIGEM ITCMD;2.320_23C;C;2320.23
2022-07;demonstrativoDAF (41).csv;FEB;FUNDEB-FNDO MANUT DES EDUC BASICA E VAL PROF;DETALHE;27.07.2022;ORIGEM ICMS EST;49.433_32C;C;49433.32
2022-07;demonstrativoDAF (41).csv;FEB;FUNDEB-FNDO MANUT DES EDUC BASICA E VAL PROF;TOTAL_NA_DATA;27.07.2022;TOTAL NA DATA;55.434_60C;C;55434.6
2022-07;demonstrativoDAF (41).csv;FEB;FUNDEB-FNDO MANUT DES EDUC BASICA E VAL PROF;DETALHE;28.07.2022;ORIGEM IPVA;466_86C;C;466.86
2022-07;demonstrativoDAF (41).csv;FEB;FUNDEB-FNDO MANUT DES EDUC BASICA E VAL PROF;DETALHE;28.07.2022;ORIGEM ITCMD;327_08C;C;327.08
2022-07;demonstrativoDAF (41).csv;FEB;FUNDEB-FNDO MANUT DES EDUC BASICA E VAL PROF;DETALHE;28.07.2022;ORIGEM ICMS EST;2.465_47C;C;2465.47
2022-07;demonstrativoDAF (41).csv;FEB;FUNDEB-FNDO MANUT DES EDUC BASICA E VAL PROF;TOTAL_NA_DATA;28.07.2022;TOTAL NA DATA;3.259_41C;C;3259.41
2022-07;demonstrativoDAF (41).csv;FEB;FUNDEB-FNDO MANUT DES EDUC BASICA E VAL PROF;DETALHE;29.07.2022;ORIGEM ITR;67_19C;C;67.19
2022-07;demonstrativoDAF (41).csv;FEB;FUNDEB-FNDO MANUT DES EDUC BASICA E VAL PROF;DETALHE;29.07.2022;ORIGEM IPI-EXP;510_08C;C;510.08
2022-07;demonstrativoDAF (41).csv;FEB;FUNDEB-FNDO MANUT DES EDUC BASICA E VAL PROF;DETALHE;29.07.2022;ORIGEM FPE;10.922_86C;C;10922.86
2022-07;demonstrativoDAF (41).csv;FEB;FUNDEB-FNDO MANUT DES EDUC BASICA E VAL PROF;DETALHE;29.07.2022;ORIGEM FPM;26.858_44C;C;26858.44
2022-07;demonstrativoDAF (41).csv;FEB;FUNDEB-FNDO MANUT DES EDUC BASICA E VAL PROF;TOTAL_NA_DATA;29.07.2022;TOTAL NA DATA;38.358_57C;C;38358.57
2022-07;demonstrativoDAF (41).csv;FEP;FUNDO ESPECIAL DO PETROLEO;TOTAL_QUOTA_PARCELA;;COTA-PARTE;42.812_97C;C;42812.97
2022-07;demonstrativoDAF (41).csv;FEP;FUNDO ESPECIAL DO PETROLEO;TOTAL_QUOTA_PARCELA;;RETENCAO PASEP;428_12D;D;-428.12
2022-07;demonstrativoDAF (41).csv;FEP;FUNDO ESPECIAL DO PETROLEO;TOTAL_QUOTA_FUNDO;;DEBITO FUNDO;428_12D;D;-428.12
2022-07;demonstrativoDAF (41).csv;FEP;FUNDO ESPECIAL DO PETROLEO;TOTAL_QUOTA_FUNDO;;CREDITO FUNDO;42.812_97C;C;42812.97
2022-07;demonstrativoDAF (41).csv;FEP;FUNDO ESPECIAL DO PETROLEO;DETALHE;25.07.2022;COTA-PARTE;29.823_18C;C;29823.18
2022-07;demonstrativoDAF (41).csv;FEP;FUNDO ESPECIAL DO PETROLEO;DETALHE;25.07.2022;RETENCAO PASEP;298_23D;D;-298.23
2022-07;demonstrativoDAF (41).csv;FEP;FUNDO ESPECIAL DO PETROLEO;TOTAL_NA_DATA;25.07.2022;TOTAL NA DATA;29.524_95C;C;29524.95
2022-07;demonstrativoDAF (41).csv;FEP;FUNDO ESPECIAL DO PETROLEO;DETALHE;29.07.2022;COTA-PARTE;12.989_79C;C;12989.79
2022-07;demonstrativoDAF (41).csv;FEP;FUNDO ESPECIAL DO PETROLEO;DETALHE;29.07.2022;RETENCAO PASEP;129_89D;D;-129.89
2022-07;demonstrativoDAF (41).csv;FEP;FUNDO ESPECIAL DO PETROLEO;TOTAL_NA_DATA;29.07.2022;TOTAL NA DATA;12.859_90C;C;12859.9
2022-07;demonstrativoDAF (41).csv;FPM;FUNDO DE PARTICIPACAO DOS MUNICIPIOS;TOTAL_QUOTA_PARCELA;;PARCELA DE IPI;215.136_89C;C;215136.89
2022-07;demonstrativoDAF (41).csv;FPM;FUNDO DE PARTICIPACAO DOS MUNICIPIOS;TOTAL_QUOTA_PARCELA;;PARCELA DE IR;2.017.401_12C;C;2017401.12
2022-07;demonstrativoDAF (41).csv;FPM;FUNDO DE PARTICIPACAO DOS MUNICIPIOS;TOTAL_QUOTA_PARCELA;;RETENCAO PASEP;22.325_35D;D;-22325.35
2022-07;demonstrativoDAF (41).csv;FPM;FUNDO DE PARTICIPACAO DOS MUNICIPIOS;TOTAL_QUOTA_PARCELA;;RFB-PREV-OB COR;404.273_15D;D;-404273.15
2022-07;demonstrativoDAF (41).csv;FPM;FUNDO DE PARTICIPACAO DOS MUNICIPIOS;TOTAL_QUOTA_PARCELA;;RFB-PREV-OB DEV;76.205_49D;D;-76205.49
2022-07;demonstrativoDAF (41).csv;FPM;FUNDO DE PARTICIPACAO DOS MUNICIPIOS;TOTAL_QUOTA_PARCELA;;RFB-PREV-PARC60;103.956_52D;D;-103956.52
2022-07;demonstrativoDAF (41).csv;FPM;FUNDO DE PARTICIPACAO DOS MUNICIPIOS;TOTAL_QUOTA_PARCELA;;DEDUCAO SAUDE;213.385_32D;D;-213385.32
2022-07;demonstrativoDAF (41).csv;FPM;FUNDO DE PARTICIPACAO DOS MUNICIPIOS;TOTAL_QUOTA_PARCELA;;DEDUCAO FUNDEB;284.513_76D;D;-284513.76
2022-07;demonstrativoDAF (41).csv;FPM;FUNDO DE PARTICIPACAO DOS MUNICIPIOS;TOTAL_QUOTA_FUNDO;;DEBITO FUNDO;1.104.659_59D;D;-1104659.59
2022-07;demonstrativoDAF (41).csv;FPM;FUNDO DE PARTICIPACAO DOS MUNICIPIOS;TOTAL_QUOTA_FUNDO;;CREDITO FUNDO;2.232.538_01C;C;2232538.01
2022-07;demonstrativoDAF (41).csv;FPM;FUNDO DE PARTICIPACAO DOS MUNICIPIOS;DETALHE;07.07.2022;PARCELA DE IPI;81.705_72C;C;81705.72
2022-07;demonstrativoDAF (41).csv;FPM;FUNDO DE PARTICIPACAO DOS MUNICIPIOS;DETALHE;07.07.2022;PARCELA DE IR;728.263_32C;C;728263.32
2022-07;demonstrativoDAF (41).csv;FPM;FUNDO DE PARTICIPACAO DOS MUNICIPIOS;DETALHE;07.07.2022;RETENCAO PASEP;8.099_68D;D;-8099.68
2022-07;demonstrativoDAF (41).csv;FPM;FUNDO DE PARTICIPACAO DOS MUNICIPIOS;TOTAL_NA_DATA;07.07.2022;TOTAL NA DATA;801.869_36C;C;801869.36
2022-07;demonstrativoDAF (41).csv;FPM;FUNDO DE PARTICIPACAO DOS MUNICIPIOS;DETALHE;08.07.2022;PARCELA DE IPI;85.076_69C;C;85076.69
2022-07;demonstrativoDAF (41).csv;FPM;FUNDO DE PARTICIPACAO DOS MUNICIPIOS;DETALHE;08.07.2022;PARCELA DE IR;741.388_04C;C;741388.04
2022-07;demonstrativoDAF (41).csv;FPM;FUNDO DE PARTICIPACAO DOS MUNICIPIOS;DETALHE;08.07.2022;RETENCAO PASEP;8.264_64D;D;-8264.64
2022-07;demonstrativoDAF (41).csv;FPM;FUNDO DE PARTICIPACAO DOS MUNICIPIOS;DETALHE;08.07.2022;RFB-PREV-OB COR;404.273_15D;D;-404273.15
2022-07;demonstrativoDAF (41).csv;FPM;FUNDO DE PARTICIPACAO DOS MUNICIPIOS;DETALHE;08.07.2022;RFB-PREV-OB DEV;76.205_49D;D;-76205.49
2022-07;demonstrativoDAF (41).csv;FPM;FUNDO DE PARTICIPACAO DOS MUNICIPIOS;DETALHE;08.07.2022;RFB-PREV-PARC60;48.458_82D;D;-48458.82
2022-07;demonstrativoDAF (41).csv;FPM;FUNDO DE PARTICIPACAO DOS MUNICIPIOS;DETALHE;08.07.2022;DEDUCAO SAUDE;123.969_70D;D;-123969.7
2022-07;demonstrativoDAF (41).csv;FPM;FUNDO DE PARTICIPACAO DOS MUNICIPIOS;DETALHE;08.07.2022;DEDUCAO FUNDEB;165.292_93D;D;-165292.93
2022-07;demonstrativoDAF (41).csv;FPM;FUNDO DE PARTICIPACAO DOS MUNICIPIOS;TOTAL_NA_DATA;08.07.2022;TOTAL NA DATA;0_00C;C;0.0
2022-07;demonstrativoDAF (41).csv;FPM;FUNDO DE PARTICIPACAO DOS MUNICIPIOS;DETALHE;20.07.2022;PARCELA DE IPI;31.393_00C;C;31393.0
2022-07;demonstrativoDAF (41).csv;FPM;FUNDO DE PARTICIPACAO DOS MUNICIPIOS;DETALHE;20.07.2022;PARCELA DE IR;111.240_57C;C;111240.57
2022-07;demonstrativoDAF (41).csv;FPM;FUNDO DE PARTICIPACAO DOS MUNICIPIOS;DETALHE;20.07.2022;RETENCAO PASEP;1.426_33D;D;-1426.33
2022-07;demonstrativoDAF (41).csv;FPM;FUNDO DE PARTICIPACAO DOS MUNICIPIOS;DETALHE;20.07.2022;RFB-PREV-PARC60;55.497_70D;D;-55497.7
2022-07;demonstrativoDAF (41).csv;FPM;FUNDO DE PARTICIPACAO DOS MUNICIPIOS;DETALHE;20.07.2022;DEDUCAO SAUDE;21.395_03D;D;-21395.03
2022-07;demonstrativoDAF (41).csv;FPM;FUNDO DE PARTICIPACAO DOS MUNICIPIOS;DETALHE;20.07.2022;DEDUCAO FUNDEB;28.526_71D;D;-28526.71
2022-07;demonstrativoDAF (41).csv;FPM;FUNDO DE PARTICIPACAO DOS MUNICIPIOS;TOTAL_NA_DATA;20.07.2022;TOTAL NA DATA;35.787_80C;C;35787.8
2022-07;demonstrativoDAF (41).csv;FPM;FUNDO DE PARTICIPACAO DOS MUNICIPIOS;DETALHE;29.07.2022;PARCELA DE IPI;16.961_48C;C;16961.48
2022-07;demonstrativoDAF (41).csv;FPM;FUNDO DE PARTICIPACAO DOS MUNICIPIOS;DETALHE;29.07.2022;PARCELA DE IR;436.509_19C;C;436509.19
2022-07;demonstrativoDAF (41).csv;FPM;FUNDO DE PARTICIPACAO DOS MUNICIPIOS;DETALHE;29.07.2022;RETENCAO PASEP;4.534_70D;D;-4534.7
2022-07;demonstrativoDAF (41).csv;FPM;FUNDO DE PARTICIPACAO DOS MUNICIPIOS;DETALHE;29.07.2022;DEDUCAO SAUDE;68.020_59D;D;-68020.59
2022-07;demonstrativoDAF (41).csv;FPM;FUNDO DE PARTICIPACAO DOS MUNICIPIOS;DETALHE;29.07.2022;DEDUCAO FUNDEB;90.694_12D;D;-90694.12
2022-07;demonstrativoDAF (41).csv;FPM;FUNDO DE PARTICIPACAO DOS MUNICIPIOS;TOTAL_NA_DATA;29.07.2022;TOTAL NA DATA;290.221_26C;C;290221.26
2022-07;demonstrativoDAF (41).csv;FUS;FUNDO SAUDE;TOTAL_QUOTA_PARCELA;;ORIGEM FPM;213.385_32C;C;213385.32
2022-07;demonstrativoDAF (41).csv;FUS;FUNDO SAUDE;TOTAL_QUOTA_PARCELA;;REF.ICMS ESTADO;90.928_36C;C;90928.36
2022-07;demonstrativoDAF (41).csv;FUS;FUNDO SAUDE;TOTAL_QUOTA_PARCELA;;ORIGEM ITR;154_83C;C;154.83
2022-07;demonstrativoDAF (41).csv;FUS;FUNDO SAUDE;TOTAL_QUOTA_PARCELA;;ORIGEM IPM;1.052_77C;C;1052.77
2022-07;demonstrativoDAF (41).csv;FUS;FUNDO SAUDE;TOTAL_QUOTA_FUNDO;;DEBITO FUNDO;0_00D;D;-0.0
2022-07;demonstrativoDAF (41).csv;FUS;FUNDO SAUDE;TOTAL_QUOTA_FUNDO;;CREDITO FUNDO;305.521_28C;C;305521.28
2022-07;demonstrativoDAF (41).csv;FUS;FUNDO SAUDE;DETALHE;05.07.2022;REF.ICMS ESTADO;6.364_25C;C;6364.25
2022-07;demonstrativoDAF (41).csv;FUS;FUNDO SAUDE;TOTAL_NA_DATA;05.07.2022;TOTAL NA DATA;6.364_25C;C;6364.25
2022-07;demonstrativoDAF (41).csv;FUS;FUNDO SAUDE;DETALHE;08.07.2022;ORIGEM FPM;123.969_70C;C;123969.7
2022-07;demonstrativoDAF (41).csv;FUS;FUNDO SAUDE;DETALHE;08.07.2022;ORIGEM ITR;124_46C;C;124.46
2022-07;demonstrativoDAF (41).csv;FUS;FUNDO SAUDE;DETALHE;08.07.2022;ORIGEM IPM;671_26C;C;671.26
2022-07;demonstrativoDAF (41).csv;FUS;FUNDO SAUDE;TOTAL_NA_DATA;08.07.2022;TOTAL NA DATA;124.765_42C;C;124765.42
2022-07;demonstrativoDAF (41).csv;FUS;FUNDO SAUDE;DETALHE;12.07.2022;REF.ICMS ESTADO;11.589_27C;C;11589.27
2022-07;demonstrativoDAF (41).csv;FUS;FUNDO SAUDE;TOTAL_NA_DATA;12.07.2022;TOTAL NA DATA;11.589_27C;C;11589.27
2022-07;demonstrativoDAF (41).csv;FUS;FUNDO SAUDE;DETALHE;19.07.2022;REF.ICMS ESTADO;54.887_13C;C;54887.13
2022-07;demonstrativoDAF (41).csv;FUS;FUNDO SAUDE;TOTAL_NA_DATA;19.07.2022;TOTAL NA DATA;54.887_13C;C;54887.13
2022-07;demonstrativoDAF (41).csv;FUS;FUNDO SAUDE;DETALHE;20.07.2022;ORIGEM FPM;21.395_03C;C;21395.03
2022-07;demonstrativoDAF (41).csv;FUS;FUNDO SAUDE;DETALHE;20.07.2022;ORIGEM ITR;6_52C;C;6.52
2022-07;demonstrativoDAF (41).csv;FUS;FUNDO SAUDE;DETALHE;20.07.2022;ORIGEM IPM;247_69C;C;247.69
2022-07;demonstrativoDAF (41).csv;FUS;FUNDO SAUDE;TOTAL_NA_DATA;20.07.2022;TOTAL NA DATA;21.649_24C;C;21649.24
2022-07;demonstrativoDAF (41).csv;FUS;FUNDO SAUDE;DETALHE;26.07.2022;REF.ICMS ESTADO;18.087_71C;C;18087.71
2022-07;demonstrativoDAF (41).csv;FUS;FUNDO SAUDE;TOTAL_NA_DATA;26.07.2022;TOTAL NA DATA;18.087_71C;C;18087.71
2022-07;demonstrativoDAF (41).csv;FUS;FUNDO SAUDE;DETALHE;29.07.2022;ORIGEM FPM;68.020_59C;C;68020.59
2022-07;demonstrativoDAF (41).csv;FUS;FUNDO SAUDE;DETALHE;29.07.2022;ORIGEM ITR;23_85C;C;23.85
2022-07;demonstrativoDAF (41).csv;FUS;FUNDO SAUDE;DETALHE;29.07.2022;ORIGEM IPM;133_82C;C;133.82
2022-07;demonstrativoDAF (41).csv;FUS;FUNDO SAUDE;TOTAL_NA_DATA;29.07.2022;TOTAL NA DATA;68.178_26C;C;68178.26
2022-07;demonstrativoDAF (41).csv;ICS;ICMS ESTADUAL;TOTAL_QUOTA_PARCELA;;COTA-PARTE;606.189_19C;C;606189.19
2022-07;demonstrativoDAF (41).csv;ICS;ICMS ESTADUAL;TOTAL_QUOTA_PARCELA;;DEDUCAO SAUDE;90.928_36D;D;-90928.36
2022-07;demonstrativoDAF (41).csv;ICS;ICMS ESTADUAL;TOTAL_QUOTA_PARCELA;;DEDUCAO FUNDEB;121.237_82D;D;-121237.82
2022-07;demonstrativoDAF (41).csv;ICS;ICMS ESTADUAL;TOTAL_QUOTA_FUNDO;;DEBITO FUNDO;212.166_18D;D;-212166.18
2022-07;demonstrativoDAF (41).csv;ICS;ICMS ESTADUAL;TOTAL_QUOTA_FUNDO;;CREDITO FUNDO;606.189_19C;C;606189.19
2022-07;demonstrativoDAF (41).csv;ICS;ICMS ESTADUAL;DETALHE;05.07.2022;COTA-PARTE;42.428_34C;C;42428.34
2022-07;demonstrativoDAF (41).csv;ICS;ICMS ESTADUAL;DETALHE;05.07.2022;DEDUCAO SAUDE;6.364_25D;D;-6364.25
2022-07;demonstrativoDAF (41).csv;ICS;ICMS ESTADUAL;DETALHE;05.07.2022;DEDUCAO FUNDEB;8.485_66D;D;-8485.66
2022-07;demonstrativoDAF (41).csv;ICS;ICMS ESTADUAL;TOTAL_NA_DATA;05.07.2022;TOTAL NA DATA;27.578_43C;C;27578.43
2022-07;demonstrativoDAF (41).csv;ICS;ICMS ESTADUAL;DETALHE;12.07.2022;COTA-PARTE;77.261_86C;C;77261.86
2022-07;demonstrativoDAF (41).csv;ICS;ICMS ESTADUAL;DETALHE;12.07.2022;DEDUCAO SAUDE;11.589_27D;D;-11589.27
2022-07;demonstrativoDAF (41).csv;ICS;ICMS ESTADUAL;DETALHE;12.07.2022;DEDUCAO FUNDEB;15.452_37D;D;-15452.37
2022-07;demonstrativoDAF (41).csv;ICS;ICMS ESTADUAL;TOTAL_NA_DATA;12.07.2022;TOTAL NA DATA;50.220_22C;C;50220.22
2022-07;demonstrativoDAF (41).csv;ICS;ICMS ESTADUAL;DETALHE;19.07.2022;COTA-PARTE;365.914_22C;C;365914.22
2022-07;demonstrativoDAF (41).csv;ICS;ICMS ESTADUAL;DETALHE;19.07.2022;DEDUCAO SAUDE;54.887_13D;D;-54887.13
2022-07;demonstrativoDAF (41).csv;ICS;ICMS ESTADUAL;DETALHE;19.07.2022;DEDUCAO FUNDEB;73.182_84D;D;-73182.84
2022-07;demonstrativoDAF (41).csv;ICS;ICMS ESTADUAL;TOTAL_NA_DATA;19.07.2022;TOTAL NA DATA;237.844_25C;C;237844.25
2022-07;demonstrativoDAF (41).csv;ICS;ICMS ESTADUAL;DETALHE;26.07.2022;COTA-PARTE;120.584_77C;C;120584.77
2022-07;demonstrativoDAF (41).csv;ICS;ICMS ESTADUAL;DETALHE;26.07.2022;DEDUCAO SAUDE;18.087_71D;D;-18087.71
2022-07;demonstrativoDAF (41).csv;ICS;ICMS ESTADUAL;DETALHE;26.07.2022;DEDUCAO FUNDEB;24.116_95D;D;-24116.95
2022-07;demonstrativoDAF (41).csv;ICS;ICMS ESTADUAL;TOTAL_NA_DATA;26.07.2022;TOTAL NA DATA;78.380_11C;C;78380.11
2022-07;demonstrativoDAF (41).csv;IPM;IPI EXPORTACAO - COTA MUNICIPIO;TOTAL_QUOTA_PARCELA;;DEDUCAO SAUDE;1.052_77D;D;-1052.77
2022-07;demonstrativoDAF (41).csv;IPM;IPI EXPORTACAO - COTA MUNICIPIO;TOTAL_QUOTA_PARCELA;;IPM IPI-MUNIC;5.614_85C;C;5614.85
2022-07;demonstrativoDAF (41).csv;IPM;IPI EXPORTACAO - COTA MUNICIPIO;TOTAL_QUOTA_FUNDO;;DEBITO FUNDO;1.052_77D;D;-1052.77
2022-07;demonstrativoDAF (41).csv;IPM;IPI EXPORTACAO - COTA MUNICIPIO;TOTAL_QUOTA_FUNDO;;CREDITO FUNDO;5.614_85C;C;5614.85
2022-07;demonstrativoDAF (41).csv;IPM;IPI EXPORTACAO - COTA MUNICIPIO;DETALHE;08.07.2022;DEDUCAO SAUDE;671_26D;D;-671.26
2022-07;demonstrativoDAF (41).csv;IPM;IPI EXPORTACAO - COTA MUNICIPIO;DETALHE;08.07.2022;IPM IPI-MUNIC;3.580_07C;C;3580.07
2022-07;demonstrativoDAF (41).csv;IPM;IPI EXPORTACAO - COTA MUNICIPIO;TOTAL_NA_DATA;08.07.2022;TOTAL NA DATA;2.908_81C;C;2908.81
2022-07;demonstrativoDAF (41).csv;IPM;IPI EXPORTACAO - COTA MUNICIPIO;DETALHE;20.07.2022;DEDUCAO SAUDE;247_69D;D;-247.69
2022-07;demonstrativoDAF (41).csv;IPM;IPI EXPORTACAO - COTA MUNICIPIO;DETALHE;20.07.2022;IPM IPI-MUNIC;1.321_03C;C;1321.03
2022-07;demonstrativoDAF (41).csv;IPM;IPI EXPORTACAO - COTA MUNICIPIO;TOTAL_NA_DATA;20.07.2022;TOTAL NA DATA;1.073_34C;C;1073.34
2022-07;demonstrativoDAF (41).csv;IPM;IPI EXPORTACAO - COTA MUNICIPIO;DETALHE;29.07.2022;DEDUCAO SAUDE;133_82D;D;-133.82
2022-07;demonstrativoDAF (41).csv;IPM;IPI EXPORTACAO - COTA MUNICIPIO;DETALHE;29.07.2022;IPM IPI-MUNIC;713_75C;C;713.75
2022-07;demonstrativoDAF (41).csv;IPM;IPI EXPORTACAO - COTA MUNICIPIO;TOTAL_NA_DATA;29.07.2022;TOTAL NA DATA;579_93C;C;579.93
2022-07;demonstrativoDAF (41).csv;ITA;ROYALTIES DE ITAIPU;TOTAL_QUOTA_PARCELA;;RETENCAO PASEP;4_06D;D;-4.06
2022-07;demonstrativoDAF (41).csv;ITA;ROYALTIES DE ITAIPU;TOTAL_QUOTA_PARCELA;;ITA-ROYT.ITAIPU;406_25C;C;406.25
2022-07;demonstrativoDAF (41).csv;ITA;ROYALTIES DE ITAIPU;TOTAL_QUOTA_FUNDO;;DEBITO FUNDO;4_06D;D;-4.06
2022-07;demonstrativoDAF (41).csv;ITA;ROYALTIES DE ITAIPU;TOTAL_QUOTA_FUNDO;;CREDITO FUNDO;406_25C;C;406.25
2022-07;demonstrativoDAF (41).csv;ITA;ROYALTIES DE ITAIPU;DETALHE;14.07.2022;RETENCAO PASEP;4_06D;D;-4.06
2022-07;demonstrativoDAF (41).csv;ITA;ROYALTIES DE ITAIPU;DETALHE;14.07.2022;ITA-ROYT.ITAIPU;406_25C;C;406.25
2022-07;demonstrativoDAF (41).csv;ITA;ROYALTIES DE ITAIPU;TOTAL_NA_DATA;14.07.2022;TOTAL NA DATA;402_19C;C;402.19
2022-07;demonstrativoDAF (41).csv;ITR;IMPOSTO TERRITORIAL RURAL;TOTAL_QUOTA_PARCELA;;RETENCAO PASEP;8_24D;D;-8.24
2022-07;demonstrativoDAF (41).csv;ITR;IMPOSTO TERRITORIAL RURAL;TOTAL_QUOTA_PARCELA;;DEDUCAO SAUDE;154_83D;D;-154.83
2022-07;demonstrativoDAF (41).csv;ITR;IMPOSTO TERRITORIAL RURAL;TOTAL_QUOTA_PARCELA;;DEDUCAO FUNDEB;206_46D;D;-206.46
2022-07;demonstrativoDAF (41).csv;ITR;IMPOSTO TERRITORIAL RURAL;TOTAL_QUOTA_PARCELA;;ITR-CONVENIO;1.032_31C;C;1032.31
2022-07;demonstrativoDAF (41).csv;ITR;IMPOSTO TERRITORIAL RURAL;TOTAL_QUOTA_FUNDO;;DEBITO FUNDO;369_53D;D;-369.53
2022-07;demonstrativoDAF (41).csv;ITR;IMPOSTO TERRITORIAL RURAL;TOTAL_QUOTA_FUNDO;;CREDITO FUNDO;1.032_31C;C;1032.31
2022-07;demonstrativoDAF (41).csv;ITR;IMPOSTO TERRITORIAL RURAL;DETALHE;08.07.2022;RETENCAO PASEP;6_63D;D;-6.63
2022-07;demonstrativoDAF (41).csv;ITR;IMPOSTO TERRITORIAL RURAL;DETALHE;08.07.2022;DEDUCAO SAUDE;124_46D;D;-124.46
2022-07;demonstrativoDAF (41).csv;ITR;IMPOSTO TERRITORIAL RURAL;DETALHE;08.07.2022;DEDUCAO FUNDEB;165_95D;D;-165.95
2022-07;demonstrativoDAF (41).csv;ITR;IMPOSTO TERRITORIAL RURAL;DETALHE;08.07.2022;ITR-CONVENIO;829_76C;C;829.76
2022-07;demonstrativoDAF (41).csv;ITR;IMPOSTO TERRITORIAL RURAL;TOTAL_NA_DATA;08.07.2022;TOTAL NA DATA;532_72C;C;532.72
2022-07;demonstrativoDAF (41).csv;ITR;IMPOSTO TERRITORIAL RURAL;DETALHE;20.07.2022;RETENCAO PASEP;0_34D;D;-0.34
2022-07;demonstrativoDAF (41).csv;ITR;IMPOSTO TERRITORIAL RURAL;DETALHE;20.07.2022;DEDUCAO SAUDE;6_52D;D;-6.52
2022-07;demonstrativoDAF (41).csv;ITR;IMPOSTO TERRITORIAL RURAL;DETALHE;20.07.2022;DEDUCAO FUNDEB;8_70D;D;-8.7
2022-07;demonstrativoDAF (41).csv;ITR;IMPOSTO TERRITORIAL RURAL;DETALHE;20.07.2022;ITR-CONVENIO;43_50C;C;43.5
2022-07;demonstrativoDAF (41).csv;ITR;IMPOSTO TERRITORIAL RURAL;TOTAL_NA_DATA;20.07.2022;TOTAL NA DATA;27_94C;C;27.94
2022-07;demonstrativoDAF (41).csv;ITR;IMPOSTO TERRITORIAL RURAL;DETALHE;29.07.2022;RETENCAO PASEP;1_27D;D;-1.27
2022-07;demonstrativoDAF (41).csv;ITR;IMPOSTO TERRITORIAL RURAL;DETALHE;29.07.2022;DEDUCAO SAUDE;23_85D;D;-23.85
2022-07;demonstrativoDAF (41).csv;ITR;IMPOSTO TERRITORIAL RURAL;DETALHE;29.07.2022;DEDUCAO FUNDEB;31_81D;D;-31.81
2022-07;demonstrativoDAF (41).csv;ITR;IMPOSTO TERRITORIAL RURAL;DETALHE;29.07.2022;ITR-CONVENIO;159_05C;C;159.05
2022-07;demonstrativoDAF (41).csv;ITR;IMPOSTO TERRITORIAL RURAL;TOTAL_NA_DATA;29.07.2022;TOTAL NA DATA;102_12C;C;102.12
2022-07;demonstrativoDAF (41).csv;RPM;ROYALTIES PETROLEO COTA MUNICIPAL;DETALHE;20.07.2022;ANP LEI 7990/89;213_93C;C;213.93
2022-07;demonstrativoDAF (41).csv;SNA;SIMPLES NACIONAL;TOTAL_QUOTA_PARCELA;;SIMPLES NACION.;19.937_24C;C;19937.24
2022-07;demonstrativoDAF (41).csv;SNA;SIMPLES NACIONAL;TOTAL_QUOTA_FUNDO;;DEBITO FUNDO;0_00D;D;-0.0
2022-07;demonstrativoDAF (41).csv;SNA;SIMPLES NACIONAL;TOTAL_QUOTA_FUNDO;;CREDITO FUNDO;19.937_24C;C;19937.24
2022-07;demonstrativoDAF (41).csv;SNA;SIMPLES NACIONAL;DETALHE;01.07.2022;SIMPLES NACION.;27_77C;C;27.77
2022-07;demonstrativoDAF (41).csv;SNA;SIMPLES NACIONAL;TOTAL_NA_DATA;01.07.2022;TOTAL NA DATA;27_77C;C;27.77
2022-07;demonstrativoDAF (41).csv;SNA;SIMPLES NACIONAL;DETALHE;04.07.2022;SIMPLES NACION.;455_37C;C;455.37
2022-07;demonstrativoDAF (41).csv;SNA;SIMPLES NACIONAL;TOTAL_NA_DATA;04.07.2022;TOTAL NA DATA;455_37C;C;455.37
2022-07;demonstrativoDAF (41).csv;SNA;SIMPLES NACIONAL;DETALHE;05.07.2022;SIMPLES NACION.;28_23C;C;28.23
2022-07;demonstrativoDAF (41).csv;SNA;SIMPLES NACIONAL;TOTAL_NA_DATA;05.07.2022;TOTAL NA DATA;28_23C;C;28.23
2022-07;demonstrativoDAF (41).csv;SNA;SIMPLES NACIONAL;DETALHE;06.07.2022;SIMPLES NACION.;29_23C;C;29.23
2022-07;demonstrativoDAF (41).csv;SNA;SIMPLES NACIONAL;TOTAL_NA_DATA;06.07.2022;TOTAL NA DATA;29_23C;C;29.23
2022-07;demonstrativoDAF (41).csv;SNA;SIMPLES NACIONAL;DETALHE;07.07.2022;SIMPLES NACION.;20_00C;C;20.0
2022-07;demonstrativoDAF (41).csv;SNA;SIMPLES NACIONAL;TOTAL_NA_DATA;07.07.2022;TOTAL NA DATA;20_00C;C;20.0
2022-07;demonstrativoDAF (41).csv;SNA;SIMPLES NACIONAL;DETALHE;08.07.2022;SIMPLES NACION.;74_95C;C;74.95
2022-07;demonstrativoDAF (41).csv;SNA;SIMPLES NACIONAL;TOTAL_NA_DATA;08.07.2022;TOTAL NA DATA;74_95C;C;74.95
2022-07;demonstrativoDAF (41).csv;SNA;SIMPLES NACIONAL;DETALHE;11.07.2022;SIMPLES NACION.;28_16C;C;28.16
2022-07;demonstrativoDAF (41).csv;SNA;SIMPLES NACIONAL;TOTAL_NA_DATA;11.07.2022;TOTAL NA DATA;28_16C;C;28.16
2022-07;demonstrativoDAF (41).csv;SNA;SIMPLES NACIONAL;DETALHE;12.07.2022;SIMPLES NACION.;67_68C;C;67.68
2022-07;demonstrativoDAF (41).csv;SNA;SIMPLES NACIONAL;TOTAL_NA_DATA;12.07.2022;TOTAL NA DATA;67_68C;C;67.68
2022-07;demonstrativoDAF (41).csv;SNA;SIMPLES NACIONAL;DETALHE;13.07.2022;SIMPLES NACION.;403_51C;C;403.51
2022-07;demonstrativoDAF (41).csv;SNA;SIMPLES NACIONAL;TOTAL_NA_DATA;13.07.2022;TOTAL NA DATA;403_51C;C;403.51
2022-07;demonstrativoDAF (41).csv;SNA;SIMPLES NACIONAL;DETALHE;14.07.2022;SIMPLES NACION.;72_38C;C;72.38
2022-07;demonstrativoDAF (41).csv;SNA;SIMPLES NACIONAL;TOTAL_NA_DATA;14.07.2022;TOTAL NA DATA;72_38C;C;72.38
2022-07;demonstrativoDAF (41).csv;SNA;SIMPLES NACIONAL;DETALHE;15.07.2022;SIMPLES NACION.;67_68C;C;67.68
2022-07;demonstrativoDAF (41).csv;SNA;SIMPLES NACIONAL;TOTAL_NA_DATA;15.07.2022;TOTAL NA DATA;67_68C;C;67.68
2022-07;demonstrativoDAF (41).csv;SNA;SIMPLES NACIONAL;DETALHE;18.07.2022;SIMPLES NACION.;1.048_79C;C;1048.79
2022-07;demonstrativoDAF (41).csv;SNA;SIMPLES NACIONAL;TOTAL_NA_DATA;18.07.2022;TOTAL NA DATA;1.048_79C;C;1048.79
2022-07;demonstrativoDAF (41).csv;SNA;SIMPLES NACIONAL;DETALHE;19.07.2022;SIMPLES NACION.;226_92C;C;226.92
2022-07;demonstrativoDAF (41).csv;SNA;SIMPLES NACIONAL;TOTAL_NA_DATA;19.07.2022;TOTAL NA DATA;226_92C;C;226.92
2022-07;demonstrativoDAF (41).csv;SNA;SIMPLES NACIONAL;DETALHE;20.07.2022;SIMPLES NACION.;390_65C;C;390.65
2022-07;demonstrativoDAF (41).csv;SNA;SIMPLES NACIONAL;TOTAL_NA_DATA;20.07.2022;TOTAL NA DATA;390_65C;C;390.65
2022-07;demonstrativoDAF (41).csv;SNA;SIMPLES NACIONAL;DETALHE;21.07.2022;SIMPLES NACION.;1.871_58C;C;1871.58
2022-07;demonstrativoDAF (41).csv;SNA;SIMPLES NACIONAL;TOTAL_NA_DATA;21.07.2022;TOTAL NA DATA;1.871_58C;C;1871.58
2022-07;demonstrativoDAF (41).csv;SNA;SIMPLES NACIONAL;DETALHE;22.07.2022;SIMPLES NACION.;13.267_97C;C;13267.97
2022-07;demonstrativoDAF (41).csv;SNA;SIMPLES NACIONAL;TOTAL_NA_DATA;22.07.2022;TOTAL NA DATA;13.267_97C;C;13267.97
2022-07;demonstrativoDAF (41).csv;SNA;SIMPLES NACIONAL;DETALHE;25.07.2022;SIMPLES NACION.;701_19C;C;701.19
2022-07;demonstrativoDAF (41).csv;SNA;SIMPLES NACIONAL;TOTAL_NA_DATA;25.07.2022;TOTAL NA DATA;701_19C;C;701.19
2022-07;demonstrativoDAF (41).csv;SNA;SIMPLES NACIONAL;DETALHE;26.07.2022;SIMPLES NACION.;683_76C;C;683.76
2022-07;demonstrativoDAF (41).csv;SNA;SIMPLES NACIONAL;TOTAL_NA_DATA;26.07.2022;TOTAL NA DATA;683_76C;C;683.76
2022-07;demonstrativoDAF (41).csv;SNA;SIMPLES NACIONAL;DETALHE;27.07.2022;SIMPLES NACION.;413_51C;C;413.51
2022-07;demonstrativoDAF (41).csv;SNA;SIMPLES NACIONAL;TOTAL_NA_DATA;27.07.2022;TOTAL NA DATA;413_51C;C;413.51
2022-07;demonstrativoDAF (41).csv;SNA;SIMPLES NACIONAL;DETALHE;28.07.2022;SIMPLES NACION.;20_47C;C;20.47
2022-07;demonstrativoDAF (41).csv;SNA;SIMPLES NACIONAL;TOTAL_NA_DATA;28.07.2022;TOTAL NA DATA;20_47C;C;20.47
2022-07;demonstrativoDAF (41).csv;SNA;SIMPLES NACIONAL;DETALHE;29.07.2022;SIMPLES NACION.;37_44C;C;37.44
2022-07;demonstrativoDAF (41).csv;SNA;SIMPLES NACIONAL;TOTAL_NA_DATA;29.07.2022;TOTAL NA DATA;37_44C;C;37.44
2022-08;demonstrativoDAF (51).csv;;;TOTAL_PERIODO;;DEBITO BENEF.;1.453.385_84D;D;-1453385.84
2022-08;demonstrativoDAF (51).csv;;;TOTAL_PERIODO;;CREDITO BENEF.;3.350.120_63C;C;3350120.63
2022-08;demonstrativoDAF (51).csv;ADO;LC 176/2020 (ADO25);TOTAL_QUOTA_PARCELA;;RETENCAO PASEP;44_69D;D;-44.69
2022-08;demonstrativoDAF (51).csv;ADO;LC 176/2020 (ADO25);TOTAL_QUOTA_PARCELA;;LC 176/2020;4.469_49C;C;4469.49
2022-08;demonstrativoDAF (51).csv;ADO;LC 176/2020 (ADO25);TOTAL_QUOTA_FUNDO;;DEBITO FUNDO;44_69D;D;-44.69
2022-08;demonstrativoDAF (51).csv;ADO;LC 176/2020 (ADO25);TOTAL_QUOTA_FUNDO;;CREDITO FUNDO;4.469_49C;C;4469.49
2022-08;demonstrativoDAF (51).csv;ADO;LC 176/2020 (ADO25);DETALHE;30.08.2022;RETENCAO PASEP;44_69D;D;-44.69
2022-08;demonstrativoDAF (51).csv;ADO;LC 176/2020 (ADO25);DETALHE;30.08.2022;LC 176/2020;4.469_49C;C;4469.49
2022-08;demonstrativoDAF (51).csv;ADO;LC 176/2020 (ADO25);TOTAL_NA_DATA;30.08.2022;TOTAL NA DATA;4.424_80C;C;4424.8
2022-08;demonstrativoDAF (51).csv;CFH;COMPENSACAO FINANCEIRA RECURSOS HIDRICOS;TOTAL_QUOTA_PARCELA;;RETENCAO PASEP;75_29D;D;-75.29
2022-08;demonstrativoDAF (51).csv;CFH;COMPENSACAO FINANCEIRA RECURSOS HIDRICOS;TOTAL_QUOTA_PARCELA;;CFH-REC.HIDRICO;7.529_56C;C;7529.56
2022-08;demonstrativoDAF (51).csv;CFH;COMPENSACAO FINANCEIRA RECURSOS HIDRICOS;TOTAL_QUOTA_FUNDO;;DEBITO FUNDO;75_29D;D;-75.29
2022-08;demonstrativoDAF (51).csv;CFH;COMPENSACAO FINANCEIRA RECURSOS HIDRICOS;TOTAL_QUOTA_FUNDO;;CREDITO FUNDO;7.529_56C;C;7529.56
2022-08;demonstrativoDAF (51).csv;CFH;COMPENSACAO FINANCEIRA RECURSOS HIDRICOS;DETALHE;29.08.2022;RETENCAO PASEP;75_29D;D;-75.29
2022-08;demonstrativoDAF (51).csv;CFH;COMPENSACAO FINANCEIRA RECURSOS HIDRICOS;DETALHE;29.08.2022;CFH-REC.HIDRICO;7.529_56C;C;7529.56
2022-08;demonstrativoDAF (51).csv;CFH;COMPENSACAO FINANCEIRA RECURSOS HIDRICOS;TOTAL_NA_DATA;29.08.2022;TOTAL NA DATA;7.454_27C;C;7454.27
2022-08;demonstrativoDAF (51).csv;FEB;FUNDEB-FNDO MANUT DES EDUC BASICA E VAL PROF;TOTAL_QUOTA_PARCELA;;ORIGEM ITR;380_32C;C;380.32
2022-08;demonstrativoDAF (51).csv;FEB;FUNDEB-FNDO MANUT DES EDUC BASICA E VAL PROF;TOTAL_QUOTA_PARCELA;;ORIGEM IPVA;18.574_68C;C;18574.68
2022-08;demonstrativoDAF (51).csv;FEB;FUNDEB-FNDO MANUT DES EDUC BASICA E VAL PROF;TOTAL_QUOTA_PARCELA;;ORIGEM ITCMD;11.936_15C;C;11936.15
2022-08;demonstrativoDAF (51).csv;FEB;FUNDEB-FNDO MANUT DES EDUC BASICA E VAL PROF;TOTAL_QUOTA_PARCELA;;ORIGEM IPI-EXP;3.196_20C;C;3196.2
2022-08;demonstrativoDAF (51).csv;FEB;FUNDEB-FNDO MANUT DES EDUC BASICA E VAL PROF;TOTAL_QUOTA_PARCELA;;ORIGEM ICMS EST;297.351_67C;C;297351.67
2022-08;demonstrativoDAF (51).csv;FEB;FUNDEB-FNDO MANUT DES EDUC BASICA E VAL PROF;TOTAL_QUOTA_PARCELA;;ORIGEM ICMS-EST;101.781_00C;C;101781.0
2022-08;demonstrativoDAF (51).csv;FEB;FUNDEB-FNDO MANUT DES EDUC BASICA E VAL PROF;TOTAL_QUOTA_PARCELA;;ORIGEM FPE;39.136_44C;C;39136.44
2022-08;demonstrativoDAF (51).csv;FEB;FUNDEB-FNDO MANUT DES EDUC BASICA E VAL PROF;TOTAL_QUOTA_PARCELA;;ORIGEM FPM;96.067_59C;C;96067.59
2022-08;demonstrativoDAF (51).csv;FEB;FUNDEB-FNDO MANUT DES EDUC BASICA E VAL PROF;TOTAL_QUOTA_FUNDO;;DEBITO FUNDO;0_00D;D;-0.0
2022-08;demonstrativoDAF (51).csv;FEB;FUNDEB-FNDO MANUT DES EDUC BASICA E VAL PROF;TOTAL_QUOTA_FUNDO;;CREDITO FUNDO;568.424_05C;C;568424.05
2022-08;demonstrativoDAF (51).csv;FEB;FUNDEB-FNDO MANUT DES EDUC BASICA E VAL PROF;DETALHE;02.08.2022;ORIGEM ICMS-EST;16.405_05C;C;16405.05
2022-08;demonstrativoDAF (51).csv;FEB;FUNDEB-FNDO MANUT DES EDUC BASICA E VAL PROF;TOTAL_NA_DATA;02.08.2022;TOTAL NA DATA;16.405_05C;C;16405.05
2022-08;demonstrativoDAF (51).csv;FEB;FUNDEB-FNDO MANUT DES EDUC BASICA E VAL PROF;DETALHE;03.08.2022;ORIGEM IPVA;4.296_72C;C;4296.72
2022-08;demonstrativoDAF (51).csv;FEB;FUNDEB-FNDO MANUT DES EDUC BASICA E VAL PROF;DETALHE;03.08.2022;ORIGEM ITCMD;3.596_77C;C;3596.77
2022-08;demonstrativoDAF (51).csv;FEB;FUNDEB-FNDO MANUT DES EDUC BASICA E VAL PROF;DETALHE;03.08.2022;ORIGEM ICMS EST;37.782_05C;C;37782.05
2022-08;demonstrativoDAF (51).csv;FEB;FUNDEB-FNDO MANUT DES EDUC BASICA E VAL PROF;TOTAL_NA_DATA;03.08.2022;TOTAL NA DATA;45.675_54C;C;45675.54
2022-08;demonstrativoDAF (51).csv;FEB;FUNDEB-FNDO MANUT DES EDUC BASICA E VAL PROF;DETALHE;09.08.2022;ORIGEM ICMS-EST;7.968_05C;C;7968.05
2022-08;demonstrativoDAF (51).csv;FEB;FUNDEB-FNDO MANUT DES EDUC BASICA E VAL PROF;TOTAL_NA_DATA;09.08.2022;TOTAL NA DATA;7.968_05C;C;7968.05
2022-08;demonstrativoDAF (51).csv;FEB;FUNDEB-FNDO MANUT DES EDUC BASICA E VAL PROF;DETALHE;10.08.2022;ORIGEM ITR;185_06C;C;185.06
2022-08;demonstrativoDAF (51).csv;FEB;FUNDEB-FNDO MANUT DES EDUC BASICA E VAL PROF;DETALHE;10.08.2022;ORIGEM IPVA;3.867_47C;C;3867.47
2022-08;demonstrativoDAF (51).csv;FEB;FUNDEB-FNDO MANUT DES EDUC BASICA E VAL PROF;DETALHE;10.08.2022;ORIGEM ITCMD;1.740_77C;C;1740.77
2022-08;demonstrativoDAF (51).csv;FEB;FUNDEB-FNDO MANUT DES EDUC BASICA E VAL PROF;DETALHE;10.08.2022;ORIGEM IPI-EXP;2.129_29C;C;2129.29
2022-08;demonstrativoDAF (51).csv;FEB;FUNDEB-FNDO MANUT DES EDUC BASICA E VAL PROF;DETALHE;10.08.2022;ORIGEM ICMS EST;20.922_43C;C;20922.43
2022-08;demonstrativoDAF (51).csv;FEB;FUNDEB-FNDO MANUT DES EDUC BASICA E VAL PROF;DETALHE;10.08.2022;ORIGEM FPE;25.767_78C;C;25767.78
2022-08;demonstrativoDAF (51).csv;FEB;FUNDEB-FNDO MANUT DES EDUC BASICA E VAL PROF;DETALHE;10.08.2022;ORIGEM FPM;63.183_48C;C;63183.48
2022-08;demonstrativoDAF (51).csv;FEB;FUNDEB-FNDO MANUT DES EDUC BASICA E VAL PROF;TOTAL_NA_DATA;10.08.2022;TOTAL NA DATA;117.796_28C;C;117796.28
2022-08;demonstrativoDAF (51).csv;FEB;FUNDEB-FNDO MANUT DES EDUC BASICA E VAL PROF;DETALHE;16.08.2022;ORIGEM ICMS-EST;33.436_55C;C;33436.55
2022-08;demonstrativoDAF (51).csv;FEB;FUNDEB-FNDO MANUT DES EDUC BASICA E VAL PROF;TOTAL_NA_DATA;16.08.2022;TOTAL NA DATA;33.436_55C;C;33436.55
2022-08;demonstrativoDAF (51).csv;FEB;FUNDEB-FNDO MANUT DES EDUC BASICA E VAL PROF;DETALHE;17.08.2022;ORIGEM IPVA;3.630_99C;C;3630.99
2022-08;demonstrativoDAF (51).csv;FEB;FUNDEB-FNDO MANUT DES EDUC BASICA E VAL PROF;DETALHE;17.08.2022;ORIGEM ITCMD;2.177_01C;C;2177.01
2022-08;demonstrativoDAF (51).csv;FEB;FUNDEB-FNDO MANUT DES EDUC BASICA E VAL PROF;DETALHE;17.08.2022;ORIGEM ICMS EST;168.420_78C;C;168420.78
2022-08;demonstrativoDAF (51).csv;FEB;FUNDEB-FNDO MANUT DES EDUC BASICA E VAL PROF;TOTAL_NA_DATA;17.08.2022;TOTAL NA DATA;174.228_78C;C;174228.78
2022-08;demonstrativoDAF (51).csv;FEB;FUNDEB-FNDO MANUT DES EDUC BASICA E VAL PROF;DETALHE;19.08.2022;ORIGEM ITR;62_43C;C;62.43
2022-08;demonstrativoDAF (51).csv;FEB;FUNDEB-FNDO MANUT DES EDUC BASICA E VAL PROF;DETALHE;19.08.2022;ORIGEM IPI-EXP;188_88C;C;188.88
2022-08;demonstrativoDAF (51).csv;FEB;FUNDEB-FNDO MANUT DES EDUC BASICA E VAL PROF;DETALHE;19.08.2022;ORIGEM FPE;3.352_38C;C;3352.38
2022-08;demonstrativoDAF (51).csv;FEB;FUNDEB-FNDO MANUT DES EDUC BASICA E VAL PROF;DETALHE;19.08.2022;ORIGEM FPM;8.236_50C;C;8236.5
2022-08;demonstrativoDAF (51).csv;FEB;FUNDEB-FNDO MANUT DES EDUC BASICA E VAL PROF;TOTAL_NA_DATA;19.08.2022;TOTAL NA DATA;11.840_19C;C;11840.19
2022-08;demonstrativoDAF (51).csv;FEB;FUNDEB-FNDO MANUT DES EDUC BASICA E VAL PROF;DETALHE;23.08.2022;ORIGEM ICMS-EST;29.965_49C;C;29965.49
2022-08;demonstrativoDAF (51).csv;FEB;FUNDEB-FNDO MANUT DES EDUC BASICA E VAL PROF;TOTAL_NA_DATA;23.08.2022;TOTAL NA DATA;29.965_49C;C;29965.49
2022-08;demonstrativoDAF (51).csv;FEB;FUNDEB-FNDO MANUT DES EDUC BASICA E VAL PROF;DETALHE;24.08.2022;ORIGEM IPVA;3.350_11C;C;3350.11
2022-08;demonstrativoDAF (51).csv;FEB;FUNDEB-FNDO MANUT DES EDUC BASICA E VAL PROF;DETALHE;24.08.2022;ORIGEM ITCMD;2.063_30C;C;2063.3
2022-08;demonstrativoDAF (51).csv;FEB;FUNDEB-FNDO MANUT DES EDUC BASICA E VAL PROF;DETALHE;24.08.2022;ORIGEM ICMS EST;28.369_18C;C;28369.18
2022-08;demonstrativoDAF (51).csv;FEB;FUNDEB-FNDO MANUT DES EDUC BASICA E VAL PROF;TOTAL_NA_DATA;24.08.2022;TOTAL NA DATA;33.782_59C;C;33782.59
2022-08;demonstrativoDAF (51).csv;FEB;FUNDEB-FNDO MANUT DES EDUC BASICA E VAL PROF;DETALHE;30.08.2022;ORIGEM ITR;132_83C;C;132.83
2022-08;demonstrativoDAF (51).csv;FEB;FUNDEB-FNDO MANUT DES EDUC BASICA E VAL PROF;DETALHE;30.08.2022;ORIGEM IPI-EXP;878_03C;C;878.03
2022-08;demonstrativoDAF (51).csv;FEB;FUNDEB-FNDO MANUT DES EDUC BASICA E VAL PROF;DETALHE;30.08.2022;ORIGEM ICMS-EST;14.005_86C;C;14005.86
2022-08;demonstrativoDAF (51).csv;FEB;FUNDEB-FNDO MANUT DES EDUC BASICA E VAL PROF;DETALHE;30.08.2022;ORIGEM FPE;10.016_28C;C;10016.28
2022-08;demonstrativoDAF (51).csv;FEB;FUNDEB-FNDO MANUT DES EDUC BASICA E VAL PROF;DETALHE;30.08.2022;ORIGEM FPM;24.647_61C;C;24647.61
2022-08;demonstrativoDAF (51).csv;FEB;FUNDEB-FNDO MANUT DES EDUC BASICA E VAL PROF;TOTAL_NA_DATA;30.08.2022;TOTAL NA DATA;49.680_61C;C;49680.61
2022-08;demonstrativoDAF (51).csv;FEB;FUNDEB-FNDO MANUT DES EDUC BASICA E VAL PROF;DETALHE;31.08.2022;ORIGEM IPVA;3.429_39C;C;3429.39
2022-08;demonstrativoDAF (51).csv;FEB;FUNDEB-FNDO MANUT DES EDUC BASICA E VAL PROF;DETALHE;31.08.2022;ORIGEM ITCMD;2.358_30C;C;2358.3
2022-08;demonstrativoDAF (51).csv;FEB;FUNDEB-FNDO MANUT DES EDUC BASICA E VAL PROF;DETALHE;31.08.2022;ORIGEM ICMS EST;41.857_23C;C;41857.23
2022-08;demonstrativoDAF (51).csv;FEB;FUNDEB-FNDO MANUT DES EDUC BASICA E VAL PROF;TOTAL_NA_DATA;31.08.2022;TOTAL NA DATA;47.644_92C;C;47644.92
2022-08;demonstrativoDAF (51).csv;FEP;FUNDO ESPECIAL DO PETROLEO;TOTAL_QUOTA_PARCELA;;COTA-PARTE;43.513_45C;C;43513.45
2022-08;demonstrativoDAF (51).csv;FEP;FUNDO ESPECIAL DO PETROLEO;TOTAL_QUOTA_PARCELA;;RETENCAO PASEP;435_13D;D;-435.13
2022-08;demonstrativoDAF (51).csv;FEP;FUNDO ESPECIAL DO PETROLEO;TOTAL_QUOTA_FUNDO;;DEBITO FUNDO;435_13D;D;-435.13
2022-08;demonstrativoDAF (51).csv;FEP;FUNDO ESPECIAL DO PETROLEO;TOTAL_QUOTA_FUNDO;;CREDITO FUNDO;43.513_45C;C;43513.45
2022-08;demonstrativoDAF (51).csv;FEP;FUNDO ESPECIAL DO PETROLEO;DETALHE;29.08.2022;COTA-PARTE;29.994_08C;C;29994.08
2022-08;demonstrativoDAF (51).csv;FEP;FUNDO ESPECIAL DO PETROLEO;DETALHE;29.08.2022;RETENCAO PASEP;299_94D;D;-299.94
2022-08;demonstrativoDAF (51).csv;FEP;FUNDO ESPECIAL DO PETROLEO;TOTAL_NA_DATA;29.08.2022;TOTAL NA DATA;29.694_14C;C;29694.14
2022-08;demonstrativoDAF (51).csv;FEP;FUNDO ESPECIAL DO PETROLEO;DETALHE;31.08.2022;COTA-PARTE;13.519_37C;C;13519.37
2022-08;demonstrativoDAF (51).csv;FEP;FUNDO ESPECIAL DO PETROLEO;DETALHE;31.08.2022;RETENCAO PASEP;135_19D;D;-135.19
2022-08;demonstrativoDAF (51).csv;FEP;FUNDO ESPECIAL DO PETROLEO;TOTAL_NA_DATA;31.08.2022;TOTAL NA DATA;13.384_18C;C;13384.18
2022-08;demonstrativoDAF (51).csv;FPM;FUNDO DE PARTICIPACAO DOS MUNICIPIOS;TOTAL_QUOTA_PARCELA;;PARCELA DE IPI;106.281_89C;C;106281.89
2022-08;demonstrativoDAF (51).csv;FPM;FUNDO DE PARTICIPACAO DOS MUNICIPIOS;TOTAL_QUOTA_PARCELA;;PARCELA DE IR;1.515.777_77C;C;1515777.77
2022-08;demonstrativoDAF (51).csv;FPM;FUNDO DE PARTICIPACAO DOS MUNICIPIOS;TOTAL_QUOTA_PARCELA;;RETENCAO PASEP;16.220_56D;D;-16220.56
2022-08;demonstrativoDAF (51).csv;FPM;FUNDO DE PARTICIPACAO DOS MUNICIPIOS;TOTAL_QUOTA_PARCELA;;RFB-PREV-OB COR;431.766_00D;D;-431766.0
2022-08;demonstrativoDAF (51).csv;FPM;FUNDO DE PARTICIPACAO DOS MUNICIPIOS;TOTAL_QUOTA_PARCELA;;RFB-PREV-OB DEV;78.581_41D;D;-78581.41
2022-08;demonstrativoDAF (51).csv;FPM;FUNDO DE PARTICIPACAO DOS MUNICIPIOS;TOTAL_QUOTA_PARCELA;;RFB-PREV-PARC60;104.885_44D;D;-104885.44
2022-08;demonstrativoDAF (51).csv;FPM;FUNDO DE PARTICIPACAO DOS MUNICIPIOS;TOTAL_QUOTA_PARCELA;;DEDUCAO SAUDE;243.308_92D;D;-243308.92
2022-08;demonstrativoDAF (51).csv;FPM;FUNDO DE PARTICIPACAO DOS MUNICIPIOS;TOTAL_QUOTA_PARCELA;;DEDUCAO FUNDEB;324.411_91D;D;-324411.91
2022-08;demonstrativoDAF (51).csv;FPM;FUNDO DE PARTICIPACAO DOS MUNICIPIOS;TOTAL_QUOTA_FUNDO;;DEBITO FUNDO;1.199.174_24D;D;-1199174.24
2022-08;demonstrativoDAF (51).csv;FPM;FUNDO DE PARTICIPACAO DOS MUNICIPIOS;TOTAL_QUOTA_FUNDO;;CREDITO FUNDO;1.622.059_66C;C;1622059.66
2022-08;demonstrativoDAF (51).csv;FPM;FUNDO DE PARTICIPACAO DOS MUNICIPIOS;DETALHE;10.08.2022;PARCELA DE IPI;70.804_21C;C;70804.21
2022-08;demonstrativoDAF (51).csv;FPM;FUNDO DE PARTICIPACAO DOS MUNICIPIOS;DETALHE;10.08.2022;PARCELA DE IR;995.968_73C;C;995968.73
2022-08;demonstrativoDAF (51).csv;FPM;FUNDO DE PARTICIPACAO DOS MUNICIPIOS;DETALHE;10.08.2022;RETENCAO PASEP;10.667_72D;D;-10667.72
2022-08;demonstrativoDAF (51).csv;FPM;FUNDO DE PARTICIPACAO DOS MUNICIPIOS;DETALHE;10.08.2022;RFB-PREV-OB COR;431.766_00D;D;-431766.0
2022-08;demonstrativoDAF (51).csv;FPM;FUNDO DE PARTICIPACAO DOS MUNICIPIOS;DETALHE;10.08.2022;RFB-PREV-OB DEV;78.581_41D;D;-78581.41
2022-08;demonstrativoDAF (51).csv;FPM;FUNDO DE PARTICIPACAO DOS MUNICIPIOS;DETALHE;10.08.2022;RFB-PREV-PARC60;104.885_44D;D;-104885.44
2022-08;demonstrativoDAF (51).csv;FPM;FUNDO DE PARTICIPACAO DOS MUNICIPIOS;DETALHE;10.08.2022;DEDUCAO SAUDE;160.015_93D;D;-160015.93
2022-08;demonstrativoDAF (51).csv;FPM;FUNDO DE PARTICIPACAO DOS MUNICIPIOS;DETALHE;10.08.2022;DEDUCAO FUNDEB;213.354_58D;D;-213354.58
2022-08;demonstrativoDAF (51).csv;FPM;FUNDO DE PARTICIPACAO DOS MUNICIPIOS;TOTAL_NA_DATA;10.08.2022;TOTAL NA DATA;67.501_86C;C;67501.86
2022-08;demonstrativoDAF (51).csv;FPM;FUNDO DE PARTICIPACAO DOS MUNICIPIOS;DETALHE;19.08.2022;PARCELA DE IPI;6.280_85C;C;6280.85
2022-08;demonstrativoDAF (51).csv;FPM;FUNDO DE PARTICIPACAO DOS MUNICIPIOS;DETALHE;19.08.2022;PARCELA DE IR;132.782_08C;C;132782.08
2022-08;demonstrativoDAF (51).csv;FPM;FUNDO DE PARTICIPACAO DOS MUNICIPIOS;DETALHE;19.08.2022;RETENCAO PASEP;1.390_62D;D;-1390.62
2022-08;demonstrativoDAF (51).csv;FPM;FUNDO DE PARTICIPACAO DOS MUNICIPIOS;DETALHE;19.08.2022;DEDUCAO SAUDE;20.859_43D;D;-20859.43
2022-08;demonstrativoDAF (51).csv;FPM;FUNDO DE PARTICIPACAO DOS MUNICIPIOS;DETALHE;19.08.2022;DEDUCAO FUNDEB;27.812_58D;D;-27812.58
2022-08;demonstrativoDAF (51).csv;FPM;FUNDO DE PARTICIPACAO DOS MUNICIPIOS;TOTAL_NA_DATA;19.08.2022;TOTAL NA DATA;89.000_30C;C;89000.3
2022-08;demonstrativoDAF (51).csv;FPM;FUNDO DE PARTICIPACAO DOS MUNICIPIOS;DETALHE;30.08.2022;PARCELA DE IPI;29.196_83C;C;29196.83
2022-08;demonstrativoDAF (51).csv;FPM;FUNDO DE PARTICIPACAO DOS MUNICIPIOS;DETALHE;30.08.2022;PARCELA DE IR;387.026_96C;C;387026.96
2022-08;demonstrativoDAF (51).csv;FPM;FUNDO DE PARTICIPACAO DOS MUNICIPIOS;DETALHE;30.08.2022;RETENCAO PASEP;4.162_22D;D;-4162.22
2022-08;demonstrativoDAF (51).csv;FPM;FUNDO DE PARTICIPACAO DOS MUNICIPIOS;DETALHE;30.08.2022;DEDUCAO SAUDE;62.433_56D;D;-62433.56
2022-08;demonstrativoDAF (51).csv;FPM;FUNDO DE PARTICIPACAO DOS MUNICIPIOS;DETALHE;30.08.2022;DEDUCAO FUNDEB;83.244_75D;D;-83244.75
2022-08;demonstrativoDAF (51).csv;FPM;FUNDO DE PARTICIPACAO DOS MUNICIPIOS;TOTAL_NA_DATA;30.08.2022;TOTAL NA DATA;266.383_26C;C;266383.26
2022-08;demonstrativoDAF (51).csv;FUS;FUNDO SAUDE;TOTAL_QUOTA_PARCELA;;ORIGEM FPM;243.308_92C;C;243308.92
2022-08;demonstrativoDAF (51).csv;FUS;FUNDO SAUDE;TOTAL_QUOTA_PARCELA;;REF.ICMS ESTADO;107.895_97C;C;107895.97
2022-08;demonstrativoDAF (51).csv;FUS;FUNDO SAUDE;TOTAL_QUOTA_PARCELA;;ORIGEM ITR;442_74C;C;442.74
2022-08;demonstrativoDAF (51).csv;FUS;FUNDO SAUDE;TOTAL_QUOTA_PARCELA;;ORIGEM IPM;838_55C;C;838.55
2022-08;demonstrativoDAF (51).csv;FUS;FUNDO SAUDE;TOTAL_QUOTA_FUNDO;;DEBITO FUNDO;0_00D;D;-0.0
2022-08;demonstrativoDAF (51).csv;FUS;FUNDO SAUDE;TOTAL_QUOTA_FUNDO;;CREDITO FUNDO;352.486_18C;C;352486.18
2022-08;demonstrativoDAF (51).csv;FUS;FUNDO SAUDE;DETALHE;02.08.2022;REF.ICMS ESTADO;17.390_34C;C;17390.34
2022-08;demonstrativoDAF (51).csv;FUS;FUNDO SAUDE;TOTAL_NA_DATA;02.08.2022;TOTAL NA DATA;17.390_34C;C;17390.34
2022-08;demonstrativoDAF (51).csv;FUS;FUNDO SAUDE;DETALHE;09.08.2022;REF.ICMS ESTADO;8.446_60C;C;8446.6
2022-08;demonstrativoDAF (51).csv;FUS;FUNDO SAUDE;TOTAL_NA_DATA;09.08.2022;TOTAL NA DATA;8.446_60C;C;8446.6
2022-08;demonstrativoDAF (51).csv;FUS;FUNDO SAUDE;DETALHE;10.08.2022;ORIGEM FPM;160.015_93C;C;160015.93
2022-08;demonstrativoDAF (51).csv;FUS;FUNDO SAUDE;DETALHE;10.08.2022;ORIGEM ITR;181_31C;C;181.31
2022-08;demonstrativoDAF (51).csv;FUS;FUNDO SAUDE;DETALHE;10.08.2022;ORIGEM IPM;558_64C;C;558.64
2022-08;demonstrativoDAF (51).csv;FUS;FUNDO SAUDE;TOTAL_NA_DATA;10.08.2022;TOTAL NA DATA;160.755_88C;C;160755.88
2022-08;demonstrativoDAF (51).csv;FUS;FUNDO SAUDE;DETALHE;16.08.2022;REF.ICMS ESTADO;35.444_75C;C;35444.75
2022-08;demonstrativoDAF (51).csv;FUS;FUNDO SAUDE;TOTAL_NA_DATA;16.08.2022;TOTAL NA DATA;35.444_75C;C;35444.75
2022-08;demonstrativoDAF (51).csv;FUS;FUNDO SAUDE;DETALHE;19.08.2022;ORIGEM FPM;20.859_43C;C;20859.43
2022-08;demonstrativoDAF (51).csv;FUS;FUNDO SAUDE;DETALHE;19.08.2022;ORIGEM ITR;7_42C;C;7.42
2022-08;demonstrativoDAF (51).csv;FUS;FUNDO SAUDE;DETALHE;19.08.2022;ORIGEM IPM;49_55C;C;49.55
2022-08;demonstrativoDAF (51).csv;FUS;FUNDO SAUDE;TOTAL_NA_DATA;19.08.2022;TOTAL NA DATA;20.916_40C;C;20916.4
2022-08;demonstrativoDAF (51).csv;FUS;FUNDO SAUDE;DETALHE;23.08.2022;REF.ICMS ESTADO;31.765_22C;C;31765.22
2022-08;demonstrativoDAF (51).csv;FUS;FUNDO SAUDE;TOTAL_NA_DATA;23.08.2022;TOTAL NA DATA;31.765_22C;C;31765.22
2022-08;demonstrativoDAF (51).csv;FUS;FUNDO SAUDE;DETALHE;30.08.2022;ORIGEM FPM;62.433_56C;C;62433.56
2022-08;demonstrativoDAF (51).csv;FUS;FUNDO SAUDE;DETALHE;30.08.2022;REF.ICMS ESTADO;14.849_06C;C;14849.06
2022-08;demonstrativoDAF (51).csv;FUS;FUNDO SAUDE;DETALHE;30.08.2022;ORIGEM ITR;254_01C;C;254.01
2022-08;demonstrativoDAF (51).csv;FUS;FUNDO SAUDE;DETALHE;30.08.2022;ORIGEM IPM;230_36C;C;230.36
2022-08;demonstrativoDAF (51).csv;FUS;FUNDO SAUDE;TOTAL_NA_DATA;30.08.2022;TOTAL NA DATA;77.766_99C;C;77766.99
2022-08;demonstrativoDAF (51).csv;ICS;ICMS ESTADUAL;TOTAL_QUOTA_PARCELA;;COTA-PARTE;719.306_68C;C;719306.68
2022-08;demonstrativoDAF (51).csv;ICS;ICMS ESTADUAL;TOTAL_QUOTA_PARCELA;;DEDUCAO SAUDE;107.895_97D;D;-107895.97
2022-08;demonstrativoDAF (51).csv;ICS;ICMS ESTADUAL;TOTAL_QUOTA_PARCELA;;DEDUCAO FUNDEB;143.861_31D;D;-143861.31
2022-08;demonstrativoDAF (51).csv;ICS;ICMS ESTADUAL;TOTAL_QUOTA_FUNDO;;DEBITO FUNDO;251.757_28D;D;-251757.28
2022-08;demonstrativoDAF (51).csv;ICS;ICMS ESTADUAL;TOTAL_QUOTA_FUNDO;;CREDITO FUNDO;719.306_68C;C;719306.68
2022-08;demonstrativoDAF (51).csv;ICS;ICMS ESTADUAL;DETALHE;02.08.2022;COTA-PARTE;115.935_63C;C;115935.63
2022-08;demonstrativoDAF (51).csv;ICS;ICMS ESTADUAL;DETALHE;02.08.2022;DEDUCAO SAUDE;17.390_34D;D;-17390.34
2022-08;demonstrativoDAF (51).csv;ICS;ICMS ESTADUAL;DETALHE;02.08.2022;DEDUCAO FUNDEB;23.187_12D;D;-23187.12
2022-08;demonstrativoDAF (51).csv;ICS;ICMS ESTADUAL;TOTAL_NA_DATA;02.08.2022;TOTAL NA DATA;75.358_17C;C;75358.17
2022-08;demonstrativoDAF (51).csv;ICS;ICMS ESTADUAL;DETALHE;09.08.2022;COTA-PARTE;56.310_73C;C;56310.73
2022-08;demonstrativoDAF (51).csv;ICS;ICMS ESTADUAL;DETALHE;09.08.2022;DEDUCAO SAUDE;8.446_60D;D;-8446.6
2022-08;demonstrativoDAF (51).csv;ICS;ICMS ESTADUAL;DETALHE;09.08.2022;DEDUCAO FUNDEB;11.262_14D;D;-11262.14
2022-08;demonstrativoDAF (51).csv;ICS;ICMS ESTADUAL;TOTAL_NA_DATA;09.08.2022;TOTAL NA DATA;36.601_99C;C;36601.99
2022-08;demonstrativoDAF (51).csv;ICS;ICMS ESTADUAL;DETALHE;16.08.2022;COTA-PARTE;236.298_36C;C;236298.36
2022-08;demonstrativoDAF (51).csv;ICS;ICMS ESTADUAL;DETALHE;16.08.2022;DEDUCAO SAUDE;35.444_75D;D;-35444.75
2022-08;demonstrativoDAF (51).csv;ICS;ICMS ESTADUAL;DETALHE;16.08.2022;DEDUCAO FUNDEB;47.259_67D;D;-47259.67
2022-08;demonstrativoDAF (51).csv;ICS;ICMS ESTADUAL;TOTAL_NA_DATA;16.08.2022;TOTAL NA DATA;153.593_94C;C;153593.94
2022-08;demonstrativoDAF (51).csv;ICS;ICMS ESTADUAL;DETALHE;23.08.2022;COTA-PARTE;211.768_17C;C;211768.17
2022-08;demonstrativoDAF (51).csv;ICS;ICMS ESTADUAL;DETALHE;23.08.2022;DEDUCAO SAUDE;31.765_22D;D;-31765.22
2022-08;demonstrativoDAF (51).csv;ICS;ICMS ESTADUAL;DETALHE;23.08.2022;DEDUCAO FUNDEB;42.353_63D;D;-42353.63
2022-08;demonstrativoDAF (51).csv;ICS;ICMS ESTADUAL;TOTAL_NA_DATA;23.08.2022;TOTAL NA DATA;137.649_32C;C;137649.32
2022-08;demonstrativoDAF (51).csv;ICS;ICMS ESTADUAL;DETALHE;30.08.2022;COTA-PARTE;98.993_79C;C;98993.79
2022-08;demonstrativoDAF (51).csv;ICS;ICMS ESTADUAL;DETALHE;30.08.2022;DEDUCAO SAUDE;14.849_06D;D;-14849.06
2022-08;demonstrativoDAF (51).csv;ICS;ICMS ESTADUAL;DETALHE;30.08.2022;DEDUCAO FUNDEB;19.798_75D;D;-19798.75
2022-08;demonstrativoDAF (51).csv;ICS;ICMS ESTADUAL;TOTAL_NA_DATA;30.08.2022;TOTAL NA DATA;64.345_98C;C;64345.98
2022-08;demonstrativoDAF (51).csv;IPM;IPI EXPORTACAO - COTA MUNICIPIO;TOTAL_QUOTA_PARCELA;;DEDUCAO SAUDE;838_55D;D;-838.55
2022-08;demonstrativoDAF (51).csv;IPM;IPI EXPORTACAO - COTA MUNICIPIO;TOTAL_QUOTA_PARCELA;;IPM IPI-MUNIC;4.472_39C;C;4472.39
2022-08;demonstrativoDAF (51).csv;IPM;IPI EXPORTACAO - COTA MUNICIPIO;TOTAL_QUOTA_FUNDO;;DEBITO FUNDO;838_55D;D;-838.55
2022-08;demonstrativoDAF (51).csv;IPM;IPI EXPORTACAO - COTA MUNICIPIO;TOTAL_QUOTA_FUNDO;;CREDITO FUNDO;4.472_39C;C;4472.39
2022-08;demonstrativoDAF (51).csv;IPM;IPI EXPORTACAO - COTA MUNICIPIO;DETALHE;10.08.2022;DEDUCAO SAUDE;558_64D;D;-558.64
2022-08;demonstrativoDAF (51).csv;IPM;IPI EXPORTACAO - COTA MUNICIPIO;DETALHE;10.08.2022;IPM IPI-MUNIC;2.979_47C;C;2979.47
2022-08;demonstrativoDAF (51).csv;IPM;IPI EXPORTACAO - COTA MUNICIPIO;TOTAL_NA_DATA;10.08.2022;TOTAL NA DATA;2.420_83C;C;2420.83
2022-08;demonstrativoDAF (51).csv;IPM;IPI EXPORTACAO - COTA MUNICIPIO;DETALHE;19.08.2022;DEDUCAO SAUDE;49_55D;D;-49.55
2022-08;demonstrativoDAF (51).csv;IPM;IPI EXPORTACAO - COTA MUNICIPIO;DETALHE;19.08.2022;IPM IPI-MUNIC;264_30C;C;264.3
2022-08;demonstrativoDAF (51).csv;IPM;IPI EXPORTACAO - COTA MUNICIPIO;TOTAL_NA_DATA;19.08.2022;TOTAL NA DATA;214_75C;C;214.75
2022-08;demonstrativoDAF (51).csv;IPM;IPI EXPORTACAO - COTA MUNICIPIO;DETALHE;30.08.2022;DEDUCAO SAUDE;230_36D;D;-230.36
2022-08;demonstrativoDAF (51).csv;IPM;IPI EXPORTACAO - COTA MUNICIPIO;DETALHE;30.08.2022;IPM IPI-MUNIC;1.228_62C;C;1228.62
2022-08;demonstrativoDAF (51).csv;IPM;IPI EXPORTACAO - COTA MUNICIPIO;TOTAL_NA_DATA;30.08.2022;TOTAL NA DATA;998_26C;C;998.26
2022-08;demonstrativoDAF (51).csv;ITA;ROYALTIES DE ITAIPU;TOTAL_QUOTA_PARCELA;;RETENCAO PASEP;3_99D;D;-3.99
2022-08;demonstrativoDAF (51).csv;ITA;ROYALTIES DE ITAIPU;TOTAL_QUOTA_PARCELA;;ITA-ROYT.ITAIPU;399_07C;C;399.07
2022-08;demonstrativoDAF (51).csv;ITA;ROYALTIES DE ITAIPU;TOTAL_QUOTA_FUNDO;;DEBITO FUNDO;3_99D;D;-3.99
2022-08;demonstrativoDAF (51).csv;ITA;ROYALTIES DE ITAIPU;TOTAL_QUOTA_FUNDO;;CREDITO FUNDO;399_07C;C;399.07
2022-08;demonstrativoDAF (51).csv;ITA;ROYALTIES DE ITAIPU;DETALHE;15.08.2022;RETENCAO PASEP;3_99D;D;-3.99
2022-08;demonstrativoDAF (51).csv;ITA;ROYALTIES DE ITAIPU;DETALHE;15.08.2022;ITA-ROYT.ITAIPU;399_07C;C;399.07
2022-08;demonstrativoDAF (51).csv;ITA;ROYALTIES DE ITAIPU;TOTAL_NA_DATA;15.08.2022;TOTAL NA DATA;395_08C;C;395.08
2022-08;demonstrativoDAF (51).csv;ITR;IMPOSTO TERRITORIAL RURAL;TOTAL_QUOTA_PARCELA;;RETENCAO PASEP;23_60D;D;-23.6
2022-08;demonstrativoDAF (51).csv;ITR;IMPOSTO TERRITORIAL RURAL;TOTAL_QUOTA_PARCELA;;DEDUCAO SAUDE;442_74D;D;-442.74
2022-08;demonstrativoDAF (51).csv;ITR;IMPOSTO TERRITORIAL RURAL;TOTAL_QUOTA_PARCELA;;DEDUCAO FUNDEB;590_33D;D;-590.33
2022-08;demonstrativoDAF (51).csv;ITR;IMPOSTO TERRITORIAL RURAL;TOTAL_QUOTA_PARCELA;;ITR-CONVENIO;2.951_72C;C;2951.72
2022-08;demonstrativoDAF (51).csv;ITR;IMPOSTO TERRITORIAL RURAL;TOTAL_QUOTA_FUNDO;;DEBITO FUNDO;1.056_67D;D;-1056.67
2022-08;demonstrativoDAF (51).csv;ITR;IMPOSTO TERRITORIAL RURAL;TOTAL_QUOTA_FUNDO;;CREDITO FUNDO;2.951_72C;C;2951.72
2022-08;demonstrativoDAF (51).csv;ITR;IMPOSTO TERRITORIAL RURAL;DETALHE;10.08.2022;RETENCAO PASEP;9_67D;D;-9.67
2022-08;demonstrativoDAF (51).csv;ITR;IMPOSTO TERRITORIAL RURAL;DETALHE;10.08.2022;DEDUCAO SAUDE;181_31D;D;-181.31
2022-08;demonstrativoDAF (51).csv;ITR;IMPOSTO TERRITORIAL RURAL;DETALHE;10.08.2022;DEDUCAO FUNDEB;241_75D;D;-241.75
2022-08;demonstrativoDAF (51).csv;ITR;IMPOSTO TERRITORIAL RURAL;DETALHE;10.08.2022;ITR-CONVENIO;1.208_78C;C;1208.78
2022-08;demonstrativoDAF (51).csv;ITR;IMPOSTO TERRITORIAL RURAL;TOTAL_NA_DATA;10.08.2022;TOTAL NA DATA;776_05C;C;776.05
2022-08;demonstrativoDAF (51).csv;ITR;IMPOSTO TERRITORIAL RURAL;DETALHE;19.08.2022;RETENCAO PASEP;0_39D;D;-0.39
2022-08;demonstrativoDAF (51).csv;ITR;IMPOSTO TERRITORIAL RURAL;DETALHE;19.08.2022;DEDUCAO SAUDE;7_42D;D;-7.42
2022-08;demonstrativoDAF (51).csv;ITR;IMPOSTO TERRITORIAL RURAL;DETALHE;19.08.2022;DEDUCAO FUNDEB;9_90D;D;-9.9
2022-08;demonstrativoDAF (51).csv;ITR;IMPOSTO TERRITORIAL RURAL;DETALHE;19.08.2022;ITR-CONVENIO;49_50C;C;49.5
2022-08;demonstrativoDAF (51).csv;ITR;IMPOSTO TERRITORIAL RURAL;TOTAL_NA_DATA;19.08.2022;TOTAL NA DATA;31_79C;C;31.79
2022-08;demonstrativoDAF (51).csv;ITR;IMPOSTO TERRITORIAL RURAL;DETALHE;30.08.2022;RETENCAO PASEP;13_54D;D;-13.54
2022-08;demonstrativoDAF (51).csv;ITR;IMPOSTO TERRITORIAL RURAL;DETALHE;30.08.2022;DEDUCAO SAUDE;254_01D;D;-254.01
2022-08;demonstrativoDAF (51).csv;ITR;IMPOSTO TERRITORIAL RURAL;DETALHE;30.08.2022;DEDUCAO FUNDEB;338_68D;D;-338.68
2022-08;demonstrativoDAF (51).csv;ITR;IMPOSTO TERRITORIAL RURAL;DETALHE;30.08.2022;ITR-CONVENIO;1.693_44C;C;1693.44
2022-08;demonstrativoDAF (51).csv;ITR;IMPOSTO TERRITORIAL RURAL;TOTAL_NA_DATA;30.08.2022;TOTAL NA DATA;1.087_21C;C;1087.21
2022-08;demonstrativoDAF (51).csv;RPM;ROYALTIES PETROLEO COTA MUNICIPAL;DETALHE;25.08.2022;ANP LEI 7990/89;208_08C;C;208.08
2022-08;demonstrativoDAF (51).csv;SNA;SIMPLES NACIONAL;TOTAL_QUOTA_PARCELA;;SIMPLES NACION.;24.300_30C;C;24300.3
2022-08;demonstrativoDAF (51).csv;SNA;SIMPLES NACIONAL;TOTAL_QUOTA_FUNDO;;DEBITO FUNDO;0_00D;D;-0.0
2022-08;demonstrativoDAF (51).csv;SNA;SIMPLES NACIONAL;TOTAL_QUOTA_FUNDO;;CREDITO FUNDO;24.300_30C;C;24300.3
2022-08;demonstrativoDAF (51).csv;SNA;SIMPLES NACIONAL;DETALHE;01.08.2022;SIMPLES NACION.;28_27C;C;28.27
2022-08;demonstrativoDAF (51).csv;SNA;SIMPLES NACIONAL;TOTAL_NA_DATA;01.08.2022;TOTAL NA DATA;28_27C;C;28.27
2022-08;demonstrativoDAF (51).csv;SNA;SIMPLES NACIONAL;DETALHE;02.08.2022;SIMPLES NACION.;547_17C;C;547.17
2022-08;demonstrativoDAF (51).csv;SNA;SIMPLES NACIONAL;TOTAL_NA_DATA;02.08.2022;TOTAL NA DATA;547_17C;C;547.17
2022-08;demonstrativoDAF (51).csv;SNA;SIMPLES NACIONAL;DETALHE;03.08.2022;SIMPLES NACION.;38_64C;C;38.64
2022-08;demonstrativoDAF (51).csv;SNA;SIMPLES NACIONAL;TOTAL_NA_DATA;03.08.2022;TOTAL NA DATA;38_64C;C;38.64
2022-08;demonstrativoDAF (51).csv;SNA;SIMPLES NACIONAL;DETALHE;04.08.2022;SIMPLES NACION.;10_26C;C;10.26
2022-08;demonstrativoDAF (51).csv;SNA;SIMPLES NACIONAL;TOTAL_NA_DATA;04.08.2022;TOTAL NA DATA;10_26C;C;10.26
2022-08;demonstrativoDAF (51).csv;SNA;SIMPLES NACIONAL;DETALHE;05.08.2022;SIMPLES NACION.;103_86C;C;103.86
2022-08;demonstrativoDAF (51).csv;SNA;SIMPLES NACIONAL;TOTAL_NA_DATA;05.08.2022;TOTAL NA DATA;103_86C;C;103.86
2022-08;demonstrativoDAF (51).csv;SNA;SIMPLES NACIONAL;DETALHE;08.08.2022;SIMPLES NACION.;123_33C;C;123.33
2022-08;demonstrativoDAF (51).csv;SNA;SIMPLES NACIONAL;TOTAL_NA_DATA;08.08.2022;TOTAL NA DATA;123_33C;C;123.33
2022-08;demonstrativoDAF (51).csv;SNA;SIMPLES NACIONAL;DETALHE;09.08.2022;SIMPLES NACION.;482_63C;C;482.63
2022-08;demonstrativoDAF (51).csv;SNA;SIMPLES NACIONAL;TOTAL_NA_DATA;09.08.2022;TOTAL NA DATA;482_63C;C;482.63
2022-08;demonstrativoDAF (51).csv;SNA;SIMPLES NACIONAL;DETALHE;10.08.2022;SIMPLES NACION.;2.406_33C;C;2406.33
2022-08;demonstrativoDAF (51).csv;SNA;SIMPLES NACIONAL;TOTAL_NA_DATA;10.08.2022;TOTAL NA DATA;2.406_33C;C;2406.33
2022-08;demonstrativoDAF (51).csv;SNA;SIMPLES NACIONAL;DETALHE;11.08.2022;SIMPLES NACION.;41_30C;C;41.3
2022-08;demonstrativoDAF (51).csv;SNA;SIMPLES NACIONAL;TOTAL_NA_DATA;11.08.2022;TOTAL NA DATA;41_30C;C;41.3
2022-08;demonstrativoDAF (51).csv;SNA;SIMPLES NACIONAL;DETALHE;15.08.2022;SIMPLES NACION.;1.489_06C;C;1489.06
2022-08;demonstrativoDAF (51).csv;SNA;SIMPLES NACIONAL;TOTAL_NA_DATA;15.08.2022;TOTAL NA DATA;1.489_06C;C;1489.06
2022-08;demonstrativoDAF (51).csv;SNA;SIMPLES NACIONAL;DETALHE;16.08.2022;SIMPLES NACION.;20_00C;C;20.0
2022-08;demonstrativoDAF (51).csv;SNA;SIMPLES NACIONAL;TOTAL_NA_DATA;16.08.2022;TOTAL NA DATA;20_00C;C;20.0
2022-08;demonstrativoDAF (51).csv;SNA;SIMPLES NACIONAL;DETALHE;17.08.2022;SIMPLES NACION.;542_66C;C;542.66
2022-08;demonstrativoDAF (51).csv;SNA;SIMPLES NACIONAL;TOTAL_NA_DATA;17.08.2022;TOTAL NA DATA;542_66C;C;542.66
2022-08;demonstrativoDAF (51).csv;SNA;SIMPLES NACIONAL;DETALHE;18.08.2022;SIMPLES NACION.;3.328_46C;C;3328.46
2022-08;demonstrativoDAF (51).csv;SNA;SIMPLES NACIONAL;TOTAL_NA_DATA;18.08.2022;TOTAL NA DATA;3.328_46C;C;3328.46
2022-08;demonstrativoDAF (51).csv;SNA;SIMPLES NACIONAL;DETALHE;19.08.2022;SIMPLES NACION.;152_86C;C;152.86
2022-08;demonstrativoDAF (51).csv;SNA;SIMPLES NACIONAL;TOTAL_NA_DATA;19.08.2022;TOTAL NA DATA;152_86C;C;152.86
2022-08;demonstrativoDAF (51).csv;SNA;SIMPLES NACIONAL;DETALHE;22.08.2022;SIMPLES NACION.;83_86C;C;83.86
2022-08;demonstrativoDAF (51).csv;SNA;SIMPLES NACIONAL;TOTAL_NA_DATA;22.08.2022;TOTAL NA DATA;83_86C;C;83.86
2022-08;demonstrativoDAF (51).csv;SNA;SIMPLES NACIONAL;DETALHE;23.08.2022;SIMPLES NACION.;1.283_78C;C;1283.78
2022-08;demonstrativoDAF (51).csv;SNA;SIMPLES NACIONAL;TOTAL_NA_DATA;23.08.2022;TOTAL NA DATA;1.283_78C;C;1283.78
2022-08;demonstrativoDAF (51).csv;SNA;SIMPLES NACIONAL;DETALHE;24.08.2022;SIMPLES NACION.;13.357_30C;C;13357.3
2022-08;demonstrativoDAF (51).csv;SNA;SIMPLES NACIONAL;TOTAL_NA_DATA;24.08.2022;TOTAL NA DATA;13.357_30C;C;13357.3
2022-08;demonstrativoDAF (51).csv;SNA;SIMPLES NACIONAL;DETALHE;25.08.2022;SIMPLES NACION.;148_20C;C;148.2
2022-08;demonstrativoDAF (51).csv;SNA;SIMPLES NACIONAL;TOTAL_NA_DATA;25.08.2022;TOTAL NA DATA;148_20C;C;148.2
2022-08;demonstrativoDAF (51).csv;SNA;SIMPLES NACIONAL;DETALHE;26.08.2022;SIMPLES NACION.;56_42C;C;56.42
2022-08;demonstrativoDAF (51).csv;SNA;SIMPLES NACIONAL;TOTAL_NA_DATA;26.08.2022;TOTAL NA DATA;56_42C;C;56.42
2022-08;demonstrativoDAF (51).csv;SNA;SIMPLES NACIONAL;DETALHE;29.08.2022;SIMPLES NACION.;5_00C;C;5.0
2022-08;demonstrativoDAF (51).csv;SNA;SIMPLES NACIONAL;TOTAL_NA_DATA;29.08.2022;TOTAL NA DATA;5_00C;C;5.0
2022-08;demonstrativoDAF (51).csv;SNA;SIMPLES NACIONAL;DETALHE;30.08.2022;SIMPLES NACION.;19_83C;C;19.83
2022-08;demonstrativoDAF (51).csv;SNA;SIMPLES NACIONAL;TOTAL_NA_DATA;30.08.2022;TOTAL NA DATA;19_83C;C;19.83
2022-08;demonstrativoDAF (51).csv;SNA;SIMPLES NACIONAL;DETALHE;31.08.2022;SIMPLES NACION.;31_08C;C;31.08
2022-08;demonstrativoDAF (51).csv;SNA;SIMPLES NACIONAL;TOTAL_NA_DATA;31.08.2022;TOTAL NA DATA;31_08C;C;31.08
2022-09;demonstrativoDAF (62).csv;;;TOTAL_PERIODO;;DEBITO BENEF.;1.325.744_31D;D;-1325744.31
2022-09;demonstrativoDAF (62).csv;;;TOTAL_PERIODO;;CREDITO BENEF.;3.053.664_76C;C;3053664.76
2022-09;demonstrativoDAF (62).csv;ADO;LC 176/2020 (ADO25);TOTAL_QUOTA_PARCELA;;RETENCAO PASEP;44_69D;D;-44.69
2022-09;demonstrativoDAF (62).csv;ADO;LC 176/2020 (ADO25);TOTAL_QUOTA_PARCELA;;LC 176/2020;4.469_49C;C;4469.49
2022-09;demonstrativoDAF (62).csv;ADO;LC 176/2020 (ADO25);TOTAL_QUOTA_FUNDO;;DEBITO FUNDO;44_69D;D;-44.69
2022-09;demonstrativoDAF (62).csv;ADO;LC 176/2020 (ADO25);TOTAL_QUOTA_FUNDO;;CREDITO FUNDO;4.469_49C;C;4469.49
2022-09;demonstrativoDAF (62).csv;ADO;LC 176/2020 (ADO25);DETALHE;30.09.2022;RETENCAO PASEP;44_69D;D;-44.69
2022-09;demonstrativoDAF (62).csv;ADO;LC 176/2020 (ADO25);DETALHE;30.09.2022;LC 176/2020;4.469_49C;C;4469.49
2022-09;demonstrativoDAF (62).csv;ADO;LC 176/2020 (ADO25);TOTAL_NA_DATA;30.09.2022;TOTAL NA DATA;4.424_80C;C;4424.8
2022-09;demonstrativoDAF (62).csv;FEB;FUNDEB-FNDO MANUT DES EDUC BASICA E VAL PROF;TOTAL_QUOTA_PARCELA;;ORIGEM ITR;2.837_27C;C;2837.27
2022-09;demonstrativoDAF (62).csv;FEB;FUNDEB-FNDO MANUT DES EDUC BASICA E VAL PROF;TOTAL_QUOTA_PARCELA;;ORIGEM IPVA;13.257_91C;C;13257.91
2022-09;demonstrativoDAF (62).csv;FEB;FUNDEB-FNDO MANUT DES EDUC BASICA E VAL PROF;TOTAL_QUOTA_PARCELA;;ORIGEM ITCMD;8.276_97C;C;8276.97
2022-09;demonstrativoDAF (62).csv;FEB;FUNDEB-FNDO MANUT DES EDUC BASICA E VAL PROF;TOTAL_QUOTA_PARCELA;;ORIGEM IPI-EXP;4.215_93C;C;4215.93
2022-09;demonstrativoDAF (62).csv;FEB;FUNDEB-FNDO MANUT DES EDUC BASICA E VAL PROF;TOTAL_QUOTA_PARCELA;;ORIGEM ICMS EST;269.676_66C;C;269676.66
2022-09;demonstrativoDAF (62).csv;FEB;FUNDEB-FNDO MANUT DES EDUC BASICA E VAL PROF;TOTAL_QUOTA_PARCELA;;ORIGEM ICMS-EST;87.422_05C;C;87422.05
2022-09;demonstrativoDAF (62).csv;FEB;FUNDEB-FNDO MANUT DES EDUC BASICA E VAL PROF;TOTAL_QUOTA_PARCELA;;ORIGEM FPE;32.510_64C;C;32510.64
2022-09;demonstrativoDAF (62).csv;FEB;FUNDEB-FNDO MANUT DES EDUC BASICA E VAL PROF;TOTAL_QUOTA_PARCELA;;ORIGEM FPM;79.786_99C;C;79786.99
2022-09;demonstrativoDAF (62).csv;FEB;FUNDEB-FNDO MANUT DES EDUC BASICA E VAL PROF;TOTAL_QUOTA_PARCELA;;IPI-EXP AJ;4_55D;D;-4.55
2022-09;demonstrativoDAF (62).csv;FEB;FUNDEB-FNDO MANUT DES EDUC BASICA E VAL PROF;TOTAL_QUOTA_PARCELA;;ITR AJUSTE;0_33D;D;-0.33
2022-09;demonstrativoDAF (62).csv;FEB;FUNDEB-FNDO MANUT DES EDUC BASICA E VAL PROF;TOTAL_QUOTA_PARCELA;;IPVA AJUSTE;69_70D;D;-69.7
2022-09;demonstrativoDAF (62).csv;FEB;FUNDEB-FNDO MANUT DES EDUC BASICA E VAL PROF;TOTAL_QUOTA_PARCELA;;ITCMD AJUSTE;9_47D;D;-9.47
2022-09;demonstrativoDAF (62).csv;FEB;FUNDEB-FNDO MANUT DES EDUC BASICA E VAL PROF;TOTAL_QUOTA_PARCELA;;ICMS AJUSTE;307_91D;D;-307.91
2022-09;demonstrativoDAF (62).csv;FEB;FUNDEB-FNDO MANUT DES EDUC BASICA E VAL PROF;TOTAL_QUOTA_PARCELA;;ICMS TRIB 19 AJ;98_06D;D;-98.06
2022-09;demonstrativoDAF (62).csv;FEB;FUNDEB-FNDO MANUT DES EDUC BASICA E VAL PROF;TOTAL_QUOTA_PARCELA;;FPE AJUSTE;43_26D;D;-43.26
2022-09;demonstrativoDAF (62).csv;FEB;FUNDEB-FNDO MANUT DES EDUC BASICA E VAL PROF;TOTAL_QUOTA_PARCELA;;FPM AJUSTE;106_29D;D;-106.29
2022-09;demonstrativoDAF (62).csv;FEB;FUNDEB-FNDO MANUT DES EDUC BASICA E VAL PROF;TOTAL_QUOTA_FUNDO;;DEBITO FUNDO;639_57D;D;-639.57
2022-09;demonstrativoDAF (62).csv;FEB;FUNDEB-FNDO MANUT DES EDUC BASICA E VAL PROF;TOTAL_QUOTA_FUNDO;;CREDITO FUNDO;497.984_42C;C;497984.42
2022-09;demonstrativoDAF (62).csv;FEB;FUNDEB-FNDO MANUT DES EDUC BASICA E VAL PROF;DETALHE;06.09.2022;ORIGEM ICMS-EST;5.091_14C;C;5091.14
2022-09;demonstrativoDAF (62).csv;FEB;FUNDEB-FNDO MANUT DES EDUC BASICA E VAL PROF;TOTAL_NA_DATA;06.09.2022;TOTAL NA DATA;5.091_14C;C;5091.14
2022-09;demonstrativoDAF (62).csv;FEB;FUNDEB-FNDO MANUT DES EDUC BASICA E VAL PROF;DETALHE;08.09.2022;ORIGEM IPVA;3.967_24C;C;3967.24
2022-09;demonstrativoDAF (62).csv;FEB;FUNDEB-FNDO MANUT DES EDUC BASICA E VAL PROF;DETALHE;08.09.2022;ORIGEM ITCMD;2.732_45C;C;2732.45
2022-09;demonstrativoDAF (62).csv;FEB;FUNDEB-FNDO MANUT DES EDUC BASICA E VAL PROF;DETALHE;08.09.2022;ORIGEM ICMS EST;18.160_84C;C;18160.84
2022-09;demonstrativoDAF (62).csv;FEB;FUNDEB-FNDO MANUT DES EDUC BASICA E VAL PROF;TOTAL_NA_DATA;08.09.2022;TOTAL NA DATA;24.860_53C;C;24860.53
2022-09;demonstrativoDAF (62).csv;FEB;FUNDEB-FNDO MANUT DES EDUC BASICA E VAL PROF;DETALHE;09.09.2022;ORIGEM ITR;582_44C;C;582.44
2022-09;demonstrativoDAF (62).csv;FEB;FUNDEB-FNDO MANUT DES EDUC BASICA E VAL PROF;DETALHE;09.09.2022;ORIGEM IPI-EXP;2.510_09C;C;2510.09
2022-09;demonstrativoDAF (62).csv;FEB;FUNDEB-FNDO MANUT DES EDUC BASICA E VAL PROF;DETALHE;09.09.2022;ORIGEM FPE;18.495_18C;C;18495.18
2022-09;demonstrativoDAF (62).csv;FEB;FUNDEB-FNDO MANUT DES EDUC BASICA E VAL PROF;DETALHE;09.09.2022;ORIGEM FPM;45.318_12C;C;45318.12
2022-09;demonstrativoDAF (62).csv;FEB;FUNDEB-FNDO MANUT DES EDUC BASICA E VAL PROF;TOTAL_NA_DATA;09.09.2022;TOTAL NA DATA;66.905_83C;C;66905.83
2022-09;demonstrativoDAF (62).csv;FEB;FUNDEB-FNDO MANUT DES EDUC BASICA E VAL PROF;DETALHE;13.09.2022;ORIGEM ICMS-EST;12.537_36C;C;12537.36
2022-09;demonstrativoDAF (62).csv;FEB;FUNDEB-FNDO MANUT DES EDUC BASICA E VAL PROF;TOTAL_NA_DATA;13.09.2022;TOTAL NA DATA;12.537_36C;C;12537.36
2022-09;demonstrativoDAF (62).csv;FEB;FUNDEB-FNDO MANUT DES EDUC BASICA E VAL PROF;DETALHE;14.09.2022;ORIGEM IPVA;2.951_30C;C;2951.3
2022-09;demonstrativoDAF (62).csv;FEB;FUNDEB-FNDO MANUT DES EDUC BASICA E VAL PROF;DETALHE;14.09.2022;ORIGEM ITCMD;1.346_59C;C;1346.59
2022-09;demonstrativoDAF (62).csv;FEB;FUNDEB-FNDO MANUT DES EDUC BASICA E VAL PROF;DETALHE;14.09.2022;ORIGEM ICMS EST;105.161_61C;C;105161.61
2022-09;demonstrativoDAF (62).csv;FEB;FUNDEB-FNDO MANUT DES EDUC BASICA E VAL PROF;TOTAL_NA_DATA;14.09.2022;TOTAL NA DATA;109.459_50C;C;109459.5
2022-09;demonstrativoDAF (62).csv;FEB;FUNDEB-FNDO MANUT DES EDUC BASICA E VAL PROF;DETALHE;20.09.2022;ORIGEM ITR;549_88C;C;549.88
2022-09;demonstrativoDAF (62).csv;FEB;FUNDEB-FNDO MANUT DES EDUC BASICA E VAL PROF;DETALHE;20.09.2022;ORIGEM IPI-EXP;889_13C;C;889.13
2022-09;demonstrativoDAF (62).csv;FEB;FUNDEB-FNDO MANUT DES EDUC BASICA E VAL PROF;DETALHE;20.09.2022;ORIGEM ICMS-EST;53.805_67C;C;53805.67
2022-09;demonstrativoDAF (62).csv;FEB;FUNDEB-FNDO MANUT DES EDUC BASICA E VAL PROF;DETALHE;20.09.2022;ORIGEM FPE;3.558_03C;C;3558.03
2022-09;demonstrativoDAF (62).csv;FEB;FUNDEB-FNDO MANUT DES EDUC BASICA E VAL PROF;DETALHE;20.09.2022;ORIGEM FPM;8.765_72C;C;8765.72
2022-09;demonstrativoDAF (62).csv;FEB;FUNDEB-FNDO MANUT DES EDUC BASICA E VAL PROF;TOTAL_NA_DATA;20.09.2022;TOTAL NA DATA;67.568_43C;C;67568.43
2022-09;demonstrativoDAF (62).csv;FEB;FUNDEB-FNDO MANUT DES EDUC BASICA E VAL PROF;DETALHE;21.09.2022;ORIGEM IPVA;3.341_75C;C;3341.75
2022-09;demonstrativoDAF (62).csv;FEB;FUNDEB-FNDO MANUT DES EDUC BASICA E VAL PROF;DETALHE;21.09.2022;ORIGEM ITCMD;2.284_14C;C;2284.14
2022-09;demonstrativoDAF (62).csv;FEB;FUNDEB-FNDO MANUT DES EDUC BASICA E VAL PROF;DETALHE;21.09.2022;ORIGEM ICMS EST;98.977_99C;C;98977.99
2022-09;demonstrativoDAF (62).csv;FEB;FUNDEB-FNDO MANUT DES EDUC BASICA E VAL PROF;TOTAL_NA_DATA;21.09.2022;TOTAL NA DATA;104.603_88C;C;104603.88
2022-09;demonstrativoDAF (62).csv;FEB;FUNDEB-FNDO MANUT DES EDUC BASICA E VAL PROF;DETALHE;27.09.2022;ORIGEM ICMS-EST;15.987_88C;C;15987.88
2022-09;demonstrativoDAF (62).csv;FEB;FUNDEB-FNDO MANUT DES EDUC BASICA E VAL PROF;TOTAL_NA_DATA;27.09.2022;TOTAL NA DATA;15.987_88C;C;15987.88
2022-09;demonstrativoDAF (62).csv;FEB;FUNDEB-FNDO MANUT DES EDUC BASICA E VAL PROF;DETALHE;28.09.2022;ORIGEM IPVA;2.997_62C;C;2997.62
2022-09;demonstrativoDAF (62).csv;FEB;FUNDEB-FNDO MANUT DES EDUC BASICA E VAL PROF;DETALHE;28.09.2022;ORIGEM ITCMD;1.913_79C;C;1913.79
2022-09;demonstrativoDAF (62).csv;FEB;FUNDEB-FNDO MANUT DES EDUC BASICA E VAL PROF;DETALHE;28.09.2022;ORIGEM ICMS EST;47.376_22C;C;47376.22
2022-09;demonstrativoDAF (62).csv;FEB;FUNDEB-FNDO MANUT DES EDUC BASICA E VAL PROF;TOTAL_NA_DATA;28.09.2022;TOTAL NA DATA;52.287_63C;C;52287.63
2022-09;demonstrativoDAF (62).csv;FEB;FUNDEB-FNDO MANUT DES EDUC BASICA E VAL PROF;DETALHE;30.09.2022;ORIGEM ITR;1.704_95C;C;1704.95
2022-09;demonstrativoDAF (62).csv;FEB;FUNDEB-FNDO MANUT DES EDUC BASICA E VAL PROF;DETALHE;30.09.2022;ORIGEM IPI-EXP;816_71C;C;816.71
2022-09;demonstrativoDAF (62).csv;FEB;FUNDEB-FNDO MANUT DES EDUC BASICA E VAL PROF;DETALHE;30.09.2022;ORIGEM FPE;10.457_43C;C;10457.43
2022-09;demonstrativoDAF (62).csv;FEB;FUNDEB-FNDO MANUT DES EDUC BASICA E VAL PROF;DETALHE;30.09.2022;ORIGEM FPM;25.703_15C;C;25703.15
2022-09;demonstrativoDAF (62).csv;FEB;FUNDEB-FNDO MANUT DES EDUC BASICA E VAL PROF;DETALHE;30.09.2022;IPI-EXP AJ;4_55D;D;-4.55
2022-09;demonstrativoDAF (62).csv;FEB;FUNDEB-FNDO MANUT DES EDUC BASICA E VAL PROF;DETALHE;30.09.2022;ITR AJUSTE;0_33D;D;-0.33
2022-09;demonstrativoDAF (62).csv;FEB;FUNDEB-FNDO MANUT DES EDUC BASICA E VAL PROF;DETALHE;30.09.2022;IPVA AJUSTE;69_70D;D;-69.7
2022-09;demonstrativoDAF (62).csv;FEB;FUNDEB-FNDO MANUT DES EDUC BASICA E VAL PROF;DETALHE;30.09.2022;ITCMD AJUSTE;9_47D;D;-9.47
2022-09;demonstrativoDAF (62).csv;FEB;FUNDEB-FNDO MANUT DES EDUC BASICA E VAL PROF;DETALHE;30.09.2022;ICMS AJUSTE;307_91D;D;-307.91
2022-09;demonstrativoDAF (62).csv;FEB;FUNDEB-FNDO MANUT DES EDUC BASICA E VAL PROF;DETALHE;30.09.2022;ICMS TRIB 19 AJ;98_06D;D;-98.06
2022-09;demonstrativoDAF (62).csv;FEB;FUNDEB-FNDO MANUT DES EDUC BASICA E VAL PROF;DETALHE;30.09.2022;FPE AJUSTE;43_26D;D;-43.26
2022-09;demonstrativoDAF (62).csv;FEB;FUNDEB-FNDO MANUT DES EDUC BASICA E VAL PROF;DETALHE;30.09.2022;FPM AJUSTE;106_29D;D;-106.29
2022-09;demonstrativoDAF (62).csv;FEB;FUNDEB-FNDO MANUT DES EDUC BASICA E VAL PROF;TOTAL_NA_DATA;30.09.2022;TOTAL NA DATA;38.042_67C;C;38042.67
2022-09;demonstrativoDAF (62).csv;FEP;FUNDO ESPECIAL DO PETROLEO;TOTAL_QUOTA_PARCELA;;COTA-PARTE;45.994_64C;C;45994.64
2022-09;demonstrativoDAF (62).csv;FEP;FUNDO ESPECIAL DO PETROLEO;TOTAL_QUOTA_PARCELA;;RETENCAO PASEP;459_94D;D;-459.94
2022-09;demonstrativoDAF (62).csv;FEP;FUNDO ESPECIAL DO PETROLEO;TOTAL_QUOTA_FUNDO;;DEBITO FUNDO;459_94D;D;-459.94
2022-09;demonstrativoDAF (62).csv;FEP;FUNDO ESPECIAL DO PETROLEO;TOTAL_QUOTA_FUNDO;;CREDITO FUNDO;45.994_64C;C;45994.64
2022-09;demonstrativoDAF (62).csv;FEP;FUNDO ESPECIAL DO PETROLEO;DETALHE;28.09.2022;COTA-PARTE;31.989_28C;C;31989.28
2022-09;demonstrativoDAF (62).csv;FEP;FUNDO ESPECIAL DO PETROLEO;DETALHE;28.09.2022;RETENCAO PASEP;319_89D;D;-319.89
2022-09;demonstrativoDAF (62).csv;FEP;FUNDO ESPECIAL DO PETROLEO;TOTAL_NA_DATA;28.09.2022;TOTAL NA DATA;31.669_39C;C;31669.39
2022-09;demonstrativoDAF (62).csv;FEP;FUNDO ESPECIAL DO PETROLEO;DETALHE;29.09.2022;COTA-PARTE;14.005_36C;C;14005.36
2022-09;demonstrativoDAF (62).csv;FEP;FUNDO ESPECIAL DO PETROLEO;DETALHE;29.09.2022;RETENCAO PASEP;140_05D;D;-140.05
2022-09;demonstrativoDAF (62).csv;FEP;FUNDO ESPECIAL DO PETROLEO;TOTAL_NA_DATA;29.09.2022;TOTAL NA DATA;13.865_31C;C;13865.31
2022-09;demonstrativoDAF (62).csv;FPM;FUNDO DE PARTICIPACAO DOS MUNICIPIOS;TOTAL_QUOTA_PARCELA;;PARCELA DE IPI;152.248_36C;C;152248.36
2022-09;demonstrativoDAF (62).csv;FPM;FUNDO DE PARTICIPACAO DOS MUNICIPIOS;TOTAL_QUOTA_PARCELA;;PARCELA DE IR;1.340.932_99C;C;1340932.99
2022-09;demonstrativoDAF (62).csv;FPM;FUNDO DE PARTICIPACAO DOS MUNICIPIOS;TOTAL_QUOTA_PARCELA;;RETENCAO PASEP;14.931_78D;D;-14931.78
2022-09;demonstrativoDAF (62).csv;FPM;FUNDO DE PARTICIPACAO DOS MUNICIPIOS;TOTAL_QUOTA_PARCELA;;RFB-PREV-OB COR;426.559_89D;D;-426559.89
2022-09;demonstrativoDAF (62).csv;FPM;FUNDO DE PARTICIPACAO DOS MUNICIPIOS;TOTAL_QUOTA_PARCELA;;RFB-PREV-OB DEV;82.659_22D;D;-82659.22
2022-09;demonstrativoDAF (62).csv;FPM;FUNDO DE PARTICIPACAO DOS MUNICIPIOS;TOTAL_QUOTA_PARCELA;;RFB-PREV-PARC60;91.388_79D;D;-91388.79
2022-09;demonstrativoDAF (62).csv;FPM;FUNDO DE PARTICIPACAO DOS MUNICIPIOS;TOTAL_QUOTA_PARCELA;;DEDUCAO SAUDE;202.035_39D;D;-202035.39
2022-09;demonstrativoDAF (62).csv;FPM;FUNDO DE PARTICIPACAO DOS MUNICIPIOS;TOTAL_QUOTA_PARCELA;;DEDUCAO FUNDEB;269.380_55D;D;-269380.55
2022-09;demonstrativoDAF (62).csv;FPM;FUNDO DE PARTICIPACAO DOS MUNICIPIOS;TOTAL_QUOTA_FUNDO;;DEBITO FUNDO;1.086.955_62D;D;-1086955.62
2022-09;demonstrativoDAF (62).csv;FPM;FUNDO DE PARTICIPACAO DOS MUNICIPIOS;TOTAL_QUOTA_FUNDO;;CREDITO FUNDO;1.493.181_35C;C;1493181.35
2022-09;demonstrativoDAF (62).csv;FPM;FUNDO DE PARTICIPACAO DOS MUNICIPIOS;DETALHE;09.09.2022;PARCELA DE IPI;95.544_41C;C;95544.41
2022-09;demonstrativoDAF (62).csv;FPM;FUNDO DE PARTICIPACAO DOS MUNICIPIOS;DETALHE;09.09.2022;PARCELA DE IR;815.759_88C;C;815759.88
2022-09;demonstrativoDAF (62).csv;FPM;FUNDO DE PARTICIPACAO DOS MUNICIPIOS;DETALHE;09.09.2022;RETENCAO PASEP;9.113_03D;D;-9113.03
2022-09;demonstrativoDAF (62).csv;FPM;FUNDO DE PARTICIPACAO DOS MUNICIPIOS;DETALHE;09.09.2022;RFB-PREV-OB COR;426.559_89D;D;-426559.89
2022-09;demonstrativoDAF (62).csv;FPM;FUNDO DE PARTICIPACAO DOS MUNICIPIOS;DETALHE;09.09.2022;RFB-PREV-OB DEV;63.056_61D;D;-63056.61
2022-09;demonstrativoDAF (62).csv;FPM;FUNDO DE PARTICIPACAO DOS MUNICIPIOS;DETALHE;09.09.2022;DEDUCAO SAUDE;114.753_85D;D;-114753.85
2022-09;demonstrativoDAF (62).csv;FPM;FUNDO DE PARTICIPACAO DOS MUNICIPIOS;DETALHE;09.09.2022;DEDUCAO FUNDEB;153.005_15D;D;-153005.15
2022-09;demonstrativoDAF (62).csv;FPM;FUNDO DE PARTICIPACAO DOS MUNICIPIOS;TOTAL_NA_DATA;09.09.2022;TOTAL NA DATA;144.815_76C;C;144815.76
2022-09;demonstrativoDAF (62).csv;FPM;FUNDO DE PARTICIPACAO DOS MUNICIPIOS;DETALHE;20.09.2022;PARCELA DE IPI;29.555_56C;C;29555.56
2022-09;demonstrativoDAF (62).csv;FPM;FUNDO DE PARTICIPACAO DOS MUNICIPIOS;DETALHE;20.09.2022;PARCELA DE IR;118.420_55C;C;118420.55
2022-09;demonstrativoDAF (62).csv;FPM;FUNDO DE PARTICIPACAO DOS MUNICIPIOS;DETALHE;20.09.2022;RETENCAO PASEP;1.479_75D;D;-1479.75
2022-09;demonstrativoDAF (62).csv;FPM;FUNDO DE PARTICIPACAO DOS MUNICIPIOS;DETALHE;20.09.2022;RFB-PREV-OB DEV;19.602_61D;D;-19602.61
2022-09;demonstrativoDAF (62).csv;FPM;FUNDO DE PARTICIPACAO DOS MUNICIPIOS;DETALHE;20.09.2022;RFB-PREV-PARC60;75.102_12D;D;-75102.12
2022-09;demonstrativoDAF (62).csv;FPM;FUNDO DE PARTICIPACAO DOS MUNICIPIOS;DETALHE;20.09.2022;DEDUCAO SAUDE;22.196_41D;D;-22196.41
2022-09;demonstrativoDAF (62).csv;FPM;FUNDO DE PARTICIPACAO DOS MUNICIPIOS;DETALHE;20.09.2022;DEDUCAO FUNDEB;29.595_22D;D;-29595.22
2022-09;demonstrativoDAF (62).csv;FPM;FUNDO DE PARTICIPACAO DOS MUNICIPIOS;TOTAL_NA_DATA;20.09.2022;TOTAL NA DATA;0_00C;C;0.0
2022-09;demonstrativoDAF (62).csv;FPM;FUNDO DE PARTICIPACAO DOS MUNICIPIOS;DETALHE;30.09.2022;PARCELA DE IPI;27.148_39C;C;27148.39
2022-09;demonstrativoDAF (62).csv;FPM;FUNDO DE PARTICIPACAO DOS MUNICIPIOS;DETALHE;30.09.2022;PARCELA DE IR;406.752_56C;C;406752.56
2022-09;demonstrativoDAF (62).csv;FPM;FUNDO DE PARTICIPACAO DOS MUNICIPIOS;DETALHE;30.09.2022;RETENCAO PASEP;4.339_00D;D;-4339.0
2022-09;demonstrativoDAF (62).csv;FPM;FUNDO DE PARTICIPACAO DOS MUNICIPIOS;DETALHE;30.09.2022;RFB-PREV-PARC60;16.286_67D;D;-16286.67
2022-09;demonstrativoDAF (62).csv;FPM;FUNDO DE PARTICIPACAO DOS MUNICIPIOS;DETALHE;30.09.2022;DEDUCAO SAUDE;65.085_13D;D;-65085.13
2022-09;demonstrativoDAF (62).csv;FPM;FUNDO DE PARTICIPACAO DOS MUNICIPIOS;DETALHE;30.09.2022;DEDUCAO FUNDEB;86.780_18D;D;-86780.18
2022-09;demonstrativoDAF (62).csv;FPM;FUNDO DE PARTICIPACAO DOS MUNICIPIOS;TOTAL_NA_DATA;30.09.2022;TOTAL NA DATA;261.409_97C;C;261409.97
2022-09;demonstrativoDAF (62).csv;FUS;FUNDO SAUDE;TOTAL_QUOTA_PARCELA;;ORIGEM FPM;202.035_39C;C;202035.39
2022-09;demonstrativoDAF (62).csv;FUS;FUNDO SAUDE;TOTAL_QUOTA_PARCELA;;REF.ICMS ESTADO;92.685_19C;C;92685.19
2022-09;demonstrativoDAF (62).csv;FUS;FUNDO SAUDE;TOTAL_QUOTA_PARCELA;;ORIGEM ITR;8.492_52C;C;8492.52
2022-09;demonstrativoDAF (62).csv;FUS;FUNDO SAUDE;TOTAL_QUOTA_PARCELA;;ORIGEM IPM;1.106_25C;C;1106.25
2022-09;demonstrativoDAF (62).csv;FUS;FUNDO SAUDE;TOTAL_QUOTA_FUNDO;;DEBITO FUNDO;0_00D;D;-0.0
2022-09;demonstrativoDAF (62).csv;FUS;FUNDO SAUDE;TOTAL_QUOTA_FUNDO;;CREDITO FUNDO;304.319_35C;C;304319.35
2022-09;demonstrativoDAF (62).csv;FUS;FUNDO SAUDE;DETALHE;06.09.2022;REF.ICMS ESTADO;5.397_64C;C;5397.64
2022-09;demonstrativoDAF (62).csv;FUS;FUNDO SAUDE;TOTAL_NA_DATA;06.09.2022;TOTAL NA DATA;5.397_64C;C;5397.64
2022-09;demonstrativoDAF (62).csv;FUS;FUNDO SAUDE;DETALHE;09.09.2022;ORIGEM FPM;114.753_85C;C;114753.85
2022-09;demonstrativoDAF (62).csv;FUS;FUNDO SAUDE;DETALHE;09.09.2022;ORIGEM ITR;346_32C;C;346.32
2022-09;demonstrativoDAF (62).csv;FUS;FUNDO SAUDE;DETALHE;09.09.2022;ORIGEM IPM;658_65C;C;658.65
2022-09;demonstrativoDAF (62).csv;FUS;FUNDO SAUDE;TOTAL_NA_DATA;09.09.2022;TOTAL NA DATA;115.758_82C;C;115758.82
2022-09;demonstrativoDAF (62).csv;FUS;FUNDO SAUDE;DETALHE;13.09.2022;REF.ICMS ESTADO;13.292_16C;C;13292.16
2022-09;demonstrativoDAF (62).csv;FUS;FUNDO SAUDE;TOTAL_NA_DATA;13.09.2022;TOTAL NA DATA;13.292_16C;C;13292.16
2022-09;demonstrativoDAF (62).csv;FUS;FUNDO SAUDE;DETALHE;20.09.2022;ORIGEM FPM;22.196_41C;C;22196.41
2022-09;demonstrativoDAF (62).csv;FUS;FUNDO SAUDE;DETALHE;20.09.2022;REF.ICMS ESTADO;57.044_98C;C;57044.98
2022-09;demonstrativoDAF (62).csv;FUS;FUNDO SAUDE;DETALHE;20.09.2022;ORIGEM ITR;4.809_62C;C;4809.62
2022-09;demonstrativoDAF (62).csv;FUS;FUNDO SAUDE;DETALHE;20.09.2022;ORIGEM IPM;233_30C;C;233.3
2022-09;demonstrativoDAF (62).csv;FUS;FUNDO SAUDE;TOTAL_NA_DATA;20.09.2022;TOTAL NA DATA;84.284_31C;C;84284.31
2022-09;demonstrativoDAF (62).csv;FUS;FUNDO SAUDE;DETALHE;27.09.2022;REF.ICMS ESTADO;16.950_41C;C;16950.41
2022-09;demonstrativoDAF (62).csv;FUS;FUNDO SAUDE;TOTAL_NA_DATA;27.09.2022;TOTAL NA DATA;16.950_41C;C;16950.41
2022-09;demonstrativoDAF (62).csv;FUS;FUNDO SAUDE;DETALHE;30.09.2022;ORIGEM FPM;65.085_13C;C;65085.13
2022-09;demonstrativoDAF (62).csv;FUS;FUNDO SAUDE;DETALHE;30.09.2022;ORIGEM ITR;3.336_58C;C;3336.58
2022-09;demonstrativoDAF (62).csv;FUS;FUNDO SAUDE;DETALHE;30.09.2022;ORIGEM IPM;214_30C;C;214.3
2022-09;demonstrativoDAF (62).csv;FUS;FUNDO SAUDE;TOTAL_NA_DATA;30.09.2022;TOTAL NA DATA;68.636_01C;C;68636.01
2022-09;demonstrativoDAF (62).csv;ICS;ICMS ESTADUAL;TOTAL_QUOTA_PARCELA;;COTA-PARTE;617.901_44C;C;617901.44
2022-09;demonstrativoDAF (62).csv;ICS;ICMS ESTADUAL;TOTAL_QUOTA_PARCELA;;DEDUCAO SAUDE;92.685_19D;D;-92685.19
2022-09;demonstrativoDAF (62).csv;ICS;ICMS ESTADUAL;TOTAL_QUOTA_PARCELA;;DEDUCAO FUNDEB;123.580_27D;D;-123580.27
2022-09;demonstrativoDAF (62).csv;ICS;ICMS ESTADUAL;TOTAL_QUOTA_FUNDO;;DEBITO FUNDO;216.265_46D;D;-216265.46
2022-09;demonstrativoDAF (62).csv;ICS;ICMS ESTADUAL;TOTAL_QUOTA_FUNDO;;CREDITO FUNDO;617.901_44C;C;617901.44
2022-09;demonstrativoDAF (62).csv;ICS;ICMS ESTADUAL;DETALHE;06.09.2022;COTA-PARTE;35.984_30C;C;35984.3
2022-09;demonstrativoDAF (62).csv;ICS;ICMS ESTADUAL;DETALHE;06.09.2022;DEDUCAO SAUDE;5.397_64D;D;-5397.64
2022-09;demonstrativoDAF (62).csv;ICS;ICMS ESTADUAL;DETALHE;06.09.2022;DEDUCAO FUNDEB;7.196_86D;D;-7196.86
2022-09;demonstrativoDAF (62).csv;ICS;ICMS ESTADUAL;TOTAL_NA_DATA;06.09.2022;TOTAL NA DATA;23.389_80C;C;23389.8
2022-09;demonstrativoDAF (62).csv;ICS;ICMS ESTADUAL;DETALHE;13.09.2022;COTA-PARTE;88.614_43C;C;88614.43
2022-09;demonstrativoDAF (62).csv;ICS;ICMS ESTADUAL;DETALHE;13.09.2022;DEDUCAO SAUDE;13.292_16D;D;-13292.16
2022-09;demonstrativoDAF (62).csv;ICS;ICMS ESTADUAL;DETALHE;13.09.2022;DEDUCAO FUNDEB;17.722_88D;D;-17722.88
2022-09;demonstrativoDAF (62).csv;ICS;ICMS ESTADUAL;TOTAL_NA_DATA;13.09.2022;TOTAL NA DATA;57.599_39C;C;57599.39
2022-09;demonstrativoDAF (62).csv;ICS;ICMS ESTADUAL;DETALHE;20.09.2022;COTA-PARTE;380.299_93C;C;380299.93
2022-09;demonstrativoDAF (62).csv;ICS;ICMS ESTADUAL;DETALHE;20.09.2022;DEDUCAO SAUDE;57.044_98D;D;-57044.98
2022-09;demonstrativoDAF (62).csv;ICS;ICMS ESTADUAL;DETALHE;20.09.2022;DEDUCAO FUNDEB;76.059_98D;D;-76059.98
2022-09;demonstrativoDAF (62).csv;ICS;ICMS ESTADUAL;TOTAL_NA_DATA;20.09.2022;TOTAL NA DATA;247.194_97C;C;247194.97
2022-09;demonstrativoDAF (62).csv;ICS;ICMS ESTADUAL;DETALHE;27.09.2022;COTA-PARTE;113.002_78C;C;113002.78
2022-09;demonstrativoDAF (62).csv;ICS;ICMS ESTADUAL;DETALHE;27.09.2022;DEDUCAO SAUDE;16.950_41D;D;-16950.41
2022-09;demonstrativoDAF (62).csv;ICS;ICMS ESTADUAL;DETALHE;27.09.2022;DEDUCAO FUNDEB;22.600_55D;D;-22600.55
2022-09;demonstrativoDAF (62).csv;ICS;ICMS ESTADUAL;TOTAL_NA_DATA;27.09.2022;TOTAL NA DATA;73.451_82C;C;73451.82
2022-09;demonstrativoDAF (62).csv;IPM;IPI EXPORTACAO - COTA MUNICIPIO;TOTAL_QUOTA_PARCELA;;DEDUCAO SAUDE;1.106_25D;D;-1106.25
2022-09;demonstrativoDAF (62).csv;IPM;IPI EXPORTACAO - COTA MUNICIPIO;TOTAL_QUOTA_PARCELA;;IPM IPI-MUNIC;5.900_06C;C;5900.06
2022-09;demonstrativoDAF (62).csv;IPM;IPI EXPORTACAO - COTA MUNICIPIO;TOTAL_QUOTA_FUNDO;;DEBITO FUNDO;1.106_25D;D;-1106.25
2022-09;demonstrativoDAF (62).csv;IPM;IPI EXPORTACAO - COTA MUNICIPIO;TOTAL_QUOTA_FUNDO;;CREDITO FUNDO;5.900_06C;C;5900.06
2022-09;demonstrativoDAF (62).csv;IPM;IPI EXPORTACAO - COTA MUNICIPIO;DETALHE;09.09.2022;DEDUCAO SAUDE;658_65D;D;-658.65
2022-09;demonstrativoDAF (62).csv;IPM;IPI EXPORTACAO - COTA MUNICIPIO;DETALHE;09.09.2022;IPM IPI-MUNIC;3.512_80C;C;3512.8
2022-09;demonstrativoDAF (62).csv;IPM;IPI EXPORTACAO - COTA MUNICIPIO;TOTAL_NA_DATA;09.09.2022;TOTAL NA DATA;2.854_15C;C;2854.15
2022-09;demonstrativoDAF (62).csv;IPM;IPI EXPORTACAO - COTA MUNICIPIO;DETALHE;20.09.2022;DEDUCAO SAUDE;233_30D;D;-233.3
2022-09;demonstrativoDAF (62).csv;IPM;IPI EXPORTACAO - COTA MUNICIPIO;DETALHE;20.09.2022;IPM IPI-MUNIC;1.244_30C;C;1244.3
2022-09;demonstrativoDAF (62).csv;IPM;IPI EXPORTACAO - COTA MUNICIPIO;TOTAL_NA_DATA;20.09.2022;TOTAL NA DATA;1.011_00C;C;1011.0
2022-09;demonstrativoDAF (62).csv;IPM;IPI EXPORTACAO - COTA MUNICIPIO;DETALHE;30.09.2022;DEDUCAO SAUDE;214_30D;D;-214.3
2022-09;demonstrativoDAF (62).csv;IPM;IPI EXPORTACAO - COTA MUNICIPIO;DETALHE;30.09.2022;IPM IPI-MUNIC;1.142_96C;C;1142.96
2022-09;demonstrativoDAF (62).csv;IPM;IPI EXPORTACAO - COTA MUNICIPIO;TOTAL_NA_DATA;30.09.2022;TOTAL NA DATA;928_66C;C;928.66
2022-09;demonstrativoDAF (62).csv;ITA;ROYALTIES DE ITAIPU;TOTAL_QUOTA_PARCELA;;RETENCAO PASEP;3_96D;D;-3.96
2022-09;demonstrativoDAF (62).csv;ITA;ROYALTIES DE ITAIPU;TOTAL_QUOTA_PARCELA;;ITA-ROYT.ITAIPU;396_65C;C;396.65
2022-09;demonstrativoDAF (62).csv;ITA;ROYALTIES DE ITAIPU;TOTAL_QUOTA_FUNDO;;DEBITO FUNDO;3_96D;D;-3.96
2022-09;demonstrativoDAF (62).csv;ITA;ROYALTIES DE ITAIPU;TOTAL_QUOTA_FUNDO;;CREDITO FUNDO;396_65C;C;396.65
2022-09;demonstrativoDAF (62).csv;ITA;ROYALTIES DE ITAIPU;DETALHE;15.09.2022;RETENCAO PASEP;3_96D;D;-3.96
2022-09;demonstrativoDAF (62).csv;ITA;ROYALTIES DE ITAIPU;DETALHE;15.09.2022;ITA-ROYT.ITAIPU;396_65C;C;396.65
2022-09;demonstrativoDAF (62).csv;ITA;ROYALTIES DE ITAIPU;TOTAL_NA_DATA;15.09.2022;TOTAL NA DATA;392_69C;C;392.69
2022-09;demonstrativoDAF (62).csv;ITR;IMPOSTO TERRITORIAL RURAL;TOTAL_QUOTA_PARCELA;;RETENCAO PASEP;452_93D;D;-452.93
2022-09;demonstrativoDAF (62).csv;ITR;IMPOSTO TERRITORIAL RURAL;TOTAL_QUOTA_PARCELA;;DEDUCAO SAUDE;8.492_52D;D;-8492.52
2022-09;demonstrativoDAF (62).csv;ITR;IMPOSTO TERRITORIAL RURAL;TOTAL_QUOTA_PARCELA;;DEDUCAO FUNDEB;11.323_37D;D;-11323.37
2022-09;demonstrativoDAF (62).csv;ITR;IMPOSTO TERRITORIAL RURAL;TOTAL_QUOTA_PARCELA;;ITR-CONVENIO;56.616_88C;C;56616.88
2022-09;demonstrativoDAF (62).csv;ITR;IMPOSTO TERRITORIAL RURAL;TOTAL_QUOTA_FUNDO;;DEBITO FUNDO;20.268_82D;D;-20268.82
2022-09;demonstrativoDAF (62).csv;ITR;IMPOSTO TERRITORIAL RURAL;TOTAL_QUOTA_FUNDO;;CREDITO FUNDO;56.616_88C;C;56616.88
2022-09;demonstrativoDAF (62).csv;ITR;IMPOSTO TERRITORIAL RURAL;DETALHE;09.09.2022;RETENCAO PASEP;18_47D;D;-18.47
2022-09;demonstrativoDAF (62).csv;ITR;IMPOSTO TERRITORIAL RURAL;DETALHE;09.09.2022;DEDUCAO SAUDE;346_32D;D;-346.32
2022-09;demonstrativoDAF (62).csv;ITR;IMPOSTO TERRITORIAL RURAL;DETALHE;09.09.2022;DEDUCAO FUNDEB;461_77D;D;-461.77
2022-09;demonstrativoDAF (62).csv;ITR;IMPOSTO TERRITORIAL RURAL;DETALHE;09.09.2022;ITR-CONVENIO;2.308_85C;C;2308.85
2022-09;demonstrativoDAF (62).csv;ITR;IMPOSTO TERRITORIAL RURAL;TOTAL_NA_DATA;09.09.2022;TOTAL NA DATA;1.482_29C;C;1482.29
2022-09;demonstrativoDAF (62).csv;ITR;IMPOSTO TERRITORIAL RURAL;DETALHE;20.09.2022;RETENCAO PASEP;256_51D;D;-256.51
2022-09;demonstrativoDAF (62).csv;ITR;IMPOSTO TERRITORIAL RURAL;DETALHE;20.09.2022;DEDUCAO SAUDE;4.809_62D;D;-4809.62
2022-09;demonstrativoDAF (62).csv;ITR;IMPOSTO TERRITORIAL RURAL;DETALHE;20.09.2022;DEDUCAO FUNDEB;6.412_83D;D;-6412.83
2022-09;demonstrativoDAF (62).csv;ITR;IMPOSTO TERRITORIAL RURAL;DETALHE;20.09.2022;ITR-CONVENIO;32.064_15C;C;32064.15
2022-09;demonstrativoDAF (62).csv;ITR;IMPOSTO TERRITORIAL RURAL;TOTAL_NA_DATA;20.09.2022;TOTAL NA DATA;20.585_19C;C;20585.19
2022-09;demonstrativoDAF (62).csv;ITR;IMPOSTO TERRITORIAL RURAL;DETALHE;30.09.2022;RETENCAO PASEP;177_95D;D;-177.95
2022-09;demonstrativoDAF (62).csv;ITR;IMPOSTO TERRITORIAL RURAL;DETALHE;30.09.2022;DEDUCAO SAUDE;3.336_58D;D;-3336.58
2022-09;demonstrativoDAF (62).csv;ITR;IMPOSTO TERRITORIAL RURAL;DETALHE;30.09.2022;DEDUCAO FUNDEB;4.448_77D;D;-4448.77
2022-09;demonstrativoDAF (62).csv;ITR;IMPOSTO TERRITORIAL RURAL;DETALHE;30.09.2022;ITR-CONVENIO;22.243_88C;C;22243.88
2022-09;demonstrativoDAF (62).csv;ITR;IMPOSTO TERRITORIAL RURAL;TOTAL_NA_DATA;30.09.2022;TOTAL NA DATA;14.280_58C;C;14280.58
2022-09;demonstrativoDAF (62).csv;RPM;ROYALTIES PETROLEO COTA MUNICIPAL;DETALHE;23.09.2022;ANP LEI 7990/89;214_72C;C;214.72
2022-09;demonstrativoDAF (62).csv;SNA;SIMPLES NACIONAL;TOTAL_QUOTA_PARCELA;;SIMPLES NACION.;26.685_76C;C;26685.76
2022-09;demonstrativoDAF (62).csv;SNA;SIMPLES NACIONAL;TOTAL_QUOTA_FUNDO;;DEBITO FUNDO;0_00D;D;-0.0
2022-09;demonstrativoDAF (62).csv;SNA;SIMPLES NACIONAL;TOTAL_QUOTA_FUNDO;;CREDITO FUNDO;26.685_76C;C;26685.76
2022-09;demonstrativoDAF (62).csv;SNA;SIMPLES NACIONAL;DETALHE;01.09.2022;SIMPLES NACION.;548_08C;C;548.08
2022-09;demonstrativoDAF (62).csv;SNA;SIMPLES NACIONAL;TOTAL_NA_DATA;01.09.2022;TOTAL NA DATA;548_08C;C;548.08
2022-09;demonstrativoDAF (62).csv;SNA;SIMPLES NACIONAL;DETALHE;02.09.2022;SIMPLES NACION.;440_27C;C;440.27
2022-09;demonstrativoDAF (62).csv;SNA;SIMPLES NACIONAL;TOTAL_NA_DATA;02.09.2022;TOTAL NA DATA;440_27C;C;440.27
2022-09;demonstrativoDAF (62).csv;SNA;SIMPLES NACIONAL;DETALHE;05.09.2022;SIMPLES NACION.;25_42C;C;25.42
2022-09;demonstrativoDAF (62).csv;SNA;SIMPLES NACIONAL;TOTAL_NA_DATA;05.09.2022;TOTAL NA DATA;25_42C;C;25.42
2022-09;demonstrativoDAF (62).csv;SNA;SIMPLES NACIONAL;DETALHE;06.09.2022;SIMPLES NACION.;119_55C;C;119.55
2022-09;demonstrativoDAF (62).csv;SNA;SIMPLES NACIONAL;TOTAL_NA_DATA;06.09.2022;TOTAL NA DATA;119_55C;C;119.55
2022-09;demonstrativoDAF (62).csv;SNA;SIMPLES NACIONAL;DETALHE;08.09.2022;SIMPLES NACION.;55_21C;C;55.21
2022-09;demonstrativoDAF (62).csv;SNA;SIMPLES NACIONAL;TOTAL_NA_DATA;08.09.2022;TOTAL NA DATA;55_21C;C;55.21
2022-09;demonstrativoDAF (62).csv;SNA;SIMPLES NACIONAL;DETALHE;09.09.2022;SIMPLES NACION.;62_46C;C;62.46
2022-09;demonstrativoDAF (62).csv;SNA;SIMPLES NACIONAL;TOTAL_NA_DATA;09.09.2022;TOTAL NA DATA;62_46C;C;62.46
2022-09;demonstrativoDAF (62).csv;SNA;SIMPLES NACIONAL;DETALHE;12.09.2022;SIMPLES NACION.;153_02C;C;153.02
2022-09;demonstrativoDAF (62).csv;SNA;SIMPLES NACIONAL;TOTAL_NA_DATA;12.09.2022;TOTAL NA DATA;153_02C;C;153.02
2022-09;demonstrativoDAF (62).csv;SNA;SIMPLES NACIONAL;DETALHE;13.09.2022;SIMPLES NACION.;69_97C;C;69.97
2022-09;demonstrativoDAF (62).csv;SNA;SIMPLES NACIONAL;TOTAL_NA_DATA;13.09.2022;TOTAL NA DATA;69_97C;C;69.97
2022-09;demonstrativoDAF (62).csv;SNA;SIMPLES NACIONAL;DETALHE;14.09.2022;SIMPLES NACION.;338_58C;C;338.58
2022-09;demonstrativoDAF (62).csv;SNA;SIMPLES NACIONAL;TOTAL_NA_DATA;14.09.2022;TOTAL NA DATA;338_58C;C;338.58
2022-09;demonstrativoDAF (62).csv;SNA;SIMPLES NACIONAL;DETALHE;15.09.2022;SIMPLES NACION.;33_79C;C;33.79
2022-09;demonstrativoDAF (62).csv;SNA;SIMPLES NACIONAL;TOTAL_NA_DATA;15.09.2022;TOTAL NA DATA;33_79C;C;33.79
2022-09;demonstrativoDAF (62).csv;SNA;SIMPLES NACIONAL;DETALHE;16.09.2022;SIMPLES NACION.;3.122_30C;C;3122.3
2022-09;demonstrativoDAF (62).csv;SNA;SIMPLES NACIONAL;TOTAL_NA_DATA;16.09.2022;TOTAL NA DATA;3.122_30C;C;3122.3
2022-09;demonstrativoDAF (62).csv;SNA;SIMPLES NACIONAL;DETALHE;19.09.2022;SIMPLES NACION.;4.980_97C;C;4980.97
2022-09;demonstrativoDAF (62).csv;SNA;SIMPLES NACIONAL;TOTAL_NA_DATA;19.09.2022;TOTAL NA DATA;4.980_97C;C;4980.97
2022-09;demonstrativoDAF (62).csv;SNA;SIMPLES NACIONAL;DETALHE;20.09.2022;SIMPLES NACION.;851_95C;C;851.95
2022-09;demonstrativoDAF (62).csv;SNA;SIMPLES NACIONAL;TOTAL_NA_DATA;20.09.2022;TOTAL NA DATA;851_95C;C;851.95
2022-09;demonstrativoDAF (62).csv;SNA;SIMPLES NACIONAL;DETALHE;21.09.2022;SIMPLES NACION.;794_47C;C;794.47
2022-09;demonstrativoDAF (62).csv;SNA;SIMPLES NACIONAL;TOTAL_NA_DATA;21.09.2022;TOTAL NA DATA;794_47C;C;794.47
2022-09;demonstrativoDAF (62).csv;SNA;SIMPLES NACIONAL;DETALHE;22.09.2022;SIMPLES NACION.;13.648_40C;C;13648.4
2022-09;demonstrativoDAF (62).csv;SNA;SIMPLES NACIONAL;TOTAL_NA_DATA;22.09.2022;TOTAL NA DATA;13.648_40C;C;13648.4
2022-09;demonstrativoDAF (62).csv;SNA;SIMPLES NACIONAL;DETALHE;23.09.2022;SIMPLES NACION.;20_08C;C;20.08
2022-09;demonstrativoDAF (62).csv;SNA;SIMPLES NACIONAL;TOTAL_NA_DATA;23.09.2022;TOTAL NA DATA;20_08C;C;20.08
2022-09;demonstrativoDAF (62).csv;SNA;SIMPLES NACIONAL;DETALHE;26.09.2022;SIMPLES NACION.;792_08C;C;792.08
2022-09;demonstrativoDAF (62).csv;SNA;SIMPLES NACIONAL;TOTAL_NA_DATA;26.09.2022;TOTAL NA DATA;792_08C;C;792.08
2022-09;demonstrativoDAF (62).csv;SNA;SIMPLES NACIONAL;DETALHE;27.09.2022;SIMPLES NACION.;18_91C;C;18.91
2022-09;demonstrativoDAF (62).csv;SNA;SIMPLES NACIONAL;TOTAL_NA_DATA;27.09.2022;TOTAL NA DATA;18_91C;C;18.91
2022-09;demonstrativoDAF (62).csv;SNA;SIMPLES NACIONAL;DETALHE;28.09.2022;SIMPLES NACION.;101_24C;C;101.24
2022-09;demonstrativoDAF (62).csv;SNA;SIMPLES NACIONAL;TOTAL_NA_DATA;28.09.2022;TOTAL NA DATA;101_24C;C;101.24
2022-09;demonstrativoDAF (62).csv;SNA;SIMPLES NACIONAL;DETALHE;29.09.2022;SIMPLES NACION.;483_17C;C;483.17
2022-09;demonstrativoDAF (62).csv;SNA;SIMPLES NACIONAL;TOTAL_NA_DATA;29.09.2022;TOTAL NA DATA;483_17C;C;483.17
2022-09;demonstrativoDAF (62).csv;SNA;SIMPLES NACIONAL;DETALHE;30.09.2022;SIMPLES NACION.;25_84C;C;25.84
2022-09;demonstrativoDAF (62).csv;SNA;SIMPLES NACIONAL;TOTAL_NA_DATA;30.09.2022;TOTAL NA DATA;25_84C;C;25.84
2022-10;demonstrativoDAF (74).csv;;;TOTAL_PERIODO;;DEBITO BENEF.;1.429.637_53D;D;-1429637.53
2022-10;demonstrativoDAF (74).csv;;;TOTAL_PERIODO;;CREDITO BENEF.;3.457.332_73C;C;3457332.73
2022-10;demonstrativoDAF (74).csv;ADO;LC 176/2020 (ADO25);TOTAL_QUOTA_PARCELA;;RETENCAO PASEP;44_69D;D;-44.69
2022-10;demonstrativoDAF (74).csv;ADO;LC 176/2020 (ADO25);TOTAL_QUOTA_PARCELA;;LC 176/2020;4.469_49C;C;4469.49
2022-10;demonstrativoDAF (74).csv;ADO;LC 176/2020 (ADO25);TOTAL_QUOTA_FUNDO;;DEBITO FUNDO;44_69D;D;-44.69
2022-10;demonstrativoDAF (74).csv;ADO;LC 176/2020 (ADO25);TOTAL_QUOTA_FUNDO;;CREDITO FUNDO;4.469_49C;C;4469.49
2022-10;demonstrativoDAF (74).csv;ADO;LC 176/2020 (ADO25);DETALHE;28.10.2022;RETENCAO PASEP;44_69D;D;-44.69
2022-10;demonstrativoDAF (74).csv;ADO;LC 176/2020 (ADO25);DETALHE;28.10.2022;LC 176/2020;4.469_49C;C;4469.49
2022-10;demonstrativoDAF (74).csv;ADO;LC 176/2020 (ADO25);TOTAL_NA_DATA;28.10.2022;TOTAL NA DATA;4.424_80C;C;4424.8
2022-10;demonstrativoDAF (74).csv;CFH;COMPENSACAO FINANCEIRA RECURSOS HIDRICOS;TOTAL_QUOTA_PARCELA;;RETENCAO PASEP;234_95D;D;-234.95
2022-10;demonstrativoDAF (74).csv;CFH;COMPENSACAO FINANCEIRA RECURSOS HIDRICOS;TOTAL_QUOTA_PARCELA;;CFH-REC.HIDRICO;23.496_58C;C;23496.58
2022-10;demonstrativoDAF (74).csv;CFH;COMPENSACAO FINANCEIRA RECURSOS HIDRICOS;TOTAL_QUOTA_FUNDO;;DEBITO FUNDO;234_95D;D;-234.95
2022-10;demonstrativoDAF (74).csv;CFH;COMPENSACAO FINANCEIRA RECURSOS HIDRICOS;TOTAL_QUOTA_FUNDO;;CREDITO FUNDO;23.496_58C;C;23496.58
2022-10;demonstrativoDAF (74).csv;CFH;COMPENSACAO FINANCEIRA RECURSOS HIDRICOS;DETALHE;03.10.2022;RETENCAO PASEP;113_50D;D;-113.5
2022-10;demonstrativoDAF (74).csv;CFH;COMPENSACAO FINANCEIRA RECURSOS HIDRICOS;DETALHE;03.10.2022;CFH-REC.HIDRICO;11.350_65C;C;11350.65
2022-10;demonstrativoDAF (74).csv;CFH;COMPENSACAO FINANCEIRA RECURSOS HIDRICOS;TOTAL_NA_DATA;03.10.2022;TOTAL NA DATA;11.237_15C;C;11237.15
2022-10;demonstrativoDAF (74).csv;CFH;COMPENSACAO FINANCEIRA RECURSOS HIDRICOS;DETALHE;28.10.2022;RETENCAO PASEP;121_45D;D;-121.45
2022-10;demonstrativoDAF (74).csv;CFH;COMPENSACAO FINANCEIRA RECURSOS HIDRICOS;DETALHE;28.10.2022;CFH-REC.HIDRICO;12.145_93C;C;12145.93
2022-10;demonstrativoDAF (74).csv;CFH;COMPENSACAO FINANCEIRA RECURSOS HIDRICOS;TOTAL_NA_DATA;28.10.2022;TOTAL NA DATA;12.024_48C;C;12024.48
2022-10;demonstrativoDAF (74).csv;CID;CIDE-CONTRIB. INTERVENCAO DOMINIO ECONOMICO;TOTAL_QUOTA_PARCELA;;PASEP MUNICIPIO;8_84D;D;-8.84
2022-10;demonstrativoDAF (74).csv;CID;CIDE-CONTRIB. INTERVENCAO DOMINIO ECONOMICO;TOTAL_QUOTA_PARCELA;;COTA-MUNICIPIO;884_37C;C;884.37
2022-10;demonstrativoDAF (74).csv;CID;CIDE-CONTRIB. INTERVENCAO DOMINIO ECONOMICO;TOTAL_QUOTA_FUNDO;;DEBITO FUNDO;8_84D;D;-8.84
2022-10;demonstrativoDAF (74).csv;CID;CIDE-CONTRIB. INTERVENCAO DOMINIO ECONOMICO;TOTAL_QUOTA_FUNDO;;CREDITO FUNDO;884_37C;C;884.37
2022-10;demonstrativoDAF (74).csv;CID;CIDE-CONTRIB. INTERVENCAO DOMINIO ECONOMICO;DETALHE;10.10.2022;PASEP MUNICIPIO;8_84D;D;-8.84
2022-10;demonstrativoDAF (74).csv;CID;CIDE-CONTRIB. INTERVENCAO DOMINIO ECONOMICO;DETALHE;10.10.2022;COTA-MUNICIPIO;884_37C;C;884.37
2022-10;demonstrativoDAF (74).csv;CID;CIDE-CONTRIB. INTERVENCAO DOMINIO ECONOMICO;TOTAL_NA_DATA;10.10.2022;TOTAL NA DATA;875_53C;C;875.53
2022-10;demonstrativoDAF (74).csv;FEB;FUNDEB-FNDO MANUT DES EDUC BASICA E VAL PROF;TOTAL_QUOTA_PARCELA;;ORIGEM ITR;18.835_47C;C;18835.47
2022-10;demonstrativoDAF (74).csv;FEB;FUNDEB-FNDO MANUT DES EDUC BASICA E VAL PROF;TOTAL_QUOTA_PARCELA;;ORIGEM IPVA;12.025_09C;C;12025.09
2022-10;demonstrativoDAF (74).csv;FEB;FUNDEB-FNDO MANUT DES EDUC BASICA E VAL PROF;TOTAL_QUOTA_PARCELA;;ORIGEM ITCMD;9.254_37C;C;9254.37
2022-10;demonstrativoDAF (74).csv;FEB;FUNDEB-FNDO MANUT DES EDUC BASICA E VAL PROF;TOTAL_QUOTA_PARCELA;;ORIGEM IPI-EXP;4.302_72C;C;4302.72
2022-10;demonstrativoDAF (74).csv;FEB;FUNDEB-FNDO MANUT DES EDUC BASICA E VAL PROF;TOTAL_QUOTA_PARCELA;;ORIGEM ICMS EST;261.405_92C;C;261405.92
2022-10;demonstrativoDAF (74).csv;FEB;FUNDEB-FNDO MANUT DES EDUC BASICA E VAL PROF;TOTAL_QUOTA_PARCELA;;ORIGEM ICMS-EST;85.131_17C;C;85131.17
2022-10;demonstrativoDAF (74).csv;FEB;FUNDEB-FNDO MANUT DES EDUC BASICA E VAL PROF;TOTAL_QUOTA_PARCELA;;ORIGEM FPE;34.272_95C;C;34272.95
2022-10;demonstrativoDAF (74).csv;FEB;FUNDEB-FNDO MANUT DES EDUC BASICA E VAL PROF;TOTAL_QUOTA_PARCELA;;ORIGEM FPM;84.159_25C;C;84159.25
2022-10;demonstrativoDAF (74).csv;FEB;FUNDEB-FNDO MANUT DES EDUC BASICA E VAL PROF;TOTAL_QUOTA_FUNDO;;DEBITO FUNDO;0_00D;D;-0.0
2022-10;demonstrativoDAF (74).csv;FEB;FUNDEB-FNDO MANUT DES EDUC BASICA E VAL PROF;TOTAL_QUOTA_FUNDO;;CREDITO FUNDO;509.386_94C;C;509386.94
2022-10;demonstrativoDAF (74).csv;FEB;FUNDEB-FNDO MANUT DES EDUC BASICA E VAL PROF;DETALHE;04.10.2022;ORIGEM ICMS-EST;7.612_81C;C;7612.81
2022-10;demonstrativoDAF (74).csv;FEB;FUNDEB-FNDO MANUT DES EDUC BASICA E VAL PROF;TOTAL_NA_DATA;04.10.2022;TOTAL NA DATA;7.612_81C;C;7612.81
2022-10;demonstrativoDAF (74).csv;FEB;FUNDEB-FNDO MANUT DES EDUC BASICA E VAL PROF;DETALHE;05.10.2022;ORIGEM IPVA;3.322_66C;C;3322.66
2022-10;demonstrativoDAF (74).csv;FEB;FUNDEB-FNDO MANUT DES EDUC BASICA E VAL PROF;DETALHE;05.10.2022;ORIGEM ITCMD;4.001_83C;C;4001.83
2022-10;demonstrativoDAF (74).csv;FEB;FUNDEB-FNDO MANUT DES EDUC BASICA E VAL PROF;DETALHE;05.10.2022;ORIGEM ICMS EST;34.714_09C;C;34714.09
2022-10;demonstrativoDAF (74).csv;FEB;FUNDEB-FNDO MANUT DES EDUC BASICA E VAL PROF;TOTAL_NA_DATA;05.10.2022;TOTAL NA DATA;42.038_58C;C;42038.58
2022-10;demonstrativoDAF (74).csv;FEB;FUNDEB-FNDO MANUT DES EDUC BASICA E VAL PROF;DETALHE;10.10.2022;ORIGEM ITR;18.294_52C;C;18294.52
2022-10;demonstrativoDAF (74).csv;FEB;FUNDEB-FNDO MANUT DES EDUC BASICA E VAL PROF;DETALHE;10.10.2022;ORIGEM IPI-EXP;2.698_27C;C;2698.27
2022-10;demonstrativoDAF (74).csv;FEB;FUNDEB-FNDO MANUT DES EDUC BASICA E VAL PROF;DETALHE;10.10.2022;ORIGEM FPE;17.135_24C;C;17135.24
2022-10;demonstrativoDAF (74).csv;FEB;FUNDEB-FNDO MANUT DES EDUC BASICA E VAL PROF;DETALHE;10.10.2022;ORIGEM FPM;42.075_00C;C;42075.0
2022-10;demonstrativoDAF (74).csv;FEB;FUNDEB-FNDO MANUT DES EDUC BASICA E VAL PROF;TOTAL_NA_DATA;10.10.2022;TOTAL NA DATA;80.203_03C;C;80203.03
2022-10;demonstrativoDAF (74).csv;FEB;FUNDEB-FNDO MANUT DES EDUC BASICA E VAL PROF;DETALHE;11.10.2022;ORIGEM ICMS-EST;13.393_52C;C;13393.52
2022-10;demonstrativoDAF (74).csv;FEB;FUNDEB-FNDO MANUT DES EDUC BASICA E VAL PROF;TOTAL_NA_DATA;11.10.2022;TOTAL NA DATA;13.393_52C;C;13393.52
2022-10;demonstrativoDAF (74).csv;FEB;FUNDEB-FNDO MANUT DES EDUC BASICA E VAL PROF;DETALHE;13.10.2022;ORIGEM IPVA;3.072_56C;C;3072.56
2022-10;demonstrativoDAF (74).csv;FEB;FUNDEB-FNDO MANUT DES EDUC BASICA E VAL PROF;DETALHE;13.10.2022;ORIGEM ITCMD;1.559_04C;C;1559.04
2022-10;demonstrativoDAF (74).csv;FEB;FUNDEB-FNDO MANUT DES EDUC BASICA E VAL PROF;DETALHE;13.10.2022;ORIGEM ICMS EST;60.413_47C;C;60413.47
2022-10;demonstrativoDAF (74).csv;FEB;FUNDEB-FNDO MANUT DES EDUC BASICA E VAL PROF;TOTAL_NA_DATA;13.10.2022;TOTAL NA DATA;65.045_07C;C;65045.07
2022-10;demonstrativoDAF (74).csv;FEB;FUNDEB-FNDO MANUT DES EDUC BASICA E VAL PROF;DETALHE;18.10.2022;ORIGEM ICMS-EST;49.598_45C;C;49598.45
2022-10;demonstrativoDAF (74).csv;FEB;FUNDEB-FNDO MANUT DES EDUC BASICA E VAL PROF;TOTAL_NA_DATA;18.10.2022;TOTAL NA DATA;49.598_45C;C;49598.45
2022-10;demonstrativoDAF (74).csv;FEB;FUNDEB-FNDO MANUT DES EDUC BASICA E VAL PROF;DETALHE;19.10.2022;ORIGEM IPVA;2.676_28C;C;2676.28
2022-10;demonstrativoDAF (74).csv;FEB;FUNDEB-FNDO MANUT DES EDUC BASICA E VAL PROF;DETALHE;19.10.2022;ORIGEM ITCMD;1.608_07C;C;1608.07
2022-10;demonstrativoDAF (74).csv;FEB;FUNDEB-FNDO MANUT DES EDUC BASICA E VAL PROF;DETALHE;19.10.2022;ORIGEM ICMS EST;125.671_26C;C;125671.26
2022-10;demonstrativoDAF (74).csv;FEB;FUNDEB-FNDO MANUT DES EDUC BASICA E VAL PROF;TOTAL_NA_DATA;19.10.2022;TOTAL NA DATA;129.955_61C;C;129955.61
2022-10;demonstrativoDAF (74).csv;FEB;FUNDEB-FNDO MANUT DES EDUC BASICA E VAL PROF;DETALHE;20.10.2022;ORIGEM ITR;253_75C;C;253.75
2022-10;demonstrativoDAF (74).csv;FEB;FUNDEB-FNDO MANUT DES EDUC BASICA E VAL PROF;DETALHE;20.10.2022;ORIGEM IPI-EXP;1.074_11C;C;1074.11
2022-10;demonstrativoDAF (74).csv;FEB;FUNDEB-FNDO MANUT DES EDUC BASICA E VAL PROF;DETALHE;20.10.2022;ORIGEM FPE;4.534_42C;C;4534.42
2022-10;demonstrativoDAF (74).csv;FEB;FUNDEB-FNDO MANUT DES EDUC BASICA E VAL PROF;DETALHE;20.10.2022;ORIGEM FPM;11.150_06C;C;11150.06
2022-10;demonstrativoDAF (74).csv;FEB;FUNDEB-FNDO MANUT DES EDUC BASICA E VAL PROF;TOTAL_NA_DATA;20.10.2022;TOTAL NA DATA;17.012_34C;C;17012.34
2022-10;demonstrativoDAF (74).csv;FEB;FUNDEB-FNDO MANUT DES EDUC BASICA E VAL PROF;DETALHE;25.10.2022;ORIGEM ICMS-EST;14.526_39C;C;14526.39
2022-10;demonstrativoDAF (74).csv;FEB;FUNDEB-FNDO MANUT DES EDUC BASICA E VAL PROF;TOTAL_NA_DATA;25.10.2022;TOTAL NA DATA;14.526_39C;C;14526.39
2022-10;demonstrativoDAF (74).csv;FEB;FUNDEB-FNDO MANUT DES EDUC BASICA E VAL PROF;DETALHE;26.10.2022;ORIGEM IPVA;2.953_59C;C;2953.59
2022-10;demonstrativoDAF (74).csv;FEB;FUNDEB-FNDO MANUT DES EDUC BASICA E VAL PROF;DETALHE;26.10.2022;ORIGEM ITCMD;2.085_43C;C;2085.43
2022-10;demonstrativoDAF (74).csv;FEB;FUNDEB-FNDO MANUT DES EDUC BASICA E VAL PROF;DETALHE;26.10.2022;ORIGEM ICMS EST;40.607_10C;C;40607.1
2022-10;demonstrativoDAF (74).csv;FEB;FUNDEB-FNDO MANUT DES EDUC BASICA E VAL PROF;TOTAL_NA_DATA;26.10.2022;TOTAL NA DATA;45.646_12C;C;45646.12
2022-10;demonstrativoDAF (74).csv;FEB;FUNDEB-FNDO MANUT DES EDUC BASICA E VAL PROF;DETALHE;28.10.2022;ORIGEM ITR;287_20C;C;287.2
2022-10;demonstrativoDAF (74).csv;FEB;FUNDEB-FNDO MANUT DES EDUC BASICA E VAL PROF;DETALHE;28.10.2022;ORIGEM IPI-EXP;530_34C;C;530.34
2022-10;demonstrativoDAF (74).csv;FEB;FUNDEB-FNDO MANUT DES EDUC BASICA E VAL PROF;DETALHE;28.10.2022;ORIGEM FPE;12.603_29C;C;12603.29
2022-10;demonstrativoDAF (74).csv;FEB;FUNDEB-FNDO MANUT DES EDUC BASICA E VAL PROF;DETALHE;28.10.2022;ORIGEM FPM;30.934_19C;C;30934.19
2022-10;demonstrativoDAF (74).csv;FEB;FUNDEB-FNDO MANUT DES EDUC BASICA E VAL PROF;TOTAL_NA_DATA;28.10.2022;TOTAL NA DATA;44.355_02C;C;44355.02
2022-10;demonstrativoDAF (74).csv;FEP;FUNDO ESPECIAL DO PETROLEO;TOTAL_QUOTA_PARCELA;;COTA-PARTE;42.705_55C;C;42705.55
2022-10;demonstrativoDAF (74).csv;FEP;FUNDO ESPECIAL DO PETROLEO;TOTAL_QUOTA_PARCELA;;RETENCAO PASEP;427_05D;D;-427.05
2022-10;demonstrativoDAF (74).csv;FEP;FUNDO ESPECIAL DO PETROLEO;TOTAL_QUOTA_FUNDO;;DEBITO FUNDO;427_05D;D;-427.05
2022-10;demonstrativoDAF (74).csv;FEP;FUNDO ESPECIAL DO PETROLEO;TOTAL_QUOTA_FUNDO;;CREDITO FUNDO;42.705_55C;C;42705.55
2022-10;demonstrativoDAF (74).csv;FEP;FUNDO ESPECIAL DO PETROLEO;DETALHE;26.10.2022;COTA-PARTE;29.814_11C;C;29814.11
2022-10;demonstrativoDAF (74).csv;FEP;FUNDO ESPECIAL DO PETROLEO;DETALHE;26.10.2022;RETENCAO PASEP;298_14D;D;-298.14
2022-10;demonstrativoDAF (74).csv;FEP;FUNDO ESPECIAL DO PETROLEO;TOTAL_NA_DATA;26.10.2022;TOTAL NA DATA;29.515_97C;C;29515.97
2022-10;demonstrativoDAF (74).csv;FEP;FUNDO ESPECIAL DO PETROLEO;DETALHE;28.10.2022;COTA-PARTE;12.891_44C;C;12891.44
2022-10;demonstrativoDAF (74).csv;FEP;FUNDO ESPECIAL DO PETROLEO;DETALHE;28.10.2022;RETENCAO PASEP;128_91D;D;-128.91
2022-10;demonstrativoDAF (74).csv;FEP;FUNDO ESPECIAL DO PETROLEO;TOTAL_NA_DATA;28.10.2022;TOTAL NA DATA;12.762_53C;C;12762.53
2022-10;demonstrativoDAF (74).csv;FPM;FUNDO DE PARTICIPACAO DOS MUNICIPIOS;TOTAL_QUOTA_PARCELA;;PARCELA DE IPI;143.027_12C;C;143027.12
2022-10;demonstrativoDAF (74).csv;FPM;FUNDO DE PARTICIPACAO DOS MUNICIPIOS;TOTAL_QUOTA_PARCELA;;PARCELA DE IR;1.277.684_44C;C;1277684.44
2022-10;demonstrativoDAF (74).csv;FPM;FUNDO DE PARTICIPACAO DOS MUNICIPIOS;TOTAL_QUOTA_PARCELA;;RETENCAO PASEP;14.207_09D;D;-14207.09
2022-10;demonstrativoDAF (74).csv;FPM;FUNDO DE PARTICIPACAO DOS MUNICIPIOS;TOTAL_QUOTA_PARCELA;;RFB-PREV-OB COR;430.040_33D;D;-430040.33
2022-10;demonstrativoDAF (74).csv;FPM;FUNDO DE PARTICIPACAO DOS MUNICIPIOS;TOTAL_QUOTA_PARCELA;;RFB-PREV-OB DEV;24.637_30D;D;-24637.3
2022-10;demonstrativoDAF (74).csv;FPM;FUNDO DE PARTICIPACAO DOS MUNICIPIOS;TOTAL_QUOTA_PARCELA;;RFB-PREV-PARC60;92.233_38D;D;-92233.38
2022-10;demonstrativoDAF (74).csv;FPM;FUNDO DE PARTICIPACAO DOS MUNICIPIOS;TOTAL_QUOTA_PARCELA;;DEDUCAO SAUDE;213.106_70D;D;-213106.7
2022-10;demonstrativoDAF (74).csv;FPM;FUNDO DE PARTICIPACAO DOS MUNICIPIOS;TOTAL_QUOTA_PARCELA;;DEDUCAO FUNDEB;284.142_28D;D;-284142.28
2022-10;demonstrativoDAF (74).csv;FPM;FUNDO DE PARTICIPACAO DOS MUNICIPIOS;TOTAL_QUOTA_FUNDO;;DEBITO FUNDO;1.058.367_08D;D;-1058367.08
2022-10;demonstrativoDAF (74).csv;FPM;FUNDO DE PARTICIPACAO DOS MUNICIPIOS;TOTAL_QUOTA_FUNDO;;CREDITO FUNDO;1.420.711_56C;C;1420711.56
2022-10;demonstrativoDAF (74).csv;FPM;FUNDO DE PARTICIPACAO DOS MUNICIPIOS;DETALHE;10.10.2022;PARCELA DE IPI;89.693_63C;C;89693.63
2022-10;demonstrativoDAF (74).csv;FPM;FUNDO DE PARTICIPACAO DOS MUNICIPIOS;DETALHE;10.10.2022;PARCELA DE IR;620.584_23C;C;620584.23
2022-10;demonstrativoDAF (74).csv;FPM;FUNDO DE PARTICIPACAO DOS MUNICIPIOS;DETALHE;10.10.2022;RETENCAO PASEP;7.102_77D;D;-7102.77
2022-10;demonstrativoDAF (74).csv;FPM;FUNDO DE PARTICIPACAO DOS MUNICIPIOS;DETALHE;10.10.2022;RFB-PREV-PARC60;92.233_38D;D;-92233.38
2022-10;demonstrativoDAF (74).csv;FPM;FUNDO DE PARTICIPACAO DOS MUNICIPIOS;DETALHE;10.10.2022;DEDUCAO SAUDE;106.541_67D;D;-106541.67
2022-10;demonstrativoDAF (74).csv;FPM;FUNDO DE PARTICIPACAO DOS MUNICIPIOS;DETALHE;10.10.2022;DEDUCAO FUNDEB;142.055_56D;D;-142055.56
2022-10;demonstrativoDAF (74).csv;FPM;FUNDO DE PARTICIPACAO DOS MUNICIPIOS;TOTAL_NA_DATA;10.10.2022;TOTAL NA DATA;362.344_48C;C;362344.48
2022-10;demonstrativoDAF (74).csv;FPM;FUNDO DE PARTICIPACAO DOS MUNICIPIOS;DETALHE;20.10.2022;PARCELA DE IPI;35.704_52C;C;35704.52
2022-10;demonstrativoDAF (74).csv;FPM;FUNDO DE PARTICIPACAO DOS MUNICIPIOS;DETALHE;20.10.2022;PARCELA DE IR;152.522_04C;C;152522.04
2022-10;demonstrativoDAF (74).csv;FPM;FUNDO DE PARTICIPACAO DOS MUNICIPIOS;DETALHE;20.10.2022;RETENCAO PASEP;1.882_26D;D;-1882.26
2022-10;demonstrativoDAF (74).csv;FPM;FUNDO DE PARTICIPACAO DOS MUNICIPIOS;DETALHE;20.10.2022;RFB-PREV-OB COR;120.465_03D;D;-120465.03
2022-10;demonstrativoDAF (74).csv;FPM;FUNDO DE PARTICIPACAO DOS MUNICIPIOS;DETALHE;20.10.2022;DEDUCAO SAUDE;28.233_97D;D;-28233.97
2022-10;demonstrativoDAF (74).csv;FPM;FUNDO DE PARTICIPACAO DOS MUNICIPIOS;DETALHE;20.10.2022;DEDUCAO FUNDEB;37.645_30D;D;-37645.3
2022-10;demonstrativoDAF (74).csv;FPM;FUNDO DE PARTICIPACAO DOS MUNICIPIOS;TOTAL_NA_DATA;20.10.2022;TOTAL NA DATA;0_00C;C;0.0
2022-10;demonstrativoDAF (74).csv;FPM;FUNDO DE PARTICIPACAO DOS MUNICIPIOS;DETALHE;28.10.2022;PARCELA DE IPI;17.628_97C;C;17628.97
2022-10;demonstrativoDAF (74).csv;FPM;FUNDO DE PARTICIPACAO DOS MUNICIPIOS;DETALHE;28.10.2022;PARCELA DE IR;504.578_17C;C;504578.17
2022-10;demonstrativoDAF (74).csv;FPM;FUNDO DE PARTICIPACAO DOS MUNICIPIOS;DETALHE;28.10.2022;RETENCAO PASEP;5.222_06D;D;-5222.06
2022-10;demonstrativoDAF (74).csv;FPM;FUNDO DE PARTICIPACAO DOS MUNICIPIOS;DETALHE;28.10.2022;RFB-PREV-OB COR;309.575_30D;D;-309575.3
2022-10;demonstrativoDAF (74).csv;FPM;FUNDO DE PARTICIPACAO DOS MUNICIPIOS;DETALHE;28.10.2022;RFB-PREV-OB DEV;24.637_30D;D;-24637.3
2022-10;demonstrativoDAF (74).csv;FPM;FUNDO DE PARTICIPACAO DOS MUNICIPIOS;DETALHE;28.10.2022;DEDUCAO SAUDE;78.331_06D;D;-78331.06
2022-10;demonstrativoDAF (74).csv;FPM;FUNDO DE PARTICIPACAO DOS MUNICIPIOS;DETALHE;28.10.2022;DEDUCAO FUNDEB;104.441_42D;D;-104441.42
2022-10;demonstrativoDAF (74).csv;FPM;FUNDO DE PARTICIPACAO DOS MUNICIPIOS;TOTAL_NA_DATA;28.10.2022;TOTAL NA DATA;0_00C;C;0.0
2022-10;demonstrativoDAF (74).csv;FUS;FUNDO SAUDE;TOTAL_QUOTA_PARCELA;;ORIGEM FPM;213.106_70C;C;213106.7
2022-10;demonstrativoDAF (74).csv;FUS;FUNDO SAUDE;TOTAL_QUOTA_PARCELA;;REF.ICMS ESTADO;90.256_39C;C;90256.39
2022-10;demonstrativoDAF (74).csv;FUS;FUNDO SAUDE;TOTAL_QUOTA_PARCELA;;ORIGEM ITR;66.546_12C;C;66546.12
2022-10;demonstrativoDAF (74).csv;FUS;FUNDO SAUDE;TOTAL_QUOTA_PARCELA;;ORIGEM IPM;1.129_01C;C;1129.01
2022-10;demonstrativoDAF (74).csv;FUS;FUNDO SAUDE;TOTAL_QUOTA_FUNDO;;DEBITO FUNDO;0_00D;D;-0.0
2022-10;demonstrativoDAF (74).csv;FUS;FUNDO SAUDE;TOTAL_QUOTA_FUNDO;;CREDITO FUNDO;371.038_22C;C;371038.22
2022-10;demonstrativoDAF (74).csv;FUS;FUNDO SAUDE;DETALHE;04.10.2022;REF.ICMS ESTADO;8.071_12C;C;8071.12
2022-10;demonstrativoDAF (74).csv;FUS;FUNDO SAUDE;TOTAL_NA_DATA;04.10.2022;TOTAL NA DATA;8.071_12C;C;8071.12
2022-10;demonstrativoDAF (74).csv;FUS;FUNDO SAUDE;DETALHE;10.10.2022;ORIGEM FPM;106.541_67C;C;106541.67
2022-10;demonstrativoDAF (74).csv;FUS;FUNDO SAUDE;DETALHE;10.10.2022;ORIGEM ITR;65.825_19C;C;65825.19
2022-10;demonstrativoDAF (74).csv;FUS;FUNDO SAUDE;DETALHE;10.10.2022;ORIGEM IPM;708_02C;C;708.02
2022-10;demonstrativoDAF (74).csv;FUS;FUNDO SAUDE;TOTAL_NA_DATA;10.10.2022;TOTAL NA DATA;173.074_88C;C;173074.88
2022-10;demonstrativoDAF (74).csv;FUS;FUNDO SAUDE;DETALHE;11.10.2022;REF.ICMS ESTADO;14.199_86C;C;14199.86
2022-10;demonstrativoDAF (74).csv;FUS;FUNDO SAUDE;TOTAL_NA_DATA;11.10.2022;TOTAL NA DATA;14.199_86C;C;14199.86
2022-10;demonstrativoDAF (74).csv;FUS;FUNDO SAUDE;DETALHE;18.10.2022;REF.ICMS ESTADO;52.584_48C;C;52584.48
2022-10;demonstrativoDAF (74).csv;FUS;FUNDO SAUDE;TOTAL_NA_DATA;18.10.2022;TOTAL NA DATA;52.584_48C;C;52584.48
2022-10;demonstrativoDAF (74).csv;FUS;FUNDO SAUDE;DETALHE;20.10.2022;ORIGEM FPM;28.233_97C;C;28233.97
2022-10;demonstrativoDAF (74).csv;FUS;FUNDO SAUDE;DETALHE;20.10.2022;ORIGEM ITR;342_14C;C;342.14
2022-10;demonstrativoDAF (74).csv;FUS;FUNDO SAUDE;DETALHE;20.10.2022;ORIGEM IPM;281_84C;C;281.84
2022-10;demonstrativoDAF (74).csv;FUS;FUNDO SAUDE;TOTAL_NA_DATA;20.10.2022;TOTAL NA DATA;28.857_95C;C;28857.95
2022-10;demonstrativoDAF (74).csv;FUS;FUNDO SAUDE;DETALHE;25.10.2022;REF.ICMS ESTADO;15.400_93C;C;15400.93
2022-10;demonstrativoDAF (74).csv;FUS;FUNDO SAUDE;TOTAL_NA_DATA;25.10.2022;TOTAL NA DATA;15.400_93C;C;15400.93
2022-10;demonstrativoDAF (74).csv;FUS;FUNDO SAUDE;DETALHE;28.10.2022;ORIGEM FPM;78.331_06C;C;78331.06
2022-10;demonstrativoDAF (74).csv;FUS;FUNDO SAUDE;DETALHE;28.10.2022;ORIGEM ITR;378_79C;C;378.79
2022-10;demonstrativoDAF (74).csv;FUS;FUNDO SAUDE;DETALHE;28.10.2022;ORIGEM IPM;139_15C;C;139.15
2022-10;demonstrativoDAF (74).csv;FUS;FUNDO SAUDE;TOTAL_NA_DATA;28.10.2022;TOTAL NA DATA;78.849_00C;C;78849.0
2022-10;demonstrativoDAF (74).csv;ICS;ICMS ESTADUAL;TOTAL_QUOTA_PARCELA;;COTA-PARTE;601.709_42C;C;601709.42
2022-10;demonstrativoDAF (74).csv;ICS;ICMS ESTADUAL;TOTAL_QUOTA_PARCELA;;DEDUCAO SAUDE;90.256_39D;D;-90256.39
2022-10;demonstrativoDAF (74).csv;ICS;ICMS ESTADUAL;TOTAL_QUOTA_PARCELA;;DEDUCAO FUNDEB;120.341_87D;D;-120341.87
2022-10;demonstrativoDAF (74).csv;ICS;ICMS ESTADUAL;TOTAL_QUOTA_FUNDO;;DEBITO FUNDO;210.598_26D;D;-210598.26
2022-10;demonstrativoDAF (74).csv;ICS;ICMS ESTADUAL;TOTAL_QUOTA_FUNDO;;CREDITO FUNDO;601.709_42C;C;601709.42
2022-10;demonstrativoDAF (74).csv;ICS;ICMS ESTADUAL;DETALHE;04.10.2022;COTA-PARTE;53.807_53C;C;53807.53
2022-10;demonstrativoDAF (74).csv;ICS;ICMS ESTADUAL;DETALHE;04.10.2022;DEDUCAO SAUDE;8.071_12D;D;-8071.12
2022-10;demonstrativoDAF (74).csv;ICS;ICMS ESTADUAL;DETALHE;04.10.2022;DEDUCAO FUNDEB;10.761_50D;D;-10761.5
2022-10;demonstrativoDAF (74).csv;ICS;ICMS ESTADUAL;TOTAL_NA_DATA;04.10.2022;TOTAL NA DATA;34.974_91C;C;34974.91
2022-10;demonstrativoDAF (74).csv;ICS;ICMS ESTADUAL;DETALHE;11.10.2022;COTA-PARTE;94.665_77C;C;94665.77
2022-10;demonstrativoDAF (74).csv;ICS;ICMS ESTADUAL;DETALHE;11.10.2022;DEDUCAO SAUDE;14.199_86D;D;-14199.86
2022-10;demonstrativoDAF (74).csv;ICS;ICMS ESTADUAL;DETALHE;11.10.2022;DEDUCAO FUNDEB;18.933_15D;D;-18933.15
2022-10;demonstrativoDAF (74).csv;ICS;ICMS ESTADUAL;TOTAL_NA_DATA;11.10.2022;TOTAL NA DATA;61.532_76C;C;61532.76
2022-10;demonstrativoDAF (74).csv;ICS;ICMS ESTADUAL;DETALHE;18.10.2022;COTA-PARTE;350.563_20C;C;350563.2
2022-10;demonstrativoDAF (74).csv;ICS;ICMS ESTADUAL;DETALHE;18.10.2022;DEDUCAO SAUDE;52.584_48D;D;-52584.48
2022-10;demonstrativoDAF (74).csv;ICS;ICMS ESTADUAL;DETALHE;18.10.2022;DEDUCAO FUNDEB;70.112_64D;D;-70112.64
2022-10;demonstrativoDAF (74).csv;ICS;ICMS ESTADUAL;TOTAL_NA_DATA;18.10.2022;TOTAL NA DATA;227.866_08C;C;227866.08
2022-10;demonstrativoDAF (74).csv;ICS;ICMS ESTADUAL;DETALHE;25.10.2022;COTA-PARTE;102.672_92C;C;102672.92
2022-10;demonstrativoDAF (74).csv;ICS;ICMS ESTADUAL;DETALHE;25.10.2022;DEDUCAO SAUDE;15.400_93D;D;-15400.93
2022-10;demonstrativoDAF (74).csv;ICS;ICMS ESTADUAL;DETALHE;25.10.2022;DEDUCAO FUNDEB;20.534_58D;D;-20534.58
2022-10;demonstrativoDAF (74).csv;ICS;ICMS ESTADUAL;TOTAL_NA_DATA;25.10.2022;TOTAL NA DATA;66.737_41C;C;66737.41
2022-10;demonstrativoDAF (74).csv;IPM;IPI EXPORTACAO - COTA MUNICIPIO;TOTAL_QUOTA_PARCELA;;DEDUCAO SAUDE;1.129_01D;D;-1129.01
2022-10;demonstrativoDAF (74).csv;IPM;IPI EXPORTACAO - COTA MUNICIPIO;TOTAL_QUOTA_PARCELA;;IPM IPI-MUNIC;6.021_52C;C;6021.52
2022-10;demonstrativoDAF (74).csv;IPM;IPI EXPORTACAO - COTA MUNICIPIO;TOTAL_QUOTA_FUNDO;;DEBITO FUNDO;1.129_01D;D;-1129.01
2022-10;demonstrativoDAF (74).csv;IPM;IPI EXPORTACAO - COTA MUNICIPIO;TOTAL_QUOTA_FUNDO;;CREDITO FUNDO;6.021_52C;C;6021.52
2022-10;demonstrativoDAF (74).csv;IPM;IPI EXPORTACAO - COTA MUNICIPIO;DETALHE;10.10.2022;DEDUCAO SAUDE;708_02D;D;-708.02
2022-10;demonstrativoDAF (74).csv;IPM;IPI EXPORTACAO - COTA MUNICIPIO;DETALHE;10.10.2022;IPM IPI-MUNIC;3.776_15C;C;3776.15
2022-10;demonstrativoDAF (74).csv;IPM;IPI EXPORTACAO - COTA MUNICIPIO;TOTAL_NA_DATA;10.10.2022;TOTAL NA DATA;3.068_13C;C;3068.13
2022-10;demonstrativoDAF (74).csv;IPM;IPI EXPORTACAO - COTA MUNICIPIO;DETALHE;20.10.2022;DEDUCAO SAUDE;281_84D;D;-281.84
2022-10;demonstrativoDAF (74).csv;IPM;IPI EXPORTACAO - COTA MUNICIPIO;DETALHE;20.10.2022;IPM IPI-MUNIC;1.503_18C;C;1503.18
2022-10;demonstrativoDAF (74).csv;IPM;IPI EXPORTACAO - COTA MUNICIPIO;TOTAL_NA_DATA;20.10.2022;TOTAL NA DATA;1.221_34C;C;1221.34
2022-10;demonstrativoDAF (74).csv;IPM;IPI EXPORTACAO - COTA MUNICIPIO;DETALHE;28.10.2022;DEDUCAO SAUDE;139_15D;D;-139.15
2022-10;demonstrativoDAF (74).csv;IPM;IPI EXPORTACAO - COTA MUNICIPIO;DETALHE;28.10.2022;IPM IPI-MUNIC;742_19C;C;742.19
2022-10;demonstrativoDAF (74).csv;IPM;IPI EXPORTACAO - COTA MUNICIPIO;TOTAL_NA_DATA;28.10.2022;TOTAL NA DATA;603_04C;C;603.04
2022-10;demonstrativoDAF (74).csv;ITA;ROYALTIES DE ITAIPU;TOTAL_QUOTA_PARCELA;;RETENCAO PASEP;4_26D;D;-4.26
2022-10;demonstrativoDAF (74).csv;ITA;ROYALTIES DE ITAIPU;TOTAL_QUOTA_PARCELA;;ITA-ROYT.ITAIPU;426_27C;C;426.27
2022-10;demonstrativoDAF (74).csv;ITA;ROYALTIES DE ITAIPU;TOTAL_QUOTA_FUNDO;;DEBITO FUNDO;4_26D;D;-4.26
2022-10;demonstrativoDAF (74).csv;ITA;ROYALTIES DE ITAIPU;TOTAL_QUOTA_FUNDO;;CREDITO FUNDO;426_27C;C;426.27
2022-10;demonstrativoDAF (74).csv;ITA;ROYALTIES DE ITAIPU;DETALHE;14.10.2022;RETENCAO PASEP;4_26D;D;-4.26
2022-10;demonstrativoDAF (74).csv;ITA;ROYALTIES DE ITAIPU;DETALHE;14.10.2022;ITA-ROYT.ITAIPU;426_27C;C;426.27
2022-10;demonstrativoDAF (74).csv;ITA;ROYALTIES DE ITAIPU;TOTAL_NA_DATA;14.10.2022;TOTAL NA DATA;422_01C;C;422.01
2022-10;demonstrativoDAF (74).csv;ITR;IMPOSTO TERRITORIAL RURAL;TOTAL_QUOTA_PARCELA;;RETENCAO PASEP;3.549_11D;D;-3549.11
2022-10;demonstrativoDAF (74).csv;ITR;IMPOSTO TERRITORIAL RURAL;TOTAL_QUOTA_PARCELA;;DEDUCAO SAUDE;66.546_12D;D;-66546.12
2022-10;demonstrativoDAF (74).csv;ITR;IMPOSTO TERRITORIAL RURAL;TOTAL_QUOTA_PARCELA;;DEDUCAO FUNDEB;88.728_16D;D;-88728.16
2022-10;demonstrativoDAF (74).csv;ITR;IMPOSTO TERRITORIAL RURAL;TOTAL_QUOTA_PARCELA;;ITR-CONVENIO;443.640_84C;C;443640.84
2022-10;demonstrativoDAF (74).csv;ITR;IMPOSTO TERRITORIAL RURAL;TOTAL_QUOTA_FUNDO;;DEBITO FUNDO;158.823_39D;D;-158823.39
2022-10;demonstrativoDAF (74).csv;ITR;IMPOSTO TERRITORIAL RURAL;TOTAL_QUOTA_FUNDO;;CREDITO FUNDO;443.640_84C;C;443640.84
2022-10;demonstrativoDAF (74).csv;ITR;IMPOSTO TERRITORIAL RURAL;DETALHE;10.10.2022;RETENCAO PASEP;3.510_67D;D;-3510.67
2022-10;demonstrativoDAF (74).csv;ITR;IMPOSTO TERRITORIAL RURAL;DETALHE;10.10.2022;DEDUCAO SAUDE;65.825_19D;D;-65825.19
2022-10;demonstrativoDAF (74).csv;ITR;IMPOSTO TERRITORIAL RURAL;DETALHE;10.10.2022;DEDUCAO FUNDEB;87.766_92D;D;-87766.92
2022-10;demonstrativoDAF (74).csv;ITR;IMPOSTO TERRITORIAL RURAL;DETALHE;10.10.2022;ITR-CONVENIO;438.834_61C;C;438834.61
2022-10;demonstrativoDAF (74).csv;ITR;IMPOSTO TERRITORIAL RURAL;TOTAL_NA_DATA;10.10.2022;TOTAL NA DATA;281.731_83C;C;281731.83
2022-10;demonstrativoDAF (74).csv;ITR;IMPOSTO TERRITORIAL RURAL;DETALHE;20.10.2022;RETENCAO PASEP;18_24D;D;-18.24
2022-10;demonstrativoDAF (74).csv;ITR;IMPOSTO TERRITORIAL RURAL;DETALHE;20.10.2022;DEDUCAO SAUDE;342_14D;D;-342.14
2022-10;demonstrativoDAF (74).csv;ITR;IMPOSTO TERRITORIAL RURAL;DETALHE;20.10.2022;DEDUCAO FUNDEB;456_19D;D;-456.19
2022-10;demonstrativoDAF (74).csv;ITR;IMPOSTO TERRITORIAL RURAL;DETALHE;20.10.2022;ITR-CONVENIO;2.280_95C;C;2280.95
2022-10;demonstrativoDAF (74).csv;ITR;IMPOSTO TERRITORIAL RURAL;TOTAL_NA_DATA;20.10.2022;TOTAL NA DATA;1.464_38C;C;1464.38
2022-10;demonstrativoDAF (74).csv;ITR;IMPOSTO TERRITORIAL RURAL;DETALHE;28.10.2022;RETENCAO PASEP;20_20D;D;-20.2
2022-10;demonstrativoDAF (74).csv;ITR;IMPOSTO TERRITORIAL RURAL;DETALHE;28.10.2022;DEDUCAO SAUDE;378_79D;D;-378.79
2022-10;demonstrativoDAF (74).csv;ITR;IMPOSTO TERRITORIAL RURAL;DETALHE;28.10.2022;DEDUCAO FUNDEB;505_05D;D;-505.05
2022-10;demonstrativoDAF (74).csv;ITR;IMPOSTO TERRITORIAL RURAL;DETALHE;28.10.2022;ITR-CONVENIO;2.525_28C;C;2525.28
2022-10;demonstrativoDAF (74).csv;ITR;IMPOSTO TERRITORIAL RURAL;TOTAL_NA_DATA;28.10.2022;TOTAL NA DATA;1.621_24C;C;1621.24
2022-10;demonstrativoDAF (74).csv;RPM;ROYALTIES PETROLEO COTA MUNICIPAL;DETALHE;19.10.2022;ANP LEI 7990/89;206_88C;C;206.88
2022-10;demonstrativoDAF (74).csv;SNA;SIMPLES NACIONAL;TOTAL_QUOTA_PARCELA;;SIMPLES NACION.;32.635_09C;C;32635.09
2022-10;demonstrativoDAF (74).csv;SNA;SIMPLES NACIONAL;TOTAL_QUOTA_FUNDO;;DEBITO FUNDO;0_00D;D;-0.0
2022-10;demonstrativoDAF (74).csv;SNA;SIMPLES NACIONAL;TOTAL_QUOTA_FUNDO;;CREDITO FUNDO;32.635_09C;C;32635.09
2022-10;demonstrativoDAF (74).csv;SNA;SIMPLES NACIONAL;DETALHE;03.10.2022;SIMPLES NACION.;32_77C;C;32.77
2022-10;demonstrativoDAF (74).csv;SNA;SIMPLES NACIONAL;TOTAL_NA_DATA;03.10.2022;TOTAL NA DATA;32_77C;C;32.77
2022-10;demonstrativoDAF (74).csv;SNA;SIMPLES NACIONAL;DETALHE;04.10.2022;SIMPLES NACION.;1.823_11C;C;1823.11
2022-10;demonstrativoDAF (74).csv;SNA;SIMPLES NACIONAL;TOTAL_NA_DATA;04.10.2022;TOTAL NA DATA;1.823_11C;C;1823.11
2022-10;demonstrativoDAF (74).csv;SNA;SIMPLES NACIONAL;DETALHE;05.10.2022;SIMPLES NACION.;44_47C;C;44.47
2022-10;demonstrativoDAF (74).csv;SNA;SIMPLES NACIONAL;TOTAL_NA_DATA;05.10.2022;TOTAL NA DATA;44_47C;C;44.47
2022-10;demonstrativoDAF (74).csv;SNA;SIMPLES NACIONAL;DETALHE;06.10.2022;SIMPLES NACION.;223_11C;C;223.11
2022-10;demonstrativoDAF (74).csv;SNA;SIMPLES NACIONAL;TOTAL_NA_DATA;06.10.2022;TOTAL NA DATA;223_11C;C;223.11
2022-10;demonstrativoDAF (74).csv;SNA;SIMPLES NACIONAL;DETALHE;07.10.2022;SIMPLES NACION.;25_60C;C;25.6
2022-10;demonstrativoDAF (74).csv;SNA;SIMPLES NACIONAL;TOTAL_NA_DATA;07.10.2022;TOTAL NA DATA;25_60C;C;25.6
2022-10;demonstrativoDAF (74).csv;SNA;SIMPLES NACIONAL;DETALHE;10.10.2022;SIMPLES NACION.;76_50C;C;76.5
2022-10;demonstrativoDAF (74).csv;SNA;SIMPLES NACIONAL;TOTAL_NA_DATA;10.10.2022;TOTAL NA DATA;76_50C;C;76.5
2022-10;demonstrativoDAF (74).csv;SNA;SIMPLES NACIONAL;DETALHE;11.10.2022;SIMPLES NACION.;25_66C;C;25.66
2022-10;demonstrativoDAF (74).csv;SNA;SIMPLES NACIONAL;TOTAL_NA_DATA;11.10.2022;TOTAL NA DATA;25_66C;C;25.66
2022-10;demonstrativoDAF (74).csv;SNA;SIMPLES NACIONAL;DETALHE;13.10.2022;SIMPLES NACION.;2.442_52C;C;2442.52
2022-10;demonstrativoDAF (74).csv;SNA;SIMPLES NACIONAL;TOTAL_NA_DATA;13.10.2022;TOTAL NA DATA;2.442_52C;C;2442.52
2022-10;demonstrativoDAF (74).csv;SNA;SIMPLES NACIONAL;DETALHE;14.10.2022;SIMPLES NACION.;31_43C;C;31.43
2022-10;demonstrativoDAF (74).csv;SNA;SIMPLES NACIONAL;TOTAL_NA_DATA;14.10.2022;TOTAL NA DATA;31_43C;C;31.43
2022-10;demonstrativoDAF (74).csv;SNA;SIMPLES NACIONAL;DETALHE;17.10.2022;SIMPLES NACION.;35_43C;C;35.43
2022-10;demonstrativoDAF (74).csv;SNA;SIMPLES NACIONAL;TOTAL_NA_DATA;17.10.2022;TOTAL NA DATA;35_43C;C;35.43
2022-10;demonstrativoDAF (74).csv;SNA;SIMPLES NACIONAL;DETALHE;18.10.2022;SIMPLES NACION.;35_83C;C;35.83
2022-10;demonstrativoDAF (74).csv;SNA;SIMPLES NACIONAL;TOTAL_NA_DATA;18.10.2022;TOTAL NA DATA;35_83C;C;35.83
2022-10;demonstrativoDAF (74).csv;SNA;SIMPLES NACIONAL;DETALHE;19.10.2022;SIMPLES NACION.;2.986_41C;C;2986.41
2022-10;demonstrativoDAF (74).csv;SNA;SIMPLES NACIONAL;TOTAL_NA_DATA;19.10.2022;TOTAL NA DATA;2.986_41C;C;2986.41
2022-10;demonstrativoDAF (74).csv;SNA;SIMPLES NACIONAL;DETALHE;20.10.2022;SIMPLES NACION.;811_49C;C;811.49
2022-10;demonstrativoDAF (74).csv;SNA;SIMPLES NACIONAL;TOTAL_NA_DATA;20.10.2022;TOTAL NA DATA;811_49C;C;811.49
2022-10;demonstrativoDAF (74).csv;SNA;SIMPLES NACIONAL;DETALHE;21.10.2022;SIMPLES NACION.;7.562_18C;C;7562.18
2022-10;demonstrativoDAF (74).csv;SNA;SIMPLES NACIONAL;TOTAL_NA_DATA;21.10.2022;TOTAL NA DATA;7.562_18C;C;7562.18
2022-10;demonstrativoDAF (74).csv;SNA;SIMPLES NACIONAL;DETALHE;24.10.2022;SIMPLES NACION.;15.225_71C;C;15225.71
2022-10;demonstrativoDAF (74).csv;SNA;SIMPLES NACIONAL;TOTAL_NA_DATA;24.10.2022;TOTAL NA DATA;15.225_71C;C;15225.71
2022-10;demonstrativoDAF (74).csv;SNA;SIMPLES NACIONAL;DETALHE;25.10.2022;SIMPLES NACION.;596_97C;C;596.97
2022-10;demonstrativoDAF (74).csv;SNA;SIMPLES NACIONAL;TOTAL_NA_DATA;25.10.2022;TOTAL NA DATA;596_97C;C;596.97
2022-10;demonstrativoDAF (74).csv;SNA;SIMPLES NACIONAL;DETALHE;26.10.2022;SIMPLES NACION.;5_07C;C;5.07
2022-10;demonstrativoDAF (74).csv;SNA;SIMPLES NACIONAL;TOTAL_NA_DATA;26.10.2022;TOTAL NA DATA;5_07C;C;5.07
2022-10;demonstrativoDAF (74).csv;SNA;SIMPLES NACIONAL;DETALHE;27.10.2022;SIMPLES NACION.;516_01C;C;516.01
2022-10;demonstrativoDAF (74).csv;SNA;SIMPLES NACIONAL;TOTAL_NA_DATA;27.10.2022;TOTAL NA DATA;516_01C;C;516.01
2022-10;demonstrativoDAF (74).csv;SNA;SIMPLES NACIONAL;DETALHE;28.10.2022;SIMPLES NACION.;123_06C;C;123.06
2022-10;demonstrativoDAF (74).csv;SNA;SIMPLES NACIONAL;TOTAL_NA_DATA;28.10.2022;TOTAL NA DATA;123_06C;C;123.06
2022-10;demonstrativoDAF (74).csv;SNA;SIMPLES NACIONAL;DETALHE;31.10.2022;SIMPLES NACION.;11_76C;C;11.76
2022-10;demonstrativoDAF (74).csv;SNA;SIMPLES NACIONAL;TOTAL_NA_DATA;31.10.2022;TOTAL NA DATA;11_76C;C;11.76
