Folha;Data_Contabil;Data_Lancamento;Historico;Detalhe;Lote;Banco;Origem;Documento;Valor;Tipo;Saldo;Eh_Cheque;Notas
1/4;31.05.2022;;Saldo anterior;;;;;;;;0,00 C;Nao;
1/4;02.06.2022;;870-Transferência recebida;02/06 1765 3519-X PREF MUNIC CEN;99015;;;551765000003519;1.000,00;C;;Nao;
1/4;02.06.2022;;870-Transferência recebida;02/06 1765 3519-X PREF MUNIC CEN;99015;;;551765000003519;1.265,47;C;;Nao;
1/4;02.06.2022;;976-TED-Crédito em Conta;104 1148 75845503000167 PREF MUN CENTE;14175;;;219971760;2.267,55;C;;Nao;
1/4;02.06.2022;;002-Cheque;02/06 00:00 CENTENARIO DO SUL   PR;12162;;;852123;4.075,48;D;;Sim;
1/4;02.06.2022;;271-BB-APLIC C.PRZ-APL.AUT;;;;;1972;457,54;D;0,00 C;Nao;
1/4;03.06.2022;;102-Cheque Compensado;;13079;748;1981;852122;3.000,00;D;;Sim;
1/4;03.06.2022;;848-Resgate Automático;;;;;1972;3.000,00;C;0,00 C;Nao;
1/4;06.06.2022;;870-Transferência recebida;06/06 1765 3519-X PREF MUNIC CEN;99015;;;551765000003519;1.000,00;C;;Nao;
1/4;06.06.2022;;870-Transferência recebida;06/06 1765 3519-X PREF MUNIC CEN;99015;;;551765000003519;1.500,00;C;;Nao;
1/4;06.06.2022;;870-Transferência recebida;06/06 1765 3519-X PREF MUNIC CEN;99015;;;551765000003519;1.500,00;C;;Nao;
1/4;06.06.2022;;870-Transferência recebida;06/06 1765 3519-X PREF MUNIC CEN;99015;;;551765000003519;1.000,00;C;;Nao;
1/4;06.06.2022;;870-Transferência recebida;06/06 1765 3519-X PREF MUNIC CEN;99015;;;551765000003519;1.800,00;C;;Nao;
1/4;06.06.2022;;102-Cheque Compensado;;13079;756;1981;852124;1.800,00;D;;Sim;
1/4;06.06.2022;;102-Cheque Compensado;;13079;237;1981;852125;2.000,00;D;;Sim;
1/4;06.06.2022;;271-BB-APLIC C.PRZ-APL.AUT;;;;;1972;3.000,00;D;0,00 C;Nao;
1/4;07.06.2022;;870-Transferência recebida;07/06 1765 3519-X PREF MUNIC CEN;99015;;;551765000003519;1.710,00;C;;Nao;
1/4;07.06.2022;;870-Transferência recebida;07/06 1765 3519-X PREF MUNIC CEN;99015;;;551765000003519;1.790,00;C;;Nao;
1/4;07.06.2022;;870-Transferência recebida;07/06 1765 3519-X PREF MUNIC CEN;99015;;;551765000003519;1.500,00;C;;Nao;
1/4;07.06.2022;;002-Cheque;07/06 00:00 CENTENARIO DO SUL   PR;12162;;;852126;5.000,00;D;;Sim;
2/4;07.06.2022;;002-Cheque;07/06 00:00 CENTENARIO DO SUL   PR;12162;;;852127;500,00;D;;Sim;
2/4;07.06.2022;;848-Resgate Automático;;;;;1972;500,00;C;0,00 C;Nao;
2/4;08.06.2022;;870-Transferência recebida;08/06 1765 3519-X PREF MUNIC CEN;99015;;;551765000003519;1.850,00;C;;Nao;
2/4;08.06.2022;;870-Transferência recebida;08/06 1765 3519-X PREF MUNIC CEN;99015;;;551765000003519;1.793,22;C;;Nao;
2/4;08.06.2022;;102-Cheque Compensado;;13079;756;1981;852128;3.643,22;D;0,00 C;Sim;
2/4;10.06.2022;;870-Transferência recebida;10/06 1765 3519-X PREF MUNIC CEN;99015;;;551765000003519;1.600,00;C;;Nao;
2/4;10.06.2022;;870-Transferência recebida;10/06 1765 3519-X PREF MUNIC CEN;99015;;;551765000003519;1.500,00;C;;Nao;
2/4;10.06.2022;;870-Transferência recebida;10/06 1765 3519-X PREF MUNIC CEN;99015;;;551765000003519;1.750,00;C;;Nao;
2/4;10.06.2022;;870-Transferência recebida;10/06 1765 3519-X PREF MUNIC CEN;99015;;;551765000003519;1.750,00;C;;Nao;
2/4;10.06.2022;;870-Transferência recebida;10/06 1765 3519-X PREF MUNIC CEN;99015;;;551765000003519;1.500,00;C;;Nao;
2/4;10.06.2022;;870-Transferência recebida;10/06 1765 3519-X PREF MUNIC CEN;99015;;;551765000003519;1.500,00;C;;Nao;
2/4;10.06.2022;;976-TED-Crédito em Conta;104 1148 75845503000167 PREF MUN CENTE;14175;;;221828766;4.300,00;C;;Nao;
2/4;10.06.2022;;002-Cheque;10/06 00:00 CENTENARIO DO SUL   PR;19640;;;852129;4.300,00;D;;Sim;
2/4;10.06.2022;;002-Cheque;10/06 00:00 CENTENARIO DO SUL   PR;19640;;;852130;4.300,00;D;;Sim;
2/4;10.06.2022;;002-Cheque;10/06 00:00 CENTENARIO DO SUL   PR;19640;;;852131;3.000,00;D;;Sim;
2/4;10.06.2022;;271-BB-APLIC C.PRZ-APL.AUT;;;;;1972;3.800,00;D;0,00 C;Nao;
2/4;13.06.2022;;002-Cheque;13/06 00:00 CENTENARIO DO SUL   PR;10976;;;852132;1.834,71;D;;Sim;
2/4;13.06.2022;;848-Resgate Automático;;;;;1972;1.834,71;C;0,00 C;Nao;
2/4;14.06.2022;;870-Transferência recebida;14/06 1765 3519-X PREF MUNIC CEN;99015;;;551765000003519;1.900,00;C;;Nao;
3/4;14.06.2022;;870-Transferência recebida;14/06 1765 3519-X PREF MUNIC CEN;99015;;;551765000003519;1.700,00;C;;Nao;
3/4;14.06.2022;;870-Transferência recebida;14/06 1765 3519-X PREF MUNIC CEN;99015;;;551765000003519;1.500,00;C;;Nao;
3/4;14.06.2022;;870-Transferência recebida;14/06 1765 3519-X PREF MUNIC CEN;99015;;;551765000003519;1.800,00;C;;Nao;
3/4;14.06.2022;;870-Transferência recebida;14/06 1765 3519-X PREF MUNIC CEN;99015;;;551765000003519;1.600,00;C;;Nao;
3/4;14.06.2022;;870-Transferência recebida;14/06 1765 3519-X PREF MUNIC CEN;99015;;;551765000003519;2.000,00;C;;Nao;
3/4;14.06.2022;;870-Transferência recebida;14/06 1765 3519-X PREF MUNIC CEN;99015;;;551765000003519;1.758,97;C;;Nao;
3/4;14.06.2022;;870-Transferência recebida;14/06 1765 3519-X PREF MUNIC CEN;99015;;;551765000003519;1.000,00;C;;Nao;
3/4;14.06.2022;;870-Transferência recebida;14/06 1765 3519-X PREF MUNIC CEN;99015;;;551765000003519;1.000,00;C;;Nao;
3/4;14.06.2022;;002-Cheque;14/06 00:00 CENTENARIO DO SUL   PR;12162;;;852133;3.758,97;D;;Sim;
3/4;14.06.2022;;002-Cheque;14/06 00:00 CENTENARIO DO SUL   PR;12162;;;852134;3.900,00;D;;Sim;
3/4;14.06.2022;;271-BB-APLIC C.PRZ-APL.AUT;;;;;1972;6.600,00;D;0,00 C;Nao;
3/4;15.06.2022;;002-Cheque;15/06 00:00 CENTENARIO DO SUL   PR;12162;;;852135;1.750,00;D;;Sim;
3/4;15.06.2022;;002-Cheque;15/06 00:00 CENTENARIO DO SUL   PR;12162;;;852136;3.330,00;D;;Sim;
3/4;15.06.2022;;848-Resgate Automático;;;;;1972;5.080,00;C;0,00 C;Nao;
3/4;21.06.2022;;870-Transferência recebida;21/06 1765 3519-X PREF MUNIC CEN;99015;;;551765000003519;1.200,00;C;;Nao;
3/4;21.06.2022;;870-Transferência recebida;21/06 1765 3519-X PREF MUNIC CEN;99015;;;551765000003519;1.500,00;C;;Nao;
3/4;21.06.2022;;870-Transferência recebida;21/06 1765 3519-X PREF MUNIC CEN;99015;;;551765000003519;1.700,00;C;;Nao;
3/4;21.06.2022;;870-Transferência recebida;21/06 1765 3519-X PREF MUNIC CEN;99015;;;551765000003519;1.000,00;C;;Nao;
3/4;21.06.2022;;870-Transferência recebida;21/06 1765 3519-X PREF MUNIC CEN;99015;;;551765000003519;1.000,00;C;;Nao;
1/4;29.04.2022;;Saldo anterior;;;;;;;;0,00 C;Nao;
1/4;02.05.2022;;870-Transferência recebida;02/05 1765 3519-X PREF MUNIC CEN;99015;;;551765000003519;940,00;C;;Nao;
1/4;02.05.2022;;870-Transferência recebida;02/05 1765 3519-X PREF MUNIC CEN;99015;;;551765000003519;1.560,00;C;;Nao;
1/4;02.05.2022;;002-Cheque;02/05 00:00 CENTENARIO DO SUL   PR;12162;;;852109;3.000,00;D;;Sim;
1/4;02.05.2022;;855-BB CP Automatico S Publico;;;;;070;500,00;C;0,00 C;Nao;
1/4;03.05.2022;;870-Transferência recebida;03/05 1765 3519-X PREF MUNIC CEN;99015;;;551765000003519;4.600,00;C;;Nao;
1/4;03.05.2022;;002-Cheque;03/05 00:00 CENTENARIO DO SUL   PR;12162;;;852142;3.850,00;D;;Sim;
1/4;03.05.2022;;345-BB CP Automatico S Publico;;;;;070;750,00;D;0,00 C;Nao;
1/4;09.05.2022;;870-Transferência recebida;09/05 1765 3519-X PREF MUNIC CEN;99015;;;551765000003519;1.685,05;C;;Nao;
1/4;09.05.2022;;976-TED-Crédito em Conta;104 1148 75845503000167 PREF MUN CENTE;14175;;;215512702;1.850,00;C;;Nao;
1/4;09.05.2022;;976-TED-Crédito em Conta;104 1148 75845503000167 PREF MUN CENTE;14175;;;215513891;1.264,95;C;;Nao;
1/4;09.05.2022;;102-Cheque Compensado;;13079;756;1981;852143;4.280,76;D;;Sim;
1/4;09.05.2022;;345-BB CP Automatico S Publico;;;;;070;519,24;D;0,00 C;Nao;
1/4;10.05.2022;;870-Transferência recebida;10/05 1765 3519-X PREF MUNIC CEN;99015;;;551765000003519;1.750,00;C;;Nao;
1/4;10.05.2022;;870-Transferência recebida;10/05 1765 3519-X PREF MUNIC CEN;99015;;;551765000003519;1.430,00;C;;Nao;
1/4;10.05.2022;;870-Transferência recebida;10/05 1765 3519-X PREF MUNIC CEN;99015;;;551765000003519;1.420,00;C;;Nao;
1/4;10.05.2022;;002-Cheque;10/05 00:00 CENTENARIO DO SUL   PR;10976;;;852145;4.340,00;D;;Sim;
1/4;10.05.2022;;345-BB CP Automatico S Publico;;;;;070;260,00;D;0,00 C;Nao;
1/4;12.05.2022;;870-Transferência recebida;12/05 1765 3519-X PREF MUNIC CEN;99015;;;551765000003519;1.600,00;C;;Nao;
1/4;12.05.2022;;002-Cheque;12/05 00:00 CENTENARIO DO SUL   PR;12162;;;852144;3.985,21;D;;Sim;
2/4;12.05.2022;;855-BB CP Automatico S Publico;;;;;070;2.385,21;C;0,00 C;Nao;
2/4;16.05.2022;;976-TED-Crédito em Conta;104 1148 9333796000179 FMS CENT DO SU;14175;;;216812189;1.640,00;C;;Nao;
2/4;16.05.2022;;976-TED-Crédito em Conta;104 1148 9333796000179 FMS CENT DO SU;14175;;;216812961;1.360,00;C;;Nao;
2/4;16.05.2022;;002-Cheque;16/05 00:00 CENTENARIO DO SUL   PR;10976;;;852146;2.300,00;D;;Sim;
2/4;16.05.2022;;345-BB CP Automatico S Publico;;;;;070;700,00;D;0,00 C;Nao;
2/4;17.05.2022;;870-Transferência recebida;17/05 1765 3519-X PREF MUNIC CEN;99015;;;551765000003519;1.200,00;C;;Nao;
2/4;17.05.2022;;870-Transferência recebida;17/05 1765 3519-X PREF MUNIC CEN;99015;;;551765000003519;1.800,00;C;;Nao;
2/4;17.05.2022;;870-Transferência recebida;17/05 1765 3519-X PREF MUNIC CEN;99015;;;551765000003519;1.800,00;C;;Nao;
2/4;17.05.2022;;870-Transferência recebida;17/05 1765 3519-X PREF MUNIC CEN;99015;;;551765000003519;1.400,00;C;;Nao;
2/4;17.05.2022;;870-Transferência recebida;17/05 1765 3519-X PREF MUNIC CEN;99015;;;551765000003519;2.200,00;C;;Nao;
2/4;17.05.2022;;870-Transferência recebida;17/05 1765 3519-X PREF MUNIC CEN;99015;;;551765000003519;1.680,00;C;;Nao;
2/4;17.05.2022;;345-BB CP Automatico S Publico;;;;;070;10.080,00;D;0,00 C;Nao;
2/4;18.05.2022;;870-Transferência recebida;18/05 1765 3519-X PREF MUNIC CEN;99015;;;551765000003519;3.000,00;C;;Nao;
2/4;18.05.2022;;102-Cheque Compensado;;13079;341;1981;852147;3.048,21;D;;Sim;
2/4;18.05.2022;;855-BB CP Automatico S Publico;;;;;070;48,21;C;0,00 C;Nao;
2/4;19.05.2022;;870-Transferência recebida;19/05 1765 3519-X PREF MUNIC CEN;99015;;;551765000003519;1.750,00;C;;Nao;
2/4;19.05.2022;;870-Transferência recebida;19/05 1765 3519-X PREF MUNIC CEN;99015;;;551765000003519;1.950,00;C;;Nao;
2/4;19.05.2022;;870-Transferência recebida;19/05 1765 3519-X PREF MUNIC CEN;99015;;;551765000003519;1.250,00;C;;Nao;
2/4;19.05.2022;;870-Transferência recebida;19/05 1765 3519-X PREF MUNIC CEN;99015;;;551765000003519;1.050,00;C;;Nao;
2/4;19.05.2022;;870-Transferência recebida;19/05 1765 3519-X PREF MUNIC CEN;99015;;;551765000003519;1.000,00;C;;Nao;
3/4;19.05.2022;;002-Cheque;19/05 00:00 CENTENARIO DO SUL   PR;12162;;;852148;3.900,00;D;;Sim;
3/4;19.05.2022;;002-Cheque;19/05 00:00 CENTENARIO DO SUL   PR;12162;;;852151;3.050,00;D;;Sim;
3/4;19.05.2022;;102-Cheque Compensado;;13079;748;1981;852149;3.500,00;D;;Sim;
3/4;19.05.2022;;855-BB CP Automatico S Publico;;;;;070;3.450,00;C;0,00 C;Nao;
3/4;20.05.2022;;870-Transferência recebida;20/05 1765 3519-X PREF MUNIC CEN;99015;;;551765000003519;3.273,00;C;;Nao;
3/4;20.05.2022;;870-Transferência recebida;20/05 1765 3519-X PREF MUNIC CEN;99015;;;551765000003519;2.250,00;C;;Nao;
3/4;20.05.2022;;870-Transferência recebida;20/05 1765 3519-X PREF MUNIC CEN;99015;;;551765000003519;2.800,00;C;;Nao;
3/4;20.05.2022;;870-Transferência recebida;20/05 1765 3519-X PREF MUNIC CEN;99015;;;551765000003519;3.900,00;C;;Nao;
3/4;20.05.2022;;870-Transferência recebida;20/05 1765 3519-X PREF MUNIC CEN;99015;;;551765000003519;2.500,00;C;;Nao;
3/4;20.05.2022;;002-Cheque;20/05 00:00 CENTENARIO DO SUL   PR;12162;;;852150;3.700,00;D;;Sim;
3/4;20.05.2022;;002-Cheque;20/05 00:00 CENTENARIO DO SUL   PR;12162;;;852154;2.250,00;D;;Sim;
3/4;20.05.2022;;002-Cheque;20/05 00:00 CENTENARIO DO SUL   PR;12162;;;852155;2.800,00;D;;Sim;
3/4;20.05.2022;;102-Cheque Compensado;;13079;756;1981;852153;3.273,00;D;;Sim;
3/4;20.05.2022;;345-BB CP Automatico S Publico;;;;;070;2.700,00;D;0,00 C;Nao;
3/4;23.05.2022;;002-Cheque;23/05 00:00 CENTENARIO DO SUL   PR;12162;;;852157;2.500,00;D;;Sim;
3/4;23.05.2022;;102-Cheque Compensado;;13079;104;1981;852156;5.000,00;D;;Sim;
3/4;23.05.2022;;855-BB CP Automatico S Publico;;;;;070;7.500,00;C;0,00 C;Nao;
3/4;24.05.2022;;870-Transferência recebida;24/05 1765 3519-X PREF MUNIC CEN;99015;;;551765000003519;1.580,00;C;;Nao;
3/4;24.05.2022;;870-Transferência recebida;24/05 1765 3519-X PREF MUNIC CEN;99015;;;551765000003519;1.650,00;C;;Nao;
3/4;24.05.2022;;870-Transferência recebida;24/05 1765 3519-X PREF MUNIC CEN;99015;;;551765000003519;1.000,00;C;;Nao;
3/4;24.05.2022;;870-Transferência recebida;24/05 1765 3519-X PREF MUNIC CEN;99015;;;551765000003519;1.350,00;C;;Nao;
4/4;24.05.2022;;870-Transferência recebida;24/05 1765 12988-7 FLAVIA V MONTE;99020;;;601765000012988;810,00;C;;Nao;
4/4;24.05.2022;;002-Cheque;24/05 00:00 CENTENARIO DO SUL   PR;12162;;;852158;2.550,00;D;;Sim;
4/4;24.05.2022;;102-Cheque Compensado;;13079;84;1981;852152;4.150,00;D;;Sim;
4/4;24.05.2022;;855-BB CP Automatico S Publico;;;;;070;310,00;C;0,00 C;Nao;
4/4;26.05.2022;;870-Transferência recebida;26/05 1765 3519-X PREF MUNIC CEN;99015;;;551765000003519;1.200,00;C;;Nao;
4/4;26.05.2022;;870-Transferência recebida;26/05 1765 3519-X PREF MUNIC CEN;99015;;;551765000003519;1.800,00;C;;Nao;
4/4;26.05.2022;;271-BB-APLIC C.PRZ-APL.AUT;;;;;1972;3.000,00;D;0,00 C;Nao;
4/4;27.05.2022;;870-Transferência recebida;27/05 1765 3519-X PREF MUNIC CEN;99015;;;551765000003519;1.500,00;C;;Nao;
4/4;27.05.2022;;870-Transferência recebida;27/05 1765 3519-X PREF MUNIC CEN;99015;;;551765000003519;1.800,00;C;;Nao;
4/4;27.05.2022;;002-Cheque;27/05 00:00 CENTENARIO DO SUL   PR;12162;;;852159;1.800,00;D;;Sim;
4/4;27.05.2022;;002-Cheque;27/05 00:00 CENTENARIO DO SUL   PR;12162;;;852160;4.250,00;D;;Sim;
4/4;27.05.2022;;855-BB CP Automatico S Publico;;;;;070;2.369,70;C;;Nao;
4/4;27.05.2022;;848-Resgate Automático;;;;;1972;380,30;C;0,00 C;Nao;
4/4;31.05.2022;;870-Transferência recebida;31/05 1765 3519-X PREF MUNIC CEN;99015;;;551765000003519;1.200,00;C;;Nao;
4/4;31.05.2022;;870-Transferência recebida;31/05 1765 3519-X PREF MUNIC CEN;99015;;;551765000003519;1.600,00;C;;Nao;
4/4;31.05.2022;;002-Cheque;31/05 00:00 CENTENARIO DO SUL   PR;12162;;;852121;2.180,00;D;;Sim;
4/4;31.05.2022;;271-BB-APLIC C.PRZ-APL.AUT;;;;;1972;620,00;D;0,00 C;Nao;
1/5;31.03.2022;;Saldo anterior;;;;;;;;0,00 C;Nao;
1/5;01.04.2022;;870-Transferência recebida;01/04 1765 3519-X PREF MUNIC CEN;99015;;;551765000003519;2.800,00;C;;Nao;
1/5;01.04.2022;;870-Transferência recebida;01/04 1765 3519-X PREF MUNIC CEN;99015;;;551765000003519;1.500,00;C;;Nao;
1/5;01.04.2022;;870-Transferência recebida;01/04 1765 8004-7 PREF MUN DESE;99015;;;551765000008004;2.500,00;C;;Nao;
1/5;01.04.2022;;002-Cheque;01/04 00:00 CENTENARIO DO SUL   PR;12162;;;852091;4.300,00;D;;Sim;
1/5;01.04.2022;;002-Cheque;01/04 00:00 CENTENARIO DO SUL   PR;12162;;;852095;4.055,22;D;;Sim;
1/5;01.04.2022;;102-Cheque Compensado;;13079;341;1981;852093;3.940,51;D;;Sim;
1/5;01.04.2022;;855-BB CP Automatico S Publico;;;;;070;5.495,73;C;0,00 C;Nao;
1/5;04.04.2022;;002-Cheque;04/04 00:00 CENTENARIO DO SUL   PR;19640;;;852096;2.155,22;D;;Sim;
1/5;04.04.2022;;855-BB CP Automatico S Publico;;;;;070;2.155,22;C;0,00 C;Nao;
1/5;05.04.2022;;002-Cheque;05/04 00:00 CENTENARIO DO SUL   PR;10976;;;852097;1.000,00;D;;Sim;
1/5;05.04.2022;;855-BB CP Automatico S Publico;;;;;070;1.000,00;C;0,00 C;Nao;
1/5;06.04.2022;;870-Transferência recebida;06/04 1765 3519-X PREF MUNIC CEN;99015;;;551765000003519;1.500,00;C;;Nao;
1/5;06.04.2022;;870-Transferência recebida;06/04 1765 3519-X PREF MUNIC CEN;99015;;;551765000003519;1.850,00;C;;Nao;
1/5;06.04.2022;;870-Transferência recebida;06/04 1765 3519-X PREF MUNIC CEN;99015;;;551765000003519;1.900,00;C;;Nao;
1/5;06.04.2022;;102-Cheque Compensado;;13079;1;1981;852098;4.055,00;D;;Sim;
1/5;06.04.2022;;345-BB CP Automatico S Publico;;;;;070;1.195,00;D;0,00 C;Nao;
1/5;08.04.2022;;870-Transferência recebida;08/04 1765 3519-X PREF MUNIC CEN;99015;;;551765000003519;2.100,00;C;;Nao;
1/5;08.04.2022;;870-Transferência recebida;08/04 1765 3519-X PREF MUNIC CEN;99015;;;551765000003519;2.050,00;C;;Nao;
1/5;08.04.2022;;870-Transferência recebida;08/04 1765 3519-X PREF MUNIC CEN;99015;;;551765000003519;1.950,00;C;;Nao;
2/5;08.04.2022;;870-Transferência recebida;08/04 1765 3519-X PREF MUNIC CEN;99015;;;551765000003519;2.000,00;C;;Nao;
2/5;08.04.2022;;002-Cheque;08/04 00:00 CENTENARIO DO SUL   PR;12162;;;852099;4.600,00;D;;Sim;
2/5;08.04.2022;;345-BB CP Automatico S Publico;;;;;070;3.500,00;D;0,00 C;Nao;
2/5;11.04.2022;;870-Transferência recebida;11/04 1765 3519-X PREF MUNIC CEN;99015;;;551765000003519;950,00;C;;Nao;
2/5;11.04.2022;;870-Transferência recebida;11/04 1765 3519-X PREF MUNIC CEN;99015;;;551765000003519;850,00;C;;Nao;
2/5;11.04.2022;;870-Transferência recebida;11/04 1765 3519-X PREF MUNIC CEN;99015;;;551765000003519;2.615,00;C;;Nao;
2/5;11.04.2022;;870-Transferência recebida;11/04 1765 3519-X PREF MUNIC CEN;99015;;;551765000003519;2.700,00;C;;Nao;
2/5;11.04.2022;;976-TED-Crédito em Conta;104 1148 75845503000167 PREF MUN CENTE;14175;;;209985131;1.000,00;C;;Nao;
2/5;11.04.2022;;002-Cheque;11/04 00:00 CENTENARIO DO SUL   PR;12162;;;852101;2.800,00;D;;Sim;
2/5;11.04.2022;;102-Cheque Compensado;;13079;104;1981;852100;3.500,00;D;;Sim;
2/5;11.04.2022;;102-Cheque Compensado;;13079;756;1981;852102;4.715,00;D;;Sim;
2/5;11.04.2022;;855-BB CP Automatico S Publico;;;;;070;2.900,00;C;0,00 C;Nao;
2/5;13.04.2022;;870-Transferência recebida;13/04 1765 3519-X PREF MUNIC CEN;99015;;;551765000003519;2.400,00;C;;Nao;
2/5;13.04.2022;;870-Transferência recebida;13/04 1765 8004-7 PREF MUN DESE;99015;;;551765000008004;3.200,00;C;;Nao;
2/5;13.04.2022;;002-Cheque;13/04 00:00 CENTENARIO DO SUL   PR;12162;;;852104;5.000,00;D;;Sim;
2/5;13.04.2022;;002-Cheque;13/04 00:00 CENTENARIO DO SUL   PR;12162;;;852105;2.400,00;D;;Sim;
2/5;13.04.2022;;102-Cheque Compensado;;13079;1;1981;852106;3.200,00;D;;Sim;
2/5;13.04.2022;;855-BB CP Automatico S Publico;;;;;070;2.881,80;C;;Nao;
2/5;13.04.2022;;603-Cheque Devolvido sem Fundo;Cheque sem fundos - 1a apresentação;14079;;;852106;3.200,00;C;;Sim;
2/5;13.04.2022;;248-Estorno Resgate Automático;;;;;070;2.881,80;D;;Nao;
2/5;13.04.2022;;855-BB CP Automatico S Publico;;;;;070;1.800,00;C;0,00 C;Nao;
2/5;14.04.2022;;870-Transferência recebida;14/04 1765 3519-X PREF MUNIC CEN;99015;;;551765000003519;2.500,00;C;;Nao;Linha repetida integralmente no topo da pagina 10 (mesma data/lote/documento/valor) - contabilizada uma unica vez aqui
3/5;14.04.2022;;202-Taxa BACEN Devolução Docum;Cobrança referente 14/04/2022;13113;;;852106;0,35;D;;Nao;
3/5;14.04.2022;;345-BB CP Automatico S Publico;;;;;070;4.999,65;D;0,00 C;Nao;
3/5;18.04.2022;;870-Transferência recebida;18/04 1765 3519-X PREF MUNIC CEN;99015;;;551765000003519;2.000,00;C;;Nao;
3/5;18.04.2022;;870-Transferência recebida;18/04 1765 3519-X PREF MUNIC CEN;99015;;;551765000003519;1.800,00;C;;Nao;
3/5;18.04.2022;;870-Transferência recebida;18/04 1765 3519-X PREF MUNIC CEN;99015;;;551765000003519;1.700,00;C;;Nao;
3/5;18.04.2022;;870-Transferência recebida;18/04 1765 3519-X PREF MUNIC CEN;99015;;;551765000003519;1.500,00;C;;Nao;
3/5;18.04.2022;;002-Cheque;18/04 00:00 CENTENARIO DO SUL   PR;12162;;;852103;5.000,00;D;;Sim;
3/5;18.04.2022;;002-Cheque;18/04 00:00 CENTENARIO DO SUL   PR;12162;;;852107;3.200,00;D;;Sim;
3/5;18.04.2022;;002-Cheque;18/04 00:00 CENTENARIO DO SUL   PR;12162;;;852108;3.800,00;D;;Sim;
3/5;18.04.2022;;275-Tarifa Devolução de Cheque;Cobrança referente 14/04/2022;13113;;;811080700032401;77,95;D;;Sim;
3/5;18.04.2022;;102-Cheque Compensado;;13079;1;1981;852089;450,00;D;;Sim;
3/5;18.04.2022;;855-BB CP Automatico S Publico;;;;;070;5.527,95;C;0,00 C;Nao;
3/5;20.04.2022;;870-Transferência recebida;20/04 1765 3519-X PREF MUNIC CEN;99015;;;551765000003519;1.900,00;C;;Nao;
3/5;20.04.2022;;870-Transferência recebida;20/04 1765 3519-X PREF MUNIC CEN;99015;;;551765000003519;1.800,00;C;;Nao;
3/5;20.04.2022;;870-Transferência recebida;20/04 1765 3519-X PREF MUNIC CEN;99015;;;551765000003519;2.300,00;C;;Nao;
3/5;20.04.2022;;870-Transferência recebida;20/04 1765 3519-X PREF MUNIC CEN;99015;;;551765000003519;2.500,00;C;;Nao;
3/5;20.04.2022;;002-Cheque;20/04 00:00 CENTENARIO DO SUL   PR;12162;;;852110;4.500,00;D;;Sim;
3/5;20.04.2022;;002-Cheque;20/04 00:00 CENTENARIO DO SUL   PR;12162;;;852112;1.800,00;D;;Sim;
3/5;20.04.2022;;002-Cheque;;12162;;;852113;2.050,00;D;;Sim;"REVISAR - linha no rodape da pagina 10; detalhe (data/local da compensacao) nao esta visivel dentro da pagina fornecida"
4/5;20.04.2022;;345-BB CP Automatico S Publico;;;;;070;150,00;D;0,00 C;Nao;
4/5;22.04.2022;;870-Transferência recebida;22/04 1765 3519-X PREF MUNIC CEN;99015;;;551765000003519;1.750,00;C;;Nao;
4/5;22.04.2022;;870-Transferência recebida;22/04 1765 3519-X PREF MUNIC CEN;99015;;;551765000003519;1.800,00;C;;Nao;
4/5;22.04.2022;;870-Transferência recebida;22/04 1765 3519-X PREF MUNIC CEN;99015;;;551765000003519;2.000,00;C;;Nao;
4/5;22.04.2022;;870-Transferência recebida;22/04 1765 3519-X PREF MUNIC CEN;99015;;;551765000003519;2.000,00;C;;Nao;
4/5;22.04.2022;;002-Cheque;22/04 00:00 CENTENARIO DO SUL PR;12162;;;852114;2.000,00;D;;Sim;
4/5;22.04.2022;;002-Cheque;22/04 00:00 CENTENARIO DO SUL PR;12162;;;852115;1.800,00;D;;Sim;
4/5;22.04.2022;;002-Cheque;22/04 00:00 CENTENARIO DO SUL PR;12162;;;852116;3.750,00;D;0,00 C;Sim;
4/5;25.04.2022;;870-Transferência recebida;25/04 1765 3519-X PREF MUNIC CEN;99015;;;551765000003519;1.800,00;C;;Nao;
4/5;25.04.2022;;870-Transferência recebida;25/04 1765 3519-X PREF MUNIC CEN;99015;;;551765000003519;2.050,00;C;;Nao;
4/5;25.04.2022;;345-BB CP Automatico S Publico;;;;;070;3.850,00;D;0,00 C;Nao;
4/5;26.04.2022;;870-Transferência recebida;26/04 1765 3519-X PREF MUNIC CEN;99015;;;551765000003519;3.000,00;C;;Nao;
4/5;26.04.2022;;102-Cheque Compensado;;13079;104;1981;852111;2.000,00;D;;Sim;
4/5;26.04.2022;;102-Cheque Compensado;;13079;1;1981;852117;3.555,00;D;;Sim;
4/5;26.04.2022;;855-BB CP Automatico S Publico;;;;;070;2.555,00;C;0,00 C;Nao;
4/5;28.04.2022;;870-Transferência recebida;28/04 1765 3519-X PREF MUNIC CEN;99015;;;551765000003519;1.500,00;C;;Nao;
4/5;28.04.2022;;870-Transferência recebida;28/04 1765 3519-X PREF MUNIC CEN;99015;;;551765000003519;1.200,00;C;;Nao;
4/5;28.04.2022;;870-Transferência recebida;28/04 1765 3519-X PREF MUNIC CEN;99015;;;551765000003519;1.080,00;C;;Nao;
4/5;28.04.2022;;976-TED-Crédito em Conta;104 1148 75845503000167 PREF MUN CENTE;14175;;;212851633;1.420,00;C;;Nao;
4/5;28.04.2022;;345-BB CP Automatico S Publico;;;;;070;5.200,00;D;0,00 C;Nao;
4/5;29.04.2022;;870-Transferência recebida;;99015;;;551765000003519;1.650,00;C;;Nao;"Detalhe cortado no fim da folha 4/5; continuação estaria na folha 5/5 (não incluída no lote de imagens fornecido)"
1/5;25.02.2022;;Saldo anterior;;;;;;;;0,00 C;Nao;
1/5;02.03.2022;;870-Transferência recebida;02/03 1765 3519-X PREF MUNIC CEN;99015;;;551765000003519;3.500,00;C;;Nao;
1/5;02.03.2022;;002-Cheque;02/03 00:00 CENTENARIO DO SUL PR;12162;;;852075;3.115,00;D;;Sim;
1/5;02.03.2022;;345-BB CP Automatico S Publico;;;;;070;385,00;D;0,00 C;Nao;
1/5;03.03.2022;;870-Transferência recebida;03/03 1765 3519-X PREF MUNIC CEN;99015;;;551765000003519;3.800,00;C;;Nao;
1/5;03.03.2022;;102-Cheque Compensado;;13079;756;1981;852076;3.540,00;D;;Sim;
1/5;03.03.2022;;345-BB CP Automatico S Publico;;;;;070;260,00;D;0,00 C;Nao;
1/5;04.03.2022;;002-Cheque;04/03 00:00 CENTENARIO DO SUL PR;12162;;;852079;1.750,00;D;;Sim;
1/5;04.03.2022;;002-Cheque;04/03 00:00 CENTENARIO DO SUL PR;12162;;;852080;1.800,00;D;;Sim;
1/5;04.03.2022;;855-BB CP Automatico S Publico;;;;;070;3.550,00;C;0,00 C;Nao;
1/5;07.03.2022;;580-Estorno Autenticação Pagam;;12162;;;852070;3.500,00;C;;Nao;
1/5;07.03.2022;;870-Transferência recebida;07/03 1765 3519-X PREF MUNIC CEN;99015;;;551765000003519;4.000,00;C;;Nao;
1/5;07.03.2022;;870-Transferência recebida;07/03 1765 3519-X PREF MUNIC CEN;99015;;;551765000003519;3.980,00;C;;Nao;
1/5;07.03.2022;;870-Transferência recebida;07/03 1765 12211-4 PREF MUNIC CEN;99015;;;551765000012211;3.600,00;C;;Nao;
1/5;07.03.2022;;002-Cheque;07/03 00:00 CENTENARIO DO SUL PR;12162;;;852041;1.800,00;D;;Sim;
1/5;07.03.2022;;002-Cheque;07/03 00:00 CENTENARIO DO SUL PR;12162;;;852042;2.520,00;D;;Sim;
1/5;07.03.2022;;002-Cheque;07/03 00:00 CENTENARIO DO SUL PR;12162;;;852043;1.500,00;D;;Sim;
1/5;07.03.2022;;002-Cheque;07/03 00:00 CENTENARIO DO SUL PR;12162;;;852070;3.500,00;D;;Sim;
1/5;07.03.2022;;002-Cheque;07/03 00:00 CENTENARIO DO SUL PR;12162;;;852070;3.900,00;D;;Sim;
1/5;07.03.2022;;002-Cheque;07/03 00:00 CENTENARIO DO SUL PR;12162;;;852078;4.000,00;D;;Sim;
2/5;07.03.2022;;102-Cheque Compensado;;13079;1;1981;852044;3.847,25;D;;Sim;
2/5;07.03.2022;;855-BB CP Automatico S Publico;;;;;070;2.504,10;C;;Nao;
2/5;07.03.2022;;603-Cheque Devolvido sem Fundo;Cheque sem fundos - 1a apresentação;14079;;;852044;3.847,25;C;;Sim;
2/5;07.03.2022;;248-Estorno Resgate Automático;;;;;070;2.504,10;D;;Nao;
2/5;07.03.2022;;855-BB CP Automatico S Publico;;;;;070;2.140,00;C;0,00 C;Nao;
2/5;08.03.2022;;870-Transferência recebida;08/03 1765 3519-X PREF MUNIC CEN;99015;;;551765000003519;1.000,00;C;;Nao;
2/5;08.03.2022;;870-Transferência recebida;08/03 1765 3519-X PREF MUNIC CEN;99015;;;551765000003519;3.500,00;C;;Nao;
2/5;08.03.2022;;002-Cheque;08/03 00:00 CENTENARIO DO SUL PR;12162;;;852045;812,00;D;;Sim;
2/5;08.03.2022;;202-Taxa BACEN Devolução Docum;Cobrança referente 08/03/2022;13113;;;852044;0,35;D;;Nao;
2/5;08.03.2022;;345-BB CP Automatico S Publico;;;;;070;3.687,65;D;0,00 C;Nao;
2/5;09.03.2022;;275-Tarifa Devolução de Cheque;Cobrança referente 08/03/2022;13113;;;810680700036388;77,95;D;;Sim;
2/5;09.03.2022;;855-BB CP Automatico S Publico;;;;;070;77,95;C;0,00 C;Nao;
2/5;10.03.2022;;870-Transferência recebida;10/03 1765 3519-X PREF MUNIC CEN;99015;;;551765000003519;4.600,00;C;;Nao;
2/5;10.03.2022;;870-Transferência recebida;10/03 1765 3519-X PREF MUNIC CEN;99015;;;551765000003519;3.500,00;C;;Nao;
2/5;10.03.2022;;870-Transferência recebida;10/03 1765 3519-X PREF MUNIC CEN;99015;;;551765000003519;1.800,00;C;;Nao;
2/5;10.03.2022;;002-Cheque;10/03 00:00 CENTENARIO DO SUL PR;12162;;;852046;1.800,00;D;;Sim;
2/5;10.03.2022;;002-Cheque;10/03 00:00 CENTENARIO DO SUL PR;12162;;;852047;4.600,00;D;;Sim;
2/5;10.03.2022;;002-Cheque;10/03 00:00 CENTENARIO DO SUL PR;12162;;;852077;3.000,00;D;;Sim;
2/5;10.03.2022;;345-BB CP Automatico S Publico;;;;;070;500,00;D;0,00 C;Nao;
2/5;11.03.2022;;870-Transferência recebida;11/03 1765 3519-X PREF MUNIC CEN;99015;;;551765000003519;690,00;C;;Nao;
2/5;11.03.2022;;870-Transferência recebida;11/03 1765 3519-X PREF MUNIC CEN;99015;;;551765000003519;1.980,00;C;;Nao;
3/5;11.03.2022;;870-Transferência recebida;11/03 1765 3519-X PREF MUNIC CEN;99015;;;551765000003519;1.845,69;C;;Nao;
3/5;11.03.2022;;870-Transferência recebida;11/03 1765 3519-X PREF MUNIC CEN;99015;;;551765000003519;134,31;C;;Nao;
3/5;11.03.2022;;976-TED-Crédito em Conta;104 1148 75845503000167 PREF MUN CENTE;14175;;;204087377;3.500,00;C;;Nao;
3/5;11.03.2022;;976-TED-Crédito em Conta;104 1148 75845503000167 PREF MUN CENTE;14175;;;204132223;3.847,20;C;;Nao;
3/5;11.03.2022;;002-Cheque;11/03 00:00 CENTENARIO DO SUL PR;12162;;;852051;1.980,00;D;;Sim;
3/5;11.03.2022;;102-Cheque Compensado;;13079;756;1981;852048;690,00;D;;Sim;
3/5;11.03.2022;;102-Cheque Compensado;;13079;748;1981;852049;3.500,00;D;;Sim;
3/5;11.03.2022;;102-Cheque Compensado;;13079;1;1981;852052;3.000,00;D;;Sim;
3/5;11.03.2022;;345-BB CP Automatico S Publico;;;;;070;2.827,20;D;0,00 C;Nao;
3/5;15.03.2022;;870-Transferência recebida;15/03 1765 3519-X PREF MUNIC CEN;99015;;;551765000003519;2.000,00;C;;Nao;
3/5;15.03.2022;;870-Transferência recebida;15/03 1765 8004-7 PREF MUN DESE;99015;;;551765000008004;4.180,00;C;;Nao;
3/5;15.03.2022;;345-BB CP Automatico S Publico;;;;;070;6.180,00;D;0,00 C;Nao;
3/5;16.03.2022;;870-Transferência recebida;16/03 1765 3519-X PREF MUNIC CEN;99015;;;551765000003519;3.847,21;C;;Nao;
3/5;16.03.2022;;102-Cheque Compensado;;13079;756;1981;852054;3.847,21;D;;Sim;
3/5;16.03.2022;;102-Cheque Compensado;;13079;1;1981;852055;3.383,24;D;;Sim;
3/5;16.03.2022;;855-BB CP Automatico S Publico;;;;;070;3.383,24;C;0,00 C;Nao;
3/5;17.03.2022;;870-Transferência recebida;17/03 1765 3519-X PREF MUNIC CEN;99015;;;551765000003519;4.500,00;C;;Nao;
3/5;17.03.2022;;002-Cheque;17/03 00:00 CENTENARIO DO SUL PR;12162;;;852056;4.200,00;D;;Sim;
3/5;17.03.2022;;002-Cheque;17/03 00:00 CENTENARIO DO SUL PR;12162;;;852057;2.088,93;D;;Sim;
3/5;17.03.2022;;102-Cheque Compensado;;13079;1;1981;852053;2.000,00;D;;Sim;
3/5;17.03.2022;;102-Cheque Compensado;;13079;341;1981;852058;3.847,21;D;;Sim;
3/5;17.03.2022;;855-BB CP Automatico S Publico;;;;;070;7.636,14;C;0,00 C;Nao;
3/5;21.03.2022;;870-Transferência recebida;21/03 1765 3519-X PREF MUNIC CEN;99015;;;551765000003519;3.800,00;C;;Nao;
3/5;21.03.2022;;002-Cheque;21/03 00:00 CENTENARIO DO SUL PR;12162;;;852059;3.800,00;D;0,00 C;Sim;
4/5;23.03.2022;;870-Transferência recebida;23/03 1765 8004-7 PREF MUN DESE;99015;;;551765000008004;3.437,50;C;;Nao;
4/5;23.03.2022;;102-Cheque Compensado;;13079;1;1981;852060;3.437,50;D;0,00 C;Sim;
4/5;25.03.2022;;870-Transferência recebida;25/03 1765 3519-X PREF MUNIC CEN;99015;;;551765000003519;1.500,00;C;;Nao;
4/5;25.03.2022;;870-Transferência recebida;25/03 1765 3519-X PREF MUNIC CEN;99015;;;551765000003519;4.200,00;C;;Nao;
4/5;25.03.2022;;870-Transferência recebida;25/03 1765 3519-X PREF MUNIC CEN;99015;;;551765000003519;3.600,00;C;;Nao;
4/5;25.03.2022;;870-Transferência recebida;25/03 1765 3519-X PREF MUNIC CEN;99015;;;551765000003519;1.800,00;C;;Nao;
4/5;25.03.2022;;002-Cheque;25/03 00:00 CENTENARIO DO SUL PR;10976;;;852083;4.200,00;D;;Sim;
4/5;25.03.2022;;002-Cheque;25/03 00:00 CENTENARIO DO SUL PR;10976;;;852084;1.800,00;D;;Sim;
4/5;25.03.2022;;102-Cheque Compensado;;13079;748;1981;852081;3.600,00;D;;Sim;
4/5;25.03.2022;;102-Cheque Compensado;;13079;756;1981;852082;1.800,00;D;;Sim;
4/5;25.03.2022;;102-Cheque Compensado;;13079;756;1981;852085;1.500,00;D;;Sim;
4/5;25.03.2022;;855-BB CP Automatico S Publico;;;;;070;1.800,00;C;0,00 C;Nao;
4/5;28.03.2022;;976-TED-Crédito em Conta;104 1148 75845503000167 PREF MUN CENTE;14175;;;206657521;3.600,00;C;;Nao;
4/5;28.03.2022;;345-BB CP Automatico S Publico;;;;;070;3.600,00;D;0,00 C;Nao;
4/5;29.03.2022;;002-Cheque;29/03 00:00 CENTENARIO DO SUL PR;12162;;;852086;1.800,00;D;;Sim;
4/5;29.03.2022;;855-BB CP Automatico S Publico;;;;;070;1.800,00;C;0,00 C;Nao;
4/5;30.03.2022;;870-Transferência recebida;30/03 1765 3519-X PREF MUNIC CEN;99015;;;551765000003519;930,00;C;;Nao;
4/5;30.03.2022;;870-Transferência recebida;30/03 1765 3519-X PREF MUNIC CEN;99015;;;551765000003519;1.850,00;C;;Nao;
4/5;30.03.2022;;870-Transferência recebida;30/03 1765 3519-X PREF MUNIC CEN;99015;;;551765000003519;2.120,00;C;;Nao;
4/5;30.03.2022;;002-Cheque;30/03 00:00 CENTENARIO DO SUL PR;12162;;;852087;3.900,00;D;;Sim;
4/5;30.03.2022;;102-Cheque Compensado;;13079;1;1981;852090;1.780,00;D;;Sim;
4/5;30.03.2022;;855-BB CP Automatico S Publico;;;;;070;780,00;C;0,00 C;Nao;
1/5;31.01.2022;;Saldo anterior;;;;;;;;0,00 C;Nao;
1/5;01.02.2022;;870-Transferência recebida;01/02 1765 3519-X PREF MUNIC CEN;99015;;;551765000003519;4.500,00;C;;Nao;
1/5;01.02.2022;;345-BB CP Automatico S Publico;;;;;070;4.500,00;D;0,00 C;Nao;
1/5;02.02.2022;;870-Transferência recebida;02/02 1765 3519-X PREF MUNIC CEN;99015;;;551765000003519;500,00;C;;Nao;
1/5;02.02.2022;;002-Cheque;02/02 00:00 CENTENARIO DO SUL PR;12162;;;852020;400,00;D;;Sim;
1/5;02.02.2022;;102-Cheque Compensado;;13079;341;1981;852019;3.675,41;D;;Sim;
1/5;02.02.2022;;855-BB CP Automatico S Publico;;;;;070;3.575,41;C;0,00 C;Nao;
1/5;03.02.2022;;870-Transferência recebida;03/02 1765 3519-X PREF MUNIC CEN;99015;;;551765000003519;3.669,77;C;;Nao;
1/5;03.02.2022;;870-Transferência recebida;03/02 1765 3519-X PREF MUNIC CEN;99015;;;551765000003519;3.715,00;C;;Nao;
1/5;03.02.2022;;870-Transferência recebida;03/02 1765 3519-X PREF MUNIC CEN;99015;;;551765000003519;3.150,00;C;;Nao;
1/5;03.02.2022;;870-Transferência recebida;03/02 1765 3519-X PREF MUNIC CEN;99015;;;551765000003519;4.500,00;C;;Nao;
1/5;03.02.2022;;870-Transferência recebida;03/02 1765 3519-X PREF MUNIC CEN;99015;;;551765000003519;3.200,00;C;;Nao;
1/5;03.02.2022;;870-Transferência recebida;03/02 1765 16889-0 P MUN CENTENAR;99015;;;551765000016889;4.124,34;C;;Nao;
1/5;03.02.2022;;002-Cheque;03/02 00:00 CENTENARIO DO SUL PR;12162;;;852021;4.500,00;D;;Sim;
1/5;03.02.2022;;002-Cheque;03/02 00:00 CENTENARIO DO SUL PR;12162;;;852023;3.669,77;D;;Sim;
1/5;03.02.2022;;002-Cheque;03/02 00:00 CENTENARIO DO SUL PR;12162;;;852024;3.200,00;D;;Sim;
1/5;03.02.2022;;002-Cheque;03/02 00:00 CENTENARIO DO SUL PR;12162;;;852025;3.150,00;D;;Sim;
1/5;03.02.2022;;102-Cheque Compensado;;13079;1;1981;852017;2.000,00;D;;Sim;
1/5;03.02.2022;;102-Cheque Compensado;;13079;756;1981;852026;3.715,00;D;;Sim;
1/5;03.02.2022;;345-BB CP Automatico S Publico;;;;;070;2.124,34;D;0,00 C;Nao;
2/5;04.02.2022;;870-Transferência recebida;04/02 1765 3519-X PREF MUNIC CEN;99015;;;551765000003519;1.800,00;C;;Nao;
2/5;04.02.2022;;870-Transferência recebida;04/02 1765 3519-X PREF MUNIC CEN;99015;;;551765000003519;2.100,00;C;;Nao;
2/5;04.02.2022;;002-Cheque;04/02 00:00 CENTENARIO DO SUL PR;12162;;;852027;1.800,00;D;;Sim;
2/5;04.02.2022;;002-Cheque;04/02 00:00 CENTENARIO DO SUL PR;12162;;;852028;2.700,00;D;;Sim;
2/5;04.02.2022;;002-Cheque;04/02 00:00 CENTENARIO DO SUL PR;12162;;;852030;2.100,00;D;;Sim;
2/5;04.02.2022;;855-BB CP Automatico S Publico;;;;;070;2.700,00;C;0,00 C;Nao;
2/5;07.02.2022;;870-Transferência recebida;07/02 1765 3519-X PREF MUNIC CEN;99015;;;551765000003519;1.820,00;C;;Nao;
2/5;07.02.2022;;345-BB CP Automatico S Publico;;;;;070;1.820,00;D;0,00 C;Nao;
2/5;08.02.2022;;870-Transferência recebida;08/02 1765 3519-X PREF MUNIC CEN;99015;;;551765000003519;4.300,00;C;;Nao;
2/5;08.02.2022;;870-Transferência recebida;08/02 1765 3519-X PREF MUNIC CEN;99015;;;551765000003519;3.000,00;C;;Nao;
2/5;08.02.2022;;002-Cheque;08/02 00:00 CENTENARIO DO SUL PR;12162;;;852022;4.300,00;D;;Sim;
2/5;08.02.2022;;002-Cheque;08/02 00:00 CENTENARIO DO SUL PR;12162;;;852032;3.000,00;D;;Sim;
2/5;08.02.2022;;102-Cheque Compensado;;13079;756;1981;852031;1.820,00;D;;Sim;
2/5;08.02.2022;;102-Cheque Compensado;;13079;1;1981;852033;3.424,00;D;;Sim;
2/5;08.02.2022;;855-BB CP Automatico S Publico;;;;;070;2.907,13;C;;Nao;
2/5;08.02.2022;;603-Cheque Devolvido sem Fundo;Cheque sem fundos - 1a apresentação;14079;;;852033;3.424,00;C;;Sim;
2/5;08.02.2022;;248-Estorno Resgate Automático;;;;;070;2.907,13;D;;Nao;
2/5;08.02.2022;;855-BB CP Automatico S Publico;;;;;070;1.820,00;C;0,00 C;Nao;
2/5;09.02.2022;;870-Transferência recebida;09/02 1765 3519-X PREF MUNIC CEN;99015;;;551765000003519;3.524,00;C;;Nao;
2/5;09.02.2022;;202-Taxa BACEN Devolução Docum;Cobrança referente 09/02/2022;13113;;;852033;0,35;D;;Nao;
2/5;09.02.2022;;345-BB CP Automatico S Publico;;;;;070;3.523,65;D;0,00 C;Nao;
2/5;10.02.2022;;870-Transferência recebida;10/02 1765 3519-X PREF MUNIC CEN;99015;;;551765000003519;4.600,00;C;;Nao;
3/5;10.02.2022;;870-Transferência recebida;10/02 1765 3519-X PREF MUNIC CEN;99015;;;551765000003519;3.500,00;C;;Nao;
3/5;10.02.2022;;870-Transferência recebida;10/02 1765 3519-X PREF MUNIC CEN;99015;;;551765000003519;3.300,00;C;;Nao;
3/5;10.02.2022;;002-Cheque;10/02 00:00 CENTENARIO DO SUL PR;12162;;;852033;3.424,00;D;;Sim;
3/5;10.02.2022;;275-Tarifa Devolução de Cheque;Cobrança referente 09/02/2022;13113;;;810410700092414;72,00;D;;Sim;
3/5;10.02.2022;;102-Cheque Compensado;;13079;756;1981;852034;4.600,00;D;;Sim;
3/5;10.02.2022;;102-Cheque Compensado;;13079;1;1981;852035;3.300,00;D;;Sim;
3/5;10.02.2022;;345-BB CP Automatico S Publico;;;;;070;4,00;D;;Nao;
3/5;10.02.2022;;686-CHQ DEVOLVIDO APRESENT IND;Cheque prescrito;14079;;;852035;3.300,00;C;;Sim;
3/5;10.02.2022;;345-BB CP Automatico S Publico;;;;;070;3.300,00;D;0,00 C;Nao;
3/5;11.02.2022;;870-Transferência recebida;11/02 1765 3519-X PREF MUNIC CEN;99015;;;551765000003519;4.100,00;C;;Nao;
3/5;11.02.2022;;870-Transferência recebida;11/02 1765 3519-X PREF MUNIC CEN;99015;;;551765000003519;2.519,20;C;;Nao;
3/5;11.02.2022;;002-Cheque;11/02 00:00 CENTENARIO DO SUL PR;12162;;;852038;4.100,00;D;;Sim;
3/5;11.02.2022;;102-Cheque Compensado;;13079;748;1981;852036;3.500,00;D;;Sim;
3/5;11.02.2022;;102-Cheque Compensado;;13079;756;1981;852037;2.519,20;D;;Sim;
3/5;11.02.2022;;855-BB CP Automatico S Publico;;;;;070;3.500,00;C;0,00 C;Nao;
3/5;14.02.2022;;102-Cheque Compensado;;13079;756;1981;852039;1.800,00;D;;Sim;
3/5;14.02.2022;;855-BB CP Automatico S Publico;;;;;070;1.800,00;C;0,00 C;Nao;
3/5;15.02.2022;;870-Transferência recebida;15/02 1765 3519-X PREF MUNIC CEN;99015;;;551765000003519;4.197,41;C;;Nao;
3/5;15.02.2022;;102-Cheque Compensado;;13079;341;1981;852040;4.095,00;D;;Sim;
3/5;15.02.2022;;345-BB CP Automatico S Publico;;;;;070;102,41;D;0,00 C;Nao;
3/5;17.02.2022;;870-Transferência recebida;17/02 1765 3519-X PREF MUNIC CEN;99015;;;551765000003519;3.180,00;C;;Nao;
3/5;17.02.2022;;870-Transferência recebida;17/02 1765 3519-X PREF MUNIC CEN;99015;;;551765000003519;1.500,00;C;;Nao;
3/5;17.02.2022;;870-Transferência recebida;17/02 1765 3519-X PREF MUNIC CEN;99015;;;551765000003519;2.808,00;C;;Nao;
3/5;17.02.2022;;870-Transferência recebida;17/02 1765 3519-X PREF MUNIC CEN;99015;;;551765000003519;3.000,00;C;;Nao;
4/5;17.02.2022;;002-Cheque;17/02 00:00 CENTENARIO DO SUL PR;12162;;;852061;2.808,00;D;;Sim;
4/5;17.02.2022;;002-Cheque;17/02 00:00 CENTENARIO DO SUL PR;12162;;;852062;3.108,00;D;;Sim;
4/5;17.02.2022;;102-Cheque Compensado;;13079;756;1981;852063;3.000,00;D;;Sim;
4/5;17.02.2022;;345-BB CP Automatico S Publico;;;;;070;1.572,00;D;0,00 C;Nao;
4/5;18.02.2022;;002-Cheque;18/02 00:00 CENTENARIO DO SUL PR;12162;;;852064;1.300,00;D;;Sim;
4/5;18.02.2022;;855-BB CP Automatico S Publico;;;;;070;1.300,00;C;0,00 C;Nao;
4/5;21.02.2022;;870-Transferência recebida;21/02 1765 3519-X PREF MUNIC CEN;99015;;;551765000003519;1.820,00;C;;Nao;
4/5;21.02.2022;;002-Cheque;21/02 00:00 CENTENARIO DO SUL PR;12162;;;852065;1.715,00;D;;Sim;
4/5;21.02.2022;;345-BB CP Automatico S Publico;;;;;070;105,00;D;0,00 C;Nao;
4/5;22.02.2022;;870-Transferência recebida;22/02 1765 3519-X PREF MUNIC CEN;99015;;;551765000003519;4.195,80;C;;Nao;
4/5;22.02.2022;;870-Transferência recebida;22/02 1765 3519-X PREF MUNIC CEN;99015;;;551765000003519;3.780,00;C;;Nao;
4/5;22.02.2022;;002-Cheque;22/02 00:00 CENTENARIO DO SUL PR;12162;;;852067;4.195,80;D;;Sim;
4/5;22.02.2022;;102-Cheque Compensado;;13079;756;1981;852068;3.550,00;D;;Sim;
4/5;22.02.2022;;345-BB CP Automatico S Publico;;;;;070;230,00;D;0,00 C;Nao;
4/5;24.02.2022;;870-Transferência recebida;24/02 1765 3519-X PREF MUNIC CEN;99015;;;551765000003519;3.550,00;C;;Nao;
4/5;24.02.2022;;870-Transferência recebida;24/02 1765 3519-X PREF MUNIC CEN;99015;;;551765000003519;3.000,00;C;;Nao;
4/5;24.02.2022;;870-Transferência recebida;24/02 1765 3519-X PREF MUNIC CEN;99015;;;551765000003519;3.000,00;C;;Nao;
4/5;24.02.2022;;870-Transferência recebida;24/02 1765 3519-X PREF MUNIC CEN;99015;;;551765000003519;1.820,01;C;;Nao;
4/5;24.02.2022;;102-Cheque Compensado;;13079;748;1981;852069;3.000,00;D;;Sim;
4/5;24.02.2022;;102-Cheque Compensado;;13079;341;1981;852072;2.808,00;D;;Sim;
4/5;24.02.2022;;345-BB CP Automatico S Publico;;;;;070;5.562,01;D;0,00 C;Nao;
4/5;25.02.2022;;870-Transferência recebida;25/02 1765 8004-7 PREF MUN DESE;99015;;;551765000008004;1.800,00;C;;Nao;
1/3;30.12.2021;;Saldo anterior;;;;;;;;0,00 C;Nao;
1/3;05.01.2022;;976-TED-Crédito em Conta;104 1148 75845503000167 PREF MUN CENTE;14175;;;190808222;2.200,00;C;;Nao;
1/3;05.01.2022;;976-TED-Crédito em Conta;104 1148 75845503000167 PREF MUN CENTE;14175;;;190808326;2.800,00;C;;Nao;
1/3;05.01.2022;;976-TED-Crédito em Conta;104 1148 75845503000167 PREF MUN CENTE;14175;;;190811160;1.800,00;C;;Nao;
1/3;05.01.2022;;002-Cheque;05/01 00:00 CENTENARIO DO SUL PR;12162;;;851996;3.000,00;D;;Sim;
1/3;05.01.2022;;102-Cheque Compensado;;13079;341;1981;851997;3.150,00;D;;Sim;
1/3;05.01.2022;;102-Cheque Compensado;;13079;1;1981;851998;3.550,00;D;;Sim;
1/3;05.01.2022;;855-BB CP Automatico S Publico;;;;;070;2.900,00;C;0,00 C;Nao;
1/3;07.01.2022;;870-Transferência recebida;07/01 1765 3519-X PREF MUNIC CEN;99015;;;551765000003519;3.000,00;C;;Nao;
1/3;07.01.2022;;002-Cheque;07/01 00:00 CENTENARIO DO SUL PR;12162;;;851994;3.000,00;D;0,00 C;Sim;
1/3;10.01.2022;;870-Transferência recebida;10/01 1765 3519-X PREF MUNIC CEN;99015;;;551765000003519;2.720,00;C;;Nao;
1/3;10.01.2022;;102-Cheque Compensado;;13079;1;1981;851999;2.700,00;D;;Sim;
1/3;10.01.2022;;345-BB CP Automatico S Publico;;;;;070;20,00;D;0,00 C;Nao;
1/3;12.01.2022;;870-Transferência recebida;12/01 1765 3519-X PREF MUNIC CEN;99015;;;551765000003519;3.500,00;C;;Nao;
1/3;12.01.2022;;870-Transferência recebida;12/01 1765 3519-X PREF MUNIC CEN;99015;;;551765000003519;4.600,00;C;;Nao;
1/3;12.01.2022;;102-Cheque Compensado;;13079;1;1981;852002;4.600,00;D;;Sim;
1/3;12.01.2022;;345-BB CP Automatico S Publico;;;;;070;3.500,00;D;0,00 C;Nao;
1/3;13.01.2022;;102-Cheque Compensado;;13079;748;1981;852001;3.500,00;D;;Sim;
1/3;13.01.2022;;855-BB CP Automatico S Publico;;;;;070;3.500,00;C;0,00 C;Nao;
1/3;14.01.2022;;870-Transferência recebida;14/01 1765 3519-X PREF MUNIC CEN;99015;;;551765000003519;2.000,00;C;;Nao;
1/3;14.01.2022;;870-Transferência recebida;14/01 1765 3519-X PREF MUNIC CEN;99015;;;551765000003519;1.500,00;C;;Nao;
1/3;14.01.2022;;870-Transferência recebida;;99015;;;551765000003519;1.500,00;C;;Nao;"Detalhe cortado no fim da folha 1/3; continuação estaria na folha 2/3 (não incluída no lote de imagens fornecido)"
2/3;14.01.2022;;002-Cheque;14/01 00:00 CENTENARIO DO SUL   PR;19640;;;852003;2.000,00;D;;Sim;
2/3;14.01.2022;;002-Cheque;14/01 00:00 CENTENARIO DO SUL   PR;19640;;;852004;1.500,00;D;;Sim;
2/3;14.01.2022;;002-Cheque;14/01 00:00 CENTENARIO DO SUL   PR;10976;;;852005;1.500,00;D;0,00 C;Sim;
2/3;17.01.2022;;870-Transferência recebida;17/01 1765   3519-X PREF MUNIC CEN;99015;;;551765000003519;4.600,00;C;;Nao;
2/3;17.01.2022;;870-Transferência recebida;17/01 1765   3519-X PREF MUNIC CEN;99015;;;551765000003519;2.890,00;C;;Nao;
2/3;17.01.2022;;102-Cheque Compensado;;13079;756;1981;852006;4.311,21;D;;Sim;
2/3;17.01.2022;;102-Cheque Compensado;;13079;1;1981;852007;2.600,00;D;;Sim;
2/3;17.01.2022;;345-BB CP Automatico S Publico;;;;;070;578,79;D;0,00 C;Nao;
2/3;19.01.2022;;870-Transferência recebida;19/01 1765   3519-X PREF MUNIC CEN;99015;;;551765000003519;1.800,00;C;;Nao;
2/3;19.01.2022;;870-Transferência recebida;19/01 1765   3519-X PREF MUNIC CEN;99015;;;551765000003519;3.980,00;C;;Nao;
2/3;19.01.2022;;870-Transferência recebida;19/01 1765   3519-X PREF MUNIC CEN;99015;;;551765000003519;1.820,00;C;;Nao;
2/3;19.01.2022;;870-Transferência recebida;19/01 1765   3519-X PREF MUNIC CEN;99015;;;551765000003519;4.250,00;C;;Nao;
2/3;19.01.2022;;870-Transferência recebida;19/01 1765   3519-X PREF MUNIC CEN;99015;;;551765000003519;1.800,00;C;;Nao;
2/3;19.01.2022;;102-Cheque Compensado;;13079;1;1981;852008;1.820,00;D;;Sim;
2/3;19.01.2022;;102-Cheque Compensado;;13079;1;1981;852009;1.800,00;D;;Sim;
2/3;19.01.2022;;102-Cheque Compensado;;13079;1;1981;852010;4.250,00;D;;Sim;
2/3;19.01.2022;;102-Cheque Compensado;;13079;341;1981;852011;3.980,00;D;;Sim;
2/3;19.01.2022;;345-BB CP Automatico S Publico;;;;;070;1.800,00;D;0,00 C;Nao;
2/3;20.01.2022;;870-Transferência recebida;20/01 1765   3519-X PREF MUNIC CEN;99015;;;551765000003519;590,00;C;;Nao;
2/3;20.01.2022;;870-Transferência recebida;20/01 1765   3519-X PREF MUNIC CEN;99015;;;551765000003519;4.000,00;C;;Nao;
2/3;20.01.2022;;103-Cheque Pago em Outra Agênc;20/01 00:00 PSO LONDRINA   PR;17457;;8351;852012;1.800,00;D;;Sim;
2/3;20.01.2022;;002-Cheque;;10976;;;852014;590,00;D;;Sim;REVISAR - trecho ilegível (detalhe cortado no fim da pagina)
1/5;30.11.2021;;Saldo anterior;;;;;;;;0,00 C;Nao;
1/5;01.12.2021;;202-Taxa BACEN Devolução Docum;Cobrança referente 01/12/2021;13113;;;851930;0,35;D;;Nao;
1/5;01.12.2021;;855-BB CP Automatico S Publico;;;;;070;0,35;C;0,00 C;Nao;
1/5;02.12.2021;;870-Transferência recebida;02/12 1765   3519-X PREF MUNIC CEN;99015;;;551765000003519;2.500,00;C;;Nao;
1/5;02.12.2021;;002-Cheque;02/12 00:00 CENTENARIO DO SUL   PR;10976;;;851950;2.185,44;D;;Sim;
1/5;02.12.2021;;275-Tarifa Devolução de Cheque;Cobrança referente 01/12/2021;13113;;;813360700106582;72,00;D;;Sim;
1/5;02.12.2021;;345-BB CP Automatico S Publico;;;;;070;242,56;D;0,00 C;Nao;
1/5;03.12.2021;;870-Transferência recebida;03/12 1765   3519-X PREF MUNIC CEN;99015;;;551765000003519;3.500,00;C;;Nao;
1/5;03.12.2021;;102-Cheque Compensado;;13079;1;1981;851942;3.100,00;D;;Sim;
1/5;03.12.2021;;345-BB CP Automatico S Publico;;;;;070;400,00;D;0,00 C;Nao;
1/5;07.12.2021;;870-Transferência recebida;07/12 1765   3519-X PREF MUNIC CEN;99015;;;551765000003519;12.500,00;C;;Nao;
1/5;07.12.2021;;002-Cheque;07/12 00:00 CENTENARIO DO SUL   PR;12162;;;851951;2.895,00;D;;Sim;
1/5;07.12.2021;;345-BB CP Automatico S Publico;;;;;070;9.605,00;D;0,00 C;Nao;
1/5;08.12.2021;;870-Transferência recebida;08/12 1765   3519-X PREF MUNIC CEN;99015;;;551765000003519;2.500,00;C;;Nao;
1/5;08.12.2021;;976-TED-Crédito em Conta;104 1148 75845503000167 PREF MUN CENTE;14175;;;184598009;1.800,00;C;;Nao;
1/5;08.12.2021;;002-Cheque;08/12 00:00 CENTENARIO DO SUL   PR;12162;;;851953;4.300,00;D;;Sim;
1/5;08.12.2021;;102-Cheque Compensado;;13079;1;1981;851952;3.000,00;D;;Sim;
1/5;08.12.2021;;102-Cheque Compensado;;13079;104;1981;851954;3.500,00;D;;Sim;
1/5;08.12.2021;;102-Cheque Compensado;;13079;341;1981;851955;3.800,00;D;;Sim;
1/5;08.12.2021;;102-Cheque Compensado;;13079;1;1981;851956;1.908,00;D;;Sim;
1/5;08.12.2021;;855-BB CP Automatico S Publico;;;;;070;10.973,87;C;;Nao;
1/5;08.12.2021;;603-Cheque Devolvido sem Fundo;Cheque sem fundos - 1a apresentação;14079;;;851956;1.908,00;C;;Sim;
2/5;08.12.2021;;248-Estorno Resgate Automático;;;;;070;10.973,87;D;;Nao;
2/5;08.12.2021;;855-BB CP Automatico S Publico;;;;;070;10.300,00;C;0,00 C;Nao;
2/5;09.12.2021;;202-Taxa BACEN Devolução Docum;Cobrança referente 09/12/2021;13113;;;851956;0,35;D;;Nao;
2/5;09.12.2021;;855-BB CP Automatico S Publico;;;;;070;0,35;C;0,00 C;Nao;
2/5;10.12.2021;;870-Transferência recebida;10/12 1765   3519-X PREF MUNIC CEN;99015;;;551765000003519;11.340,00;C;;Nao;
2/5;10.12.2021;;002-Cheque;10/12 00:00 CENTENARIO DO SUL   PR;12162;;;851957;4.600,00;D;;Sim;
2/5;10.12.2021;;002-Cheque;10/12 00:00 CENTENARIO DO SUL   PR;12162;;;851959;1.340,00;D;;Sim;
2/5;10.12.2021;;275-Tarifa Devolução de Cheque;Cobrança referente 09/12/2021;13113;;;813440700096572;72,00;D;;Sim;
2/5;10.12.2021;;102-Cheque Compensado;;13079;104;1981;851958;3.500,00;D;;Sim;
2/5;10.12.2021;;345-BB CP Automatico S Publico;;;;;070;1.828,00;D;0,00 C;Nao;
2/5;15.12.2021;;870-Transferência recebida;15/12 1765   8004-7 PREF MUN DESE;99015;;;551765000008004;4.600,00;C;;Nao;
2/5;15.12.2021;;170-Tarifa Reativação Fornec C;Cobrança referente 15/12/2021;13113;;;833491200206690;10,25;D;;Nao;
2/5;15.12.2021;;102-Cheque Compensado;;13079;1;1981;851963;3.892,55;D;;Sim;
2/5;15.12.2021;;345-BB CP Automatico S Publico;;;;;070;697,20;D;0,00 C;Nao;
2/5;17.12.2021;;870-Transferência recebida;17/12 1765   3519-X PREF MUNIC CEN;99015;;;551765000003519;805,00;C;;Nao;
2/5;17.12.2021;;870-Transferência recebida;17/12 1765   3519-X PREF MUNIC CEN;99015;;;551765000003519;1.200,00;C;;Nao;
2/5;17.12.2021;;870-Transferência recebida;17/12 1765   3519-X PREF MUNIC CEN;99015;;;551765000003519;1.800,00;C;;Nao;
2/5;17.12.2021;;870-Transferência recebida;17/12 1765   3519-X PREF MUNIC CEN;99015;;;551765000003519;1.500,00;C;;Nao;
2/5;17.12.2021;;870-Transferência recebida;17/12 1765   3519-X PREF MUNIC CEN;99015;;;551765000003519;1.800,00;C;;Nao;
2/5;17.12.2021;;870-Transferência recebida;17/12 1765   3519-X PREF MUNIC CEN;99015;;;551765000003519;1.300,00;C;;Nao;
2/5;17.12.2021;;002-Cheque;17/12 00:00 CENTENARIO DO SUL   PR;12162;;;851964;2.000,00;D;;Sim;
2/5;17.12.2021;;002-Cheque;17/12 00:00 CENTENARIO DO SUL   PR;12162;;;851965;1.800,00;D;;Sim;
3/5;17.12.2021;;002-Cheque;17/12 00:00 CENTENARIO DO SUL   PR;12162;;;851966;1.500,00;D;;Sim;
3/5;17.12.2021;;002-Cheque;17/12 00:00 CENTENARIO DO SUL   PR;12162;;;851967;1.800,00;D;;Sim;
3/5;17.12.2021;;102-Cheque Compensado;;13079;104;1981;851960;3.150,00;D;;Sim;
3/5;17.12.2021;;855-BB CP Automatico S Publico;;;;;070;1.845,00;C;0,00 C;Nao;
3/5;20.12.2021;;870-Transferência recebida;20/12 1765   3519-X PREF MUNIC CEN;99015;;;551765000003519;5.900,00;C;;Nao;
3/5;20.12.2021;;002-Cheque;20/12 00:00 CENTENARIO DO SUL   PR;10976;;;851968;3.715,21;D;;Sim;
3/5;20.12.2021;;345-BB CP Automatico S Publico;;;;;070;2.184,79;D;0,00 C;Nao;
3/5;21.12.2021;;870-Transferência recebida;21/12 1765   3519-X PREF MUNIC CEN;99015;;;551765000003519;2.830,00;C;;Nao;
3/5;21.12.2021;;102-Cheque Compensado;;13079;1;1981;851969;4.040,54;D;;Sim;
3/5;21.12.2021;;855-BB CP Automatico S Publico;;;;;070;1.210,54;C;0,00 C;Nao;
3/5;22.12.2021;;870-Transferência recebida;22/12 1765   3519-X PREF MUNIC CEN;99015;;;551765000003519;2.500,00;C;;Nao;
3/5;22.12.2021;;870-Transferência recebida;22/12 1765   3519-X PREF MUNIC CEN;99015;;;551765000003519;3.800,00;C;;Nao;
3/5;22.12.2021;;870-Transferência recebida;22/12 1765   3519-X PREF MUNIC CEN;99015;;;551765000003519;1.500,00;C;;Nao;
3/5;22.12.2021;;870-Transferência recebida;22/12 1765   3519-X PREF MUNIC CEN;99015;;;551765000003519;1.800,00;C;;Nao;
3/5;22.12.2021;;870-Transferência recebida;22/12 1765   3519-X PREF MUNIC CEN;99015;;;551765000003519;4.500,00;C;;Nao;
3/5;22.12.2021;;870-Transferência recebida;22/12 1765   3519-X PREF MUNIC CEN;99015;;;551765000003519;4.092,00;C;;Nao;
3/5;22.12.2021;;870-Transferência recebida;22/12 1765   3519-X PREF MUNIC CEN;99015;;;551765000003519;2.200,00;C;;Nao;
3/5;22.12.2021;;102-Cheque Compensado;;13079;756;1981;851971;3.800,00;D;;Sim;
3/5;22.12.2021;;102-Cheque Compensado;;13079;1;1981;851972;2.200,00;D;;Sim;
3/5;22.12.2021;;345-BB CP Automatico S Publico;;;;;070;14.392,00;D;0,00 C;Nao;
3/5;23.12.2021;;002-Cheque;23/12 00:00 CENTENARIO DO SUL   PR;10976;;;851973;1.800,00;D;;Sim;
3/5;23.12.2021;;002-Cheque;23/12 00:00 CENTENARIO DO SUL   PR;10976;;;851974;1.500,00;D;;Sim;
4/5;23.12.2021;;002-Cheque;23/12 00:00 CENTENARIO DO SUL   PR;10976;;;851975;4.300,00;D;;Sim;
4/5;23.12.2021;;102-Cheque Compensado;;13079;756;1981;851977;1.500,00;D;;Sim;
4/5;23.12.2021;;855-BB CP Automatico S Publico;;;;;070;9.100,00;C;0,00 C;Nao;
4/5;24.12.2021;;002-Cheque;24/12 00:00 CENTENARIO DO SUL   PR;10976;;;851970;2.500,00;D;;Sim;
4/5;24.12.2021;;102-Cheque Compensado;;13079;756;1981;851979;2.650,00;D;;Sim;
4/5;24.12.2021;;855-BB CP Automatico S Publico;;;;;070;5.150,00;C;0,00 C;Nao;
4/5;27.12.2021;;870-Transferência recebida;27/12 1765   3519-X PREF MUNIC CEN;99015;;;551765000003519;2.780,56;C;;Nao;
4/5;27.12.2021;;870-Transferência recebida;27/12 1765   3519-X PREF MUNIC CEN;99015;;;551765000003519;3.350,00;C;;Nao;
4/5;27.12.2021;;870-Transferência recebida;27/12 1765   3519-X PREF MUNIC CEN;99015;;;551765000003519;2.950,56;C;;Nao;
4/5;27.12.2021;;002-Cheque;27/12 00:00 CENTENARIO DO SUL   PR;10976;;;851980;3.350,00;D;;Sim;
4/5;27.12.2021;;002-Cheque;27/12 00:00 CENTENARIO DO SUL   PR;12162;;;851982;2.210,00;D;;Sim;
4/5;27.12.2021;;102-Cheque Compensado;;13079;756;1981;851978;2.170,00;D;;Sim;
4/5;27.12.2021;;102-Cheque Compensado;;13079;756;1981;851981;2.950,00;D;;Sim;
4/5;27.12.2021;;855-BB CP Automatico S Publico;;;;;070;1.598,88;C;0,00 C;Nao;
4/5;28.12.2021;;870-Transferência recebida;28/12 1765   8004-7 PREF MUN DESE;99015;;;551765000008004;2.500,00;C;;Nao;
4/5;28.12.2021;;870-Transferência recebida;28/12 1765   8004-7 PREF MUN DESE;99015;;;551765000008004;2.610,00;C;;Nao;
4/5;28.12.2021;;002-Cheque;28/12 00:00 CENTENARIO DO SUL   PR;12162;;;851983;2.500,00;D;;Sim;
4/5;28.12.2021;;002-Cheque;28/12 00:00 CENTENARIO DO SUL   PR;12162;;;851984;2.500,00;D;;Sim;
4/5;28.12.2021;;345-BB CP Automatico S Publico;;;;;070;110,00;D;0,00 C;Nao;
4/5;29.12.2021;;870-Transferência recebida;29/12 1765   3519-X PREF MUNIC CEN;99015;;;551765000003519;4.300,00;C;;Nao;
4/5;29.12.2021;;870-Transferência recebida;29/12 1765   3519-X PREF MUNIC CEN;99015;;;551765000003519;1.500,00;C;;Nao;
4/5;29.12.2021;;102-Cheque Compensado;;13079;1;1981;851986;1.500,00;D;;Sim;
5/5;29.12.2021;;102-Cheque Compensado;;13079;1;1981;851987;1.500,00;D;;Sim;
5/5;29.12.2021;;102-Cheque Compensado;;13079;1;1981;851988;2.800,00;D;0,00 C;Sim;
5/5;30.12.2021;;870-Transferência recebida;30/12 1765   7852-2 PREF MUNIC CEN;99015;;;551765000007852;3.000,00;C;;Nao;
5/5;30.12.2021;;870-Transferência recebida;30/12 1765   7852-2 PREF MUNIC CEN;99015;;;551765000007852;2.980,00;C;;Nao;
5/5;30.12.2021;;870-Transferência recebida;30/12 1765   7852-2 PREF MUNIC CEN;99015;;;551765000007852;2.000,00;C;;Nao;
5/5;30.12.2021;;870-Transferência recebida;30/12 1765   7852-2 PREF MUNIC CEN;99015;;;551765000007852;3.500,00;C;;Nao;
5/5;30.12.2021;;870-Transferência recebida;30/12 1765   7852-2 PREF MUNIC CEN;99015;;;551765000007852;2.500,00;C;;Nao;
5/5;30.12.2021;;002-Cheque;30/12 00:00 CENTENARIO DO SUL   PR;10976;;;851985;1.000,00;D;;Sim;
5/5;30.12.2021;;002-Cheque;30/12 00:00 CENTENARIO DO SUL   PR;12162;;;851989;2.500,00;D;;Sim;
5/5;30.12.2021;;002-Cheque;30/12 00:00 CENTENARIO DO SUL   PR;10976;;;851990;1.500,00;D;;Sim;
5/5;30.12.2021;;002-Cheque;30/12 00:00 CENTENARIO DO SUL   PR;12162;;;851991;1.500,00;D;;Sim;
5/5;30.12.2021;;002-Cheque;30/12 00:00 CENTENARIO DO SUL   PR;12162;;;851993;500,00;D;;Sim;
5/5;30.12.2021;;102-Cheque Compensado;;13079;756;1981;851992;4.730,24;D;;Sim;
5/5;30.12.2021;;345-BB CP Automatico S Publico;;;;;070;2.249,76;D;0,00 C;Nao;
1/4;29.10.2021;;Saldo anterior;;;;;;;;0,00 C;Nao;
1/4;01.11.2021;;870-Transferência recebida;01/11 1765   3519-X PREF MUNIC CEN;99015;;;551765000003519;5.500,00;C;;Nao;
1/4;01.11.2021;;002-Cheque;01/11 00:00 CENTENARIO DO SUL   PR;19222;;;851921;1.820,00;D;;Sim;
1/4;01.11.2021;;002-Cheque;01/11 00:00 CENTENARIO DO SUL   PR;19222;;;851922;3.208,56;D;;Sim;
1/4;01.11.2021;;345-BB CP Automatico S Publico;;;;;070;471,44;D;0,00 C;Nao;
1/4;03.11.2021;;870-Transferência recebida;03/11 1765   3519-X PREF MUNIC CEN;99015;;;551765000003519;6.400,00;C;;Nao;
1/4;03.11.2021;;002-Cheque;03/11 00:00 CENTENARIO DO SUL   PR;12162;;;851923;2.780,00;D;;Sim;
1/4;03.11.2021;;102-Cheque Compensado;;13079;341;1981;851924;3.435,00;D;;Sim;
1/4;03.11.2021;;345-BB CP Automatico S Publico;;;;;070;185,00;D;0,00 C;Nao;
1/4;04.11.2021;;870-Transferência recebida;04/11 1765   3519-X PREF MUNIC CEN;99015;;;551765000003519;3.300,00;C;;Nao;
1/4;04.11.2021;;102-Cheque Compensado;;13079;1;1981;851925;3.108,94;D;;Sim;
1/4;04.11.2021;;345-BB CP Automatico S Publico;;;;;070;191,06;D;0,00 C;Nao;
1/4;05.11.2021;;870-Transferência recebida;05/11 1765   3519-X PREF MUNIC CEN;99015;;;551765000003519;1.622,09;C;;Nao;
1/4;05.11.2021;;976-TED-Crédito em Conta;104 1148 9333796000179 PR 410510 FMS;14175;;;176971669;1.035,00;C;;Nao;
1/4;05.11.2021;;976-TED-Crédito em Conta;104 1148 75845503000167 PREF MUN CENTE;14175;;;176978856;1.642,91;C;;Nao;
1/4;05.11.2021;;002-Cheque;05/11 00:00 CENTENARIO DO SUL   PR;12162;;;851926;1.800,00;D;;Sim;
1/4;05.11.2021;;002-Cheque;05/11 00:00 CENTENARIO DO SUL   PR;12162;;;851927;2.300,00;D;;Sim;
1/4;05.11.2021;;002-Cheque;05/11 00:00 CENTENARIO DO SUL   PR;10976;;;851928;2.000,00;D;;Sim;
1/4;05.11.2021;;855-BB CP Automatico S Publico;;;;;070;1.800,00;C;0,00 C;Nao;
1/4;10.11.2021;;870-Transferência recebida;10/11 1765   3519-X PREF MUNIC CEN;99015;;;551765000003519;2.499,07;C;;Nao;
2/4;10.11.2021;;102-Cheque Compensado;;13079;1;1981;851931;2.380,00;D;;Sim;
2/4;10.11.2021;;345-BB CP Automatico S Publico;;;;;070;119,07;D;0,00 C;Nao;
2/4;11.11.2021;;870-Transferência recebida;11/11 1765   3519-X PREF MUNIC CEN;99015;;;551765000003519;2.500,00;C;;Nao;
2/4;11.11.2021;;345-BB CP Automatico S Publico;;;;;070;2.500,00;D;0,00 C;Nao;
2/4;12.11.2021;;870-Transferência recebida;12/11 1765   3519-X PREF MUNIC CEN;99015;;;551765000003519;5.000,00;C;;Nao;
2/4;12.11.2021;;002-Cheque;12/11 00:00 CENTENARIO DO SUL   PR;12162;;;851932;3.500,00;D;;Sim;
2/4;12.11.2021;;002-Cheque;12/11 00:00 CENTENARIO DO SUL   PR;12162;;;851933;3.823,00;D;;Sim;
2/4;12.11.2021;;102-Cheque Compensado;;13079;756;1981;851934;2.255,00;D;;Sim;
2/4;12.11.2021;;855-BB CP Automatico S Publico;;;;;070;4.578,00;C;0,00 C;Nao;
2/4;16.11.2021;;870-Transferência recebida;16/11 1765   3519-X PREF MUNIC CEN;99015;;;551765000003519;5.150,00;C;;Nao;
2/4;16.11.2021;;002-Cheque;16/11 00:00 CENTENARIO DO SUL   PR;12162;;;851929;5.000,00;D;;Sim;
2/4;16.11.2021;;102-Cheque Compensado;;13079;756;1981;851935;2.220,00;D;;Sim;
2/4;16.11.2021;;102-Cheque Compensado;;13079;1;1981;851937;4.520,00;D;;Sim;
2/4;16.11.2021;;855-BB CP Automatico S Publico;;;;;070;200,28;C;;Nao;
2/4;16.11.2021;;603-Cheque Devolvido sem Fundo;Cheque sem fundos - 1a apresentação;14079;;;851935;2.220,00;C;;Sim;
2/4;16.11.2021;;603-Cheque Devolvido sem Fundo;Cheque sem fundos - 1a apresentação;14079;;;851937;4.520,00;C;;Sim;
2/4;16.11.2021;;248-Estorno Resgate Automático;;;;;070;200,28;D;;Nao;
2/4;16.11.2021;;345-BB CP Automatico S Publico;;;;;070;150,00;D;0,00 C;Nao;
2/4;17.11.2021;;870-Transferência recebida;17/11 1765   3519-X PREF MUNIC CEN;99015;;;551765000003519;7.000,00;C;;Nao;
2/4;17.11.2021;;870-Transferência recebida;17/11 1765   8004-7 PREF MUN DESE;99015;;;551765000008004;6.000,00;C;;Nao;
2/4;17.11.2021;;202-Taxa BACEN Devolução Docum;Cobrança referente 17/11/2021;13113;;;851935;0,70;D;;Nao;
2/4;17.11.2021;;102-Cheque Compensado;;13079;756;1981;851936;630,00;D;;Sim;
2/4;17.11.2021;;102-Cheque Compensado;;13079;341;1981;851938;4.105,94;D;;Sim;
2/4;17.11.2021;;102-Cheque Compensado;;13079;1;1981;851939;1.680,00;D;;Sim;
2/4;17.11.2021;;345-BB CP Automatico S Publico;;;;;070;6.583,36;D;0,00 C;Nao;
3/4;18.11.2021;;002-Cheque;18/11 00:00 CENTENARIO DO SUL   PR;10976;;;851937;4.520,00;D;;Sim;
3/4;18.11.2021;;275-Tarifa Devolução de Cheque;Cobrança referente 17/11/2021;13113;;;813220700035074;144,00;D;;Sim;
3/4;18.11.2021;;102-Cheque Compensado;;13079;756;1981;851935;2.220,00;D;;Sim;
3/4;18.11.2021;;855-BB CP Automatico S Publico;;;;;070;6.884,00;C;0,00 C;Nao;
3/4;19.11.2021;;870-Transferência recebida;19/11 1765   3519-X PREF MUNIC CEN;99015;;;551765000003519;6.800,00;C;;Nao;
3/4;19.11.2021;;002-Cheque;19/11 00:00 CENTENARIO DO SUL   PR;12162;;;851940;4.200,00;D;;Sim;
3/4;19.11.2021;;002-Cheque;19/11 00:00 CENTENARIO DO SUL   PR;12162;;;851941;2.380,00;D;;Sim;
3/4;19.11.2021;;102-Cheque Compensado;;13079;1;1981;851930;4.892,00;D;;Sim;
3/4;19.11.2021;;855-BB CP Automatico S Publico;;;;;070;51,25;C;;Nao;
3/4;19.11.2021;;603-Cheque Devolvido sem Fundo;Cheque sem fundos - 1a apresentação;14079;;;851930;4.892,00;C;;Sim;
3/4;19.11.2021;;248-Estorno Resgate Automático;;;;;070;51,25;D;;Nao;
3/4;19.11.2021;;345-BB CP Automatico S Publico;;;;;070;220,00;D;0,00 C;Nao;
3/4;22.11.2021;;202-Taxa BACEN Devolução Docum;Cobrança referente 22/11/2021;13113;;;851930;0,35;D;;Nao;
3/4;22.11.2021;;855-BB CP Automatico S Publico;;;;;070;0,35;C;0,00 C;Nao;
3/4;23.11.2021;;870-Transferência recebida;23/11 1765   3519-X PREF MUNIC CEN;99015;;;551765000003519;4.892,00;C;;Nao;
3/4;23.11.2021;;870-Transferência recebida;23/11 1765   3519-X PREF MUNIC CEN;99015;;;551765000003519;5.419,24;C;;Nao;
3/4;23.11.2021;;275-Tarifa Devolução de Cheque;Cobrança referente 22/11/2021;13113;;;813270700461308;72,00;D;;Sim;
3/4;23.11.2021;;102-Cheque Compensado;;13079;756;1981;851943;3.419,24;D;;Sim;
3/4;23.11.2021;;345-BB CP Automatico S Publico;;;;;070;6.820,00;D;0,00 C;Nao;
3/4;26.11.2021;;870-Transferência recebida;26/11 1765   8004-7 PREF MUN DESE;99015;;;551765000008004;5.500,00;C;;Nao;
3/4;26.11.2021;;002-Cheque;26/11 00:00 CENTENARIO DO SUL   PR;12162;;;851945;3.500,00;D;;Sim;
3/4;26.11.2021;;002-Cheque;26/11 00:00 CENTENARIO DO SUL   PR;12162;;;851947;1.247,00;D;;Sim;
3/4;26.11.2021;;102-Cheque Compensado;;13079;1;1981;851946;1.800,00;D;;Sim;
1/3;30.11.2020;;Saldo anterior;;;;;;;;0,00 C;Nao;
1/3;01.12.2020;;870-Transferência recebida;01/12 1765   3519-X PREF MUNIC CEN;99015;;;551765000003519;2.920,00;C;;Nao;
1/3;01.12.2020;;002-Cheque;;19222;;;851830;1.460,00;D;;Sim;
1/3;01.12.2020;;345-BB CP Automatico S Publico;;;;;070;1.460,00;D;0,00 C;Nao;
1/3;02.12.2020;;102-Cheque Compensado;;13079;748;1981;851829;1.460,00;D;;Sim;
1/3;02.12.2020;;855-BB CP Automatico S Publico;;;;;070;1.460,00;C;0,00 C;Nao;
1/3;04.12.2020;;870-Transferência recebida;04/12 1765   3519-X PREF MUNIC CEN;99015;;;551765000003519;3.800,00;C;;Nao;
1/3;04.12.2020;;002-Cheque;;12162;;;851832;3.750,00;D;;Sim;
1/3;04.12.2020;;345-BB CP Automatico S Publico;;;;;070;50,00;D;0,00 C;Nao;
1/3;07.12.2020;;870-Transferência recebida;07/12 1765   3519-X PREF MUNIC CEN;99015;;;551765000003519;5.200,00;C;;Nao;
1/3;07.12.2020;;002-Cheque;;12162;;;851833;3.300,00;D;;Sim;
1/3;07.12.2020;;002-Cheque;;12162;;;851834;2.850,00;D;;Sim;
1/3;07.12.2020;;855-BB CP Automatico S Publico;;;;;070;950,00;C;0,00 C;Nao;
1/3;09.12.2020;;870-Transferência recebida;09/12 1765   3519-X PREF MUNIC CEN;99015;;;551765000003519;8.380,00;C;;Nao;
1/3;09.12.2020;;002-Cheque;;12162;;;851837;3.425,00;D;;Sim;
1/3;09.12.2020;;002-Cheque;;12162;;;851838;3.000,00;D;;Sim;
1/3;09.12.2020;;345-BB CP Automatico S Publico;;;;;070;1.955,00;D;0,00 C;Nao;
1/3;11.12.2020;;002-Cheque;;12162;;;851840;1.542,00;D;;Sim;
1/3;11.12.2020;;855-BB CP Automatico S Publico;;;;;070;1.542,00;C;0,00 C;Nao;
1/3;14.12.2020;;102-Cheque Compensado;;13079;237;1981;851831;1.500,00;D;;Sim;
1/3;14.12.2020;;855-BB CP Automatico S Publico;;;;;070;1.500,00;C;0,00 C;Nao;
1/3;15.12.2020;;102-Cheque Compensado;;13079;1;1981;851839;26,00;D;;Sim;
1/3;15.12.2020;;855-BB CP Automatico S Publico;;;;;070;26,00;C;0,00 C;Nao;
1/3;17.12.2020;;870-Transferência recebida;17/12 1765   3519-X PREF MUNIC CEN;99015;;;551765000003519;9.500,00;C;;Nao;
1/3;17.12.2020;;002-Cheque;;12162;;;141361;2.000,00;D;;Sim;
1/3;17.12.2020;;002-Cheque;;12162;;;141362;3.480,27;D;;Sim;
1/3;17.12.2020;;002-Cheque;;12162;;;141363;3.250,00;D;;Sim;
1/3;17.12.2020;;345-BB CP Automatico S Publico;;;;;070;769,73;D;0,00 C;Nao;
2/2;21.07.2020;;002-Cheque;;19222;;;851809;2.400,00;D;;Sim;
2/2;21.07.2020;;345-BB CP Automatico S Publico;;;;;070;200,00;D;0,00 C;Nao;
2/2;22.07.2020;;102-Cheque Compensado;;13079;237;1981;851807;1.800,00;D;;Sim;
2/2;22.07.2020;;855-BB CP Automatico S Publico;;;;;070;1.800,00;C;0,00 C;Nao;
2/2;24.07.2020;;870-Transferência recebida;24/07 1765     3519-X PREF MUNIC CEN;99015;;;551765000003519;4.500,00;C;;Nao;
2/2;24.07.2020;;002-Cheque;;19222;;;851810;2.000,00;D;;Sim;
2/2;24.07.2020;;002-Cheque;;19222;;;851811;2.180,00;D;;Sim;
2/2;24.07.2020;;345-BB CP Automatico S Publico;;;;;070;320,00;D;0,00 C;Nao;
2/2;28.07.2020;;870-Transferência recebida;28/07 1765     3519-X PREF MUNIC CEN;99015;;;551765000003519;3.432,00;C;;Nao;
2/2;28.07.2020;;002-Cheque;;19222;;;851813;2.984,00;D;;Sim;
2/2;28.07.2020;;345-BB CP Automatico S Publico;;;;;070;448,00;D;0,00 C;Nao;
2/2;29.07.2020;;870-Transferência recebida;29/07 1765     12930-5 PM CENT DO SUL;99015;;;551765000012930;1.500,00;C;;Nao;
2/2;29.07.2020;;345-BB CP Automatico S Publico;;;;;070;1.500,00;D;0,00 C;Nao;
2/2;31.07.2020;;870-Transferência recebida;31/07 1765     3519-X PREF MUNIC CEN;99015;;;551765000003519;5.400,00;C;;Nao;
2/2;31.07.2020;;002-Cheque;;12162;;;851814;500,00;D;;Sim;
2/2;31.07.2020;;002-Cheque;;12162;;;851816;2.750,00;D;;Sim;
2/2;31.07.2020;;102-Cheque Compensado;;13079;748;1981;851815;2.400,00;D;;Sim;
2/2;31.07.2020;;855-BB CP Automatico S Publico;;;;;070;250,00;C;0,00 C;Nao;
2/3;22.12.2020;;870-Transferência recebida;22/12 1765     8004-7 PREF MUN DESE;99015;;;551765000008004;4.500,00;C;;Nao;
2/3;22.12.2020;;002-Cheque;;12162;;;141364;3.850,00;D;;Sim;
2/3;22.12.2020;;002-Cheque;;12162;;;141365;3.000,00;D;;Sim;
2/3;22.12.2020;;855-BB CP Automatico S Publico;;;;;070;2.350,00;C;0,00 C;Nao;
2/3;23.12.2020;;870-Transferência recebida;23/12 1765     3519-X PREF MUNIC CEN;99015;;;551765000003519;4.250,00;C;;Nao;
2/3;23.12.2020;;002-Cheque;;12162;;;141367;4.080,00;D;;Sim;
2/3;23.12.2020;;102-Cheque Compensado;;13079;756;1981;141366;840,00;D;;Sim;
2/3;23.12.2020;;855-BB CP Automatico S Publico;;;;;070;670,00;C;0,00 C;Nao;
2/3;28.12.2020;;002-Cheque;;12162;;;141369;600,00;D;;Sim;
2/3;28.12.2020;;855-BB CP Automatico S Publico;;;;;070;600,00;C;0,00 C;Nao;
2/3;29.12.2020;;870-Transferência recebida;29/12 1765     3519-X PREF MUNIC CEN;99015;;;551765000003519;6.000,00;C;;Nao;
2/3;29.12.2020;;002-Cheque;;12162;;;141370;3.000,00;D;;Sim;
2/3;29.12.2020;;002-Cheque;;12162;;;141371;2.820,34;D;;Sim;
2/3;29.12.2020;;102-Cheque Compensado;;13079;98;1981;851835;2.000,00;D;;Sim;
2/3;29.12.2020;;855-BB CP Automatico S Publico;;;;;070;846,16;C;;Nao;
2/3;29.12.2020;;603-Cheque Devolvido sem Fundo;Cheque sem fundos - 1a apresentação;14079;;;851835;2.000,00;C;;Sim;
2/3;29.12.2020;;248-Estorno Resgate Automático;;;;;070;846,16;D;;Nao;
2/3;29.12.2020;;345-BB CP Automatico S Publico;;;;;070;179,66;D;0,00 C;Nao;
2/3;30.12.2020;;870-Transferência recebida;30/12 1765     3519-X PREF MUNIC CEN;99015;;;551765000003519;10.000,00;C;;Nao;
2/3;30.12.2020;;002-Cheque;;19222;;;141372;1.460,00;D;;Sim;
2/3;30.12.2020;;002-Cheque;;12162;;;141373;3.820,24;D;;Sim;
2/3;30.12.2020;;002-Cheque;;12162;;;141374;2.400,00;D;;Sim;
2/3;30.12.2020;;202-Taxa BACEN Devolução Docum;Cobrança referente 30/12/2020;13113;;;851835;0,35;D;;Nao;
2/3;30.12.2020;;345-BB CP Automatico S Publico;;;;;070;2.319,41;D;0,00 C;Nao;
2/3;31.12.2020;;275-Tarifa Devolução de Cheque;Cobrança referente 30/12/2020;13113;;;823660700165728;72,00;D;;Sim;
1/2;28.10.2020;;Saldo anterior;;;;;;;;0,00 C;Nao;
1/2;06.11.2020;;870-Transferência recebida;06/11 1765     3519-X PREF MUNIC CEN;99015;;;551765000003519;6.190,00;C;;Nao;
1/2;06.11.2020;;870-Transferência recebida;06/11 1765     3519-X PREF MUNIC CEN;99015;;;551765000003519;4.000,00;C;;Nao;
1/2;06.11.2020;;002-Cheque;;12162;;;141352;3.790,00;D;;Sim;
1/2;06.11.2020;;002-Cheque;;12162;;;141353;2.400,00;D;;Sim;
1/2;06.11.2020;;002-Cheque;;12162;;;141354;4.000,00;D;0,00 C;Sim;
1/2;11.11.2020;;870-Transferência recebida;11/11 1765     3519-X PREF MUNIC CEN;99015;;;551765000003519;4.000,00;C;;Nao;
1/2;11.11.2020;;345-BB CP Automatico S Publico;;;;;070;4.000,00;D;0,00 C;Nao;
1/2;12.11.2020;;002-Cheque;;19222;;;141355;3.681,40;D;;Sim;
1/2;12.11.2020;;855-BB CP Automatico S Publico;;;;;070;3.681,40;C;0,00 C;Nao;
1/2;13.11.2020;;870-Transferência recebida;13/11 1765     7325-3 APMI MOVIMENTO;99015;;;551765000007325;3.750,00;C;;Nao;
1/2;13.11.2020;;002-Cheque;;12162;;;141357;3.750,00;D;0,00 C;Sim;
1/2;17.11.2020;;870-Transferência recebida;17/11 1765     8004-7 PREF MUN DESE;99015;;;551765000008004;4.000,00;C;;Nao;
1/2;17.11.2020;;002-Cheque;;12162;;;141358;3.750,00;D;;Sim;
1/2;17.11.2020;;345-BB CP Automatico S Publico;;;;;070;250,00;D;0,00 C;Nao;
1/2;18.11.2020;;870-Transferência recebida;18/11 1765     3519-X PREF MUNIC CEN;99015;;;551765000003519;4.750,00;C;;Nao;
1/2;18.11.2020;;976-TED-Crédito em Conta;104 1148 758455030000167 PREF MUN CENTE;14175;;;821977547;4.000,00;C;;Nao;
1/2;18.11.2020;;002-Cheque;;12162;;;141359;4.150,00;D;;Sim;
1/2;18.11.2020;;002-Cheque;;19222;;;141360;3.000,00;D;;Sim;
1/2;18.11.2020;;345-BB CP Automatico S Publico;;;;;070;1.600,00;D;0,00 C;Nao;
1/2;20.11.2020;;870-Transferência recebida;20/11 1765     3519-X PREF MUNIC CEN;99015;;;551765000003519;6.000,00;C;;Nao;
1/2;20.11.2020;;002-Cheque;;12162;;;851821;1.500,00;D;;Sim;
1/2;20.11.2020;;002-Cheque;;19222;;;851822;2.600,00;D;;Sim;
1/2;20.11.2020;;345-BB CP Automatico S Publico;;;;;070;1.900,00;D;0,00 C;Nao;
1/2;23.11.2020;;870-Transferência recebida;23/11 1765     10822-7 P M C S CONSIG;99015;;;551765000010822;1.207,89;C;;Nao;
2/2;23.11.2020;;002-Cheque;;12162;;;851823;1.207,89;D;;Sim;
2/2;23.11.2020;;102-Cheque Compensado;;13079;756;1981;141356;2.000,00;D;;Sim;
2/2;23.11.2020;;855-BB CP Automatico S Publico;;;;;070;2.000,00;C;0,00 C;Nao;
2/2;25.11.2020;;870-Transferência recebida;25/11 1765     3519-X PREF MUNIC CEN;99015;;;551765000003519;9.000,00;C;;Nao;
2/2;25.11.2020;;870-Transferência recebida;25/11 1765     3519-X PREF MUNIC CEN;99015;;;551765000003519;5.000,00;C;;Nao;
2/2;25.11.2020;;002-Cheque;;12162;;;851824;3.000,00;D;;Sim;
2/2;25.11.2020;;002-Cheque;;12162;;;851825;3.000,00;D;;Sim;
2/2;25.11.2020;;002-Cheque;;12162;;;851826;2.850,00;D;;Sim;
2/2;25.11.2020;;345-BB CP Automatico S Publico;;;;;070;5.150,00;D;0,00 C;Nao;
2/2;26.11.2020;;002-Cheque;;12162;;;851827;3.800,00;D;;Sim;
2/2;26.11.2020;;855-BB CP Automatico S Publico;;;;;070;3.800,00;C;0,00 C;Nao;
2/2;30.11.2020;;002-Cheque;;12162;;;851828;1.200,00;D;;Sim;
2/2;30.11.2020;;855-BB CP Automatico S Publico;;;;;070;1.200,00;C;0,00 C;Nao;
1/2;28.09.2020;;Saldo anterior;;;;;;;;0,00 C;Nao;
1/2;01.10.2020;;580-Estorno Autenticação Pagam;;12162;;;141316;2.350,00;C;;Nao;
1/2;01.10.2020;;870-Transferência recebida;01/10 1765     3519-X PREF MUNIC CEN;99015;;;551765000003519;3.000,00;C;;Nao;
1/2;01.10.2020;;002-Cheque;;12162;;;141316;2.350,00;D;;Sim;
1/2;01.10.2020;;002-Cheque;;12162;;;141316;2.950,00;D;;Sim;
1/2;01.10.2020;;345-BB CP Automatico S Publico;;;;;070;50,00;D;0,00 C;Nao;
1/2;06.10.2020;;870-Transferência recebida;06/10 1765     3519-X PREF MUNIC CEN;99015;;;551765000003519;6.000,00;C;;Nao;
1/2;06.10.2020;;002-Cheque;;12162;;;141317;2.400,00;D;;Sim;
1/2;06.10.2020;;002-Cheque;;12162;;;141319;2.769,00;D;;Sim;
1/2;06.10.2020;;345-BB CP Automatico S Publico;;;;;070;831,00;D;0,00 C;Nao;
1/2;07.10.2020;;870-Transferência recebida;07/10 1765     12211-4 PREF MUNIC CEN;99015;;;551765000012211;3.000,00;C;;Nao;
1/2;07.10.2020;;345-BB CP Automatico S Publico;;;;;070;3.000,00;D;0,00 C;Nao;
1/2;09.10.2020;;870-Transferência recebida;09/10 1765     3519-X PREF MUNIC CEN;99015;;;551765000003519;3.800,00;C;;Nao;
1/2;09.10.2020;;002-Cheque;;12162;;;141320;2.500,00;D;;Sim;
1/2;09.10.2020;;002-Cheque;;12162;;;141341;3.645,28;D;;Sim;
1/2;09.10.2020;;855-BB CP Automatico S Publico;;;;;070;2.345,28;C;0,00 C;Nao;
1/2;14.10.2020;;976-TED-Crédito em Conta;104 1148 75845503000167 PREF MUN CENTE;14175;;;667706505;5.769,00;C;;Nao;
1/2;14.10.2020;;002-Cheque;;12162;;;141344;3.273,85;D;;Sim;
1/2;14.10.2020;;345-BB CP Automatico S Publico;;;;;070;2.495,15;D;0,00 C;Nao;
1/2;16.10.2020;;870-Transferência recebida;16/10 1765     7325-3 APMI MOVIMENTO;99015;;;551765000007325;3.000,00;C;;Nao;
1/2;16.10.2020;;102-Cheque Compensado;;13079;1;1981;141342;800,00;D;;Sim;
1/2;16.10.2020;;345-BB CP Automatico S Publico;;;;;070;2.200,00;D;0,00 C;Nao;
1/2;19.10.2020;;002-Cheque;;12162;;;141345;3.769,00;D;;Sim;
1/2;19.10.2020;;855-BB CP Automatico S Publico;;;;;070;3.769,00;C;0,00 C;Nao;
1/2;20.10.2020;;870-Transferência recebida;20/10 1765     3519-X PREF MUNIC CEN;99015;;;551765000003519;2.600,00;C;;Nao;
1/2;20.10.2020;;002-Cheque;;19222;;;141346;330,00;D;;Sim;
1/1;27.05.2020;;Saldo anterior;;;;;;;;0,00 C;Nao;
1/1;02.06.2020;;002-Cheque;;19222;;;141332;2.780,00;D;;Sim;
1/1;02.06.2020;;855-BB CP Automatico S Publico;;;;;070;2.780,00;C;0,00 C;Nao;
1/1;09.06.2020;;870-Transferência recebida;09/06 1765     14677-3 PM CENTENARIO;99015;;;551765000014677;3.800,00;C;;Nao;
1/1;09.06.2020;;002-Cheque;;19222;;;141333;3.740,00;D;;Sim;
1/1;09.06.2020;;345-BB CP Automatico S Publico;;;;;070;60,00;D;0,00 C;Nao;
1/1;10.06.2020;;870-Transferência recebida;10/06 1765     3519-X PREF MUNIC CEN;99015;;;551765000003519;3.800,00;C;;Nao;
1/1;10.06.2020;;870-Transferência recebida;10/06 1765     3519-X PREF MUNIC CEN;99015;;;551765000003519;3.000,00;C;;Nao;
1/1;10.06.2020;;002-Cheque;;19222;;;141335;1.700,00;D;;Sim;
1/1;10.06.2020;;345-BB CP Automatico S Publico;;;;;070;5.100,00;D;0,00 C;Nao;
1/1;12.06.2020;;002-Cheque;;19222;;;141337;3.890,53;D;;Sim;
1/1;12.06.2020;;102-Cheque Compensado;;13079;748;1981;141334;100,00;D;;Sim;
1/1;12.06.2020;;102-Cheque Compensado;;13079;748;1981;141336;1.000,00;D;;Sim;
1/1;12.06.2020;;855-BB CP Automatico S Publico;;;;;070;4.990,53;C;0,00 C;Nao;
1/1;24.06.2020;;870-Transferência recebida;24/06 1765     3519-X PREF MUNIC CEN;99015;;;551765000003519;6.890,52;C;;Nao;
1/1;24.06.2020;;345-BB CP Automatico S Publico;;;;;070;6.890,52;D;0,00 C;Nao;
1/1;25.06.2020;;002-Cheque;;12162;;;141338;3.000,00;D;;Sim;
1/1;25.06.2020;;855-BB CP Automatico S Publico;;;;;070;3.000,00;C;0,00 C;Nao;
1/1;26.06.2020;;002-Cheque;;19222;;;141339;1.948,77;D;;Sim;
1/1;26.06.2020;;855-BB CP Automatico S Publico;;;;;070;1.948,77;C;0,00 C;Nao;
1/2;27.04.2020;;Saldo anterior;;;;;;;;0,00 C;Nao;
1/2;04.05.2020;;870-Transferência recebida;04/05 1765     12211-4 PREF MUNIC CEN;99015;;;551765000012211;5.000,00;C;;Nao;
1/2;04.05.2020;;002-Cheque;;19222;;;141323;3.800,00;D;;Sim;
1/2;04.05.2020;;345-BB CP Automatico S Publico;;;;;070;1.200,00;D;0,00 C;Nao;
1/2;05.05.2020;;870-Transferência recebida;05/05 1765     12211-4 PREF MUNIC CEN;99015;;;551765000012211;3.000,00;C;;Nao;
1/2;05.05.2020;;976-TED-Crédito em Conta;104 1148  9333796000179 PR 410510 FMS;14175;;;3920492;3.000,00;C;;Nao;
1/2;05.05.2020;;002-Cheque;;19222;;;141322;3.000,00;D;;Sim;
1/2;05.05.2020;;345-BB CP Automatico S Publico;;;;;070;3.000,00;D;0,00 C;Nao;
1/2;06.05.2020;;002-Cheque;;19222;;;141325;2.880,00;D;;Sim;
1/2;06.05.2020;;855-BB CP Automatico S Publico;;;;;070;2.880,00;C;0,00 C;Nao;
1/2;12.05.2020;;870-Transferência recebida;12/05 1765     3519-X PREF MUNIC CEN;99015;;;551765000003519;2.500,00;C;;Nao;
1/2;12.05.2020;;002-Cheque;;19222;;;141326;1.500,00;D;;Sim;
1/2;12.05.2020;;345-BB CP Automatico S Publico;;;;;070;1.000,00;D;0,00 C;Nao;
1/2;15.05.2020;;870-Transferência recebida;15/05 1765     3519-X PREF MUNIC CEN;99015;;;551765000003519;1.500,00;C;;Nao;
1/2;15.05.2020;;002-Cheque;;12162;;;141327;3.230,57;D;;Sim;
1/2;15.05.2020;;855-BB CP Automatico S Publico;;;;;070;1.730,57;C;0,00 C;Nao;
1/2;20.05.2020;;870-Transferência recebida;20/05 1765     10050-1 PM CENTENARIO;99015;;;551765000010050;3.470,21;C;;Nao;
1/2;20.05.2020;;002-Cheque;;19222;;;141328;3.470,21;D;0,00 C;Sim;
1/2;26.05.2020;;870-Transferência recebida;26/05 1765     3519-X PREF MUNIC CEN;99015;;;551765000003519;4.000,00;C;;Nao;
1/2;26.05.2020;;870-Transferência recebida;26/05 1765     14677-3 PM CENTENARIO;99015;;;551765000014677;6.000,00;C;;Nao;
1/2;26.05.2020;;002-Cheque;;19222;;;141329;3.950,00;D;;Sim;
1/2;26.05.2020;;345-BB CP Automatico S Publico;;;;;070;6.050,00;D;0,00 C;Nao;
1/2;27.05.2020;;002-Cheque;;12162;;;141331;3.515,00;D;;Sim;
1/2;28.02.2020;;Saldo anterior;;;;;;;;0,00 C;Nao;
1/2;02.03.2020;;870-Transferência recebida;02/03 1765     3519-X PREF MUNIC CEN;99015;;;551765000003519;4.800,00;C;;Nao;
1/2;02.03.2020;;002-Cheque;;19640;;;851783;4.235,26;D;;Sim;
1/2;02.03.2020;;345-BB CP Administrat Supremo;;;;;070;564,74;D;0,00 C;Nao;
1/2;03.03.2020;;002-Cheque;;12162;;;851782;300,00;D;;Sim;
1/2;03.03.2020;;275-Tarifa Devolução de Cheque;Cobrança referente 28/02/2020;13113;;;810630700142615;72,00;D;;Sim;
1/2;03.03.2020;;855-BB CP Administrat Supremo;;;;;070;372,00;C;0,00 C;Nao;
1/2;05.03.2020;;870-Transferência recebida;05/03 1765     3519-X PREF MUNIC CEN;99015;;;551765000003519;8.000,00;C;;Nao;
1/2;05.03.2020;;002-Cheque;;12162;;;851784;5.052,00;D;;Sim;
1/2;05.03.2020;;002-Cheque;;12162;;;851785;3.000,00;D;;Sim;
1/2;05.03.2020;;855-BB CP Administrat Supremo;;;;;070;52,00;C;0,00 C;Nao;
1/2;06.03.2020;;976-TED-Crédito em Conta;104 1148 75845503000167 PREF MUN CENTE;14175;;;1573289;7.300,00;C;;Nao;
1/2;06.03.2020;;002-Cheque;;12162;;;851786;3.500,00;D;;Sim;
1/2;06.03.2020;;002-Cheque;;19640;;;851787;3.800,00;D;0,00 C;Sim;
1/2;10.03.2020;;870-Transferência recebida;10/03 1765     3519-X PREF MUNIC CEN;99015;;;551765000003519;3.000,00;C;;Nao;
1/2;10.03.2020;;102-Cheque Compensado;;13079;341;1981;851788;2.753,28;D;;Sim;
1/2;10.03.2020;;345-BB CP Administrat Supremo;;;;;070;246,72;D;0,00 C;Nao;
1/2;11.03.2020;;870-Transferência recebida;11/03 1765     3519-X PREF MUNIC CEN;99015;;;551765000003519;1.000,00;C;;Nao;
1/2;11.03.2020;;345-BB CP Administrat Supremo;;;;;070;1.000,00;D;0,00 C;Nao;
1/2;12.03.2020;;870-Transferência recebida;12/03 1765     3519-X PREF MUNIC CEN;99015;;;551765000003519;3.500,00;C;;Nao;
1/2;12.03.2020;;870-Transferência recebida;12/03 1765     3519-X PREF MUNIC CEN;99015;;;551765000003519;3.500,00;C;;Nao;
1/2;12.03.2020;;002-Cheque;;12162;;;851790;3.500,00;D;;Sim;
1/2;12.03.2020;;002-Cheque;;12162;;;851791;3.500,00;D;0,00 C;Sim;
1/2;13.03.2020;;870-Transferência recebida;13/03 1765     3519-X PREF MUNIC CEN;99015;;;551765000003519;2.200,00;C;;Nao;
2/2;13.03.2020;;002-Cheque;;19640;;;851792;650,00;D;;Sim;
2/2;13.03.2020;;002-Cheque;;19640;;;851793;2.050,00;D;;Sim;
2/2;13.03.2020;;102-Cheque Compensado;;13079;756;1981;851789;1.000,00;D;;Sim;
2/2;13.03.2020;;855-BB CP Automatico S Publico;;;;;070;1.500,00;C;0,00 C;Nao;
2/2;20.03.2020;;870-Transferência recebida;20/03 1765     3519-X PREF MUNIC CEN;99015;;;551765000003519;6.000,00;C;;Nao;
2/2;20.03.2020;;345-BB CP Automatico S Publico;;;;;070;6.000,00;D;0,00 C;Nao;
2/2;23.03.2020;;002-Cheque;;19222;;;851794;3.435,54;D;;Sim;
2/2;23.03.2020;;855-BB CP Automatico S Publico;;;;;070;3.435,54;C;0,00 C;Nao;
2/2;25.03.2020;;870-Transferência recebida;25/03 1765     8004-7 PREF MUN DESE;99015;;;551765000008004;2.500,00;C;;Nao;
2/2;25.03.2020;;002-Cheque;;12162;;;851795;2.500,00;D;0,00 C;Sim;
2/2;27.03.2020;;870-Transferência recebida;27/03 1765     3519-X PREF MUNIC CEN;99015;;;551765000003519;4.900,00;C;;Nao;
2/2;27.03.2020;;345-BB CP Automatico S Publico;;;;;070;4.900,00;D;0,00 C;Nao;
2/2;30.03.2020;;002-Cheque;;12162;;;851796;4.900,00;D;;Sim;
2/2;30.03.2020;;855-BB CP Automatico S Publico;;;;;070;4.900,00;C;0,00 C;Nao;
2/2;31.03.2020;;002-Cheque;;12162;;;851797;3.142,25;D;;Sim;
2/2;31.03.2020;;855-BB CP Automatico S Publico;;;;;070;3.142,25;C;0,00 C;Nao;
1/3;29.03.2019;;Saldo anterior;;;;;;;;0,00 C;Nao;
1/3;02.04.2019;;870-Transferência recebida;;99015;;;551765000012211;6.700,00;C;;Nao;
1/3;02.04.2019;;002-Cheque;;12162;;;851695;4.400,00;D;;Sim;
1/3;02.04.2019;;002-Cheque;;12162;;;851696;1.800,00;D;;Sim;
1/3;02.04.2019;;002-Cheque;;19640;;;851701;1.542,00;D;;Sim;
1/3;02.04.2019;;102-Cheque Compensado;;13079;1;1981;851698;2.500,00;D;;Sim;
1/3;02.04.2019;;855-BB CP Administrat Supremo;;;;;070;3.542,00;C;0,00 C;Nao;
1/3;03.04.2019;;870-Transferência recebida;;99015;;;551765000007852;3.200,00;C;;Nao;
1/3;03.04.2019;;002-Cheque;;19640;;;851703;800,00;D;;Sim;
1/3;03.04.2019;;002-Cheque;;12162;;;851704;250,00;D;;Sim;
1/3;03.04.2019;;002-Cheque;;19640;;;851705;3.000,00;D;;Sim;
1/3;03.04.2019;;855-BB CP Administrat Supremo;;;;;070;850,00;C;0,00 C;Nao;
1/3;04.04.2019;;002-Cheque;;19640;;;851694;3.000,00;D;;Sim;
1/3;04.04.2019;;855-BB CP Administrat Supremo;;;;;070;3.000,00;C;0,00 C;Nao;
1/3;05.04.2019;;976-TED-Crédito em Conta;;14175;;;8805841;3.300,00;C;;Nao;
1/3;05.04.2019;;002-Cheque;;12162;;;851709;2.895,44;D;;Sim;
1/3;05.04.2019;;102-Cheque Compensado;;13079;756;1981;851707;300,00;D;;Sim;
1/3;05.04.2019;;102-Cheque Compensado;;13079;756;1981;851708;150,00;D;;Sim;
1/3;05.04.2019;;855-BB CP Administrat Supremo;;;;;070;45,44;C;0,00 C;Nao;
1/3;08.04.2019;;870-Transferência recebida;;99015;;;551765000003519;1.000,00;C;;Nao;
1/3;08.04.2019;;002-Cheque;;12162;;;851702;100,00;D;;Sim;
1/3;08.04.2019;;002-Cheque;;19640;;;851711;1.000,00;D;;Sim;
1/3;08.04.2019;;855-BB CP Administrat Supremo;;;;;070;100,00;C;0,00 C;Nao;
1/3;09.04.2019;;870-Transferência recebida;;99015;;;551765000018525;3.000,00;C;;Nao;
1/3;09.04.2019;;102-Cheque Compensado;;13079;756;1981;851710;700,00;D;;Sim;
1/3;09.04.2019;;345-BB CP Administrat Supremo;;;;;070;2.300,00;D;0,00 C;Nao;
1/3;10.04.2019;;002-Cheque;;12162;;;851714;1.425,00;D;;Sim;
1/3;10.04.2019;;102-Cheque Compensado;;13079;341;1981;851712;269,00;D;;Sim;
1/3;10.04.2019;;102-Cheque Compensado;;13079;756;1981;851713;500,00;D;;Sim;
1/3;10.04.2019;;855-BB CP Administrat Supremo;;;;;070;2.194,00;C;0,00 C;Nao;
1/3;11.04.2019;;870-Transferência recebida;;99015;;;551765000003519;1.170,00;C;;Nao;
1/3;11.04.2019;;002-Cheque;;12162;;;851718;1.170,00;D;;Sim;
1/3;11.04.2019;;102-Cheque Compensado;;13079;341;1981;851691;800,00;D;;Sim;
2/3;11.04.2019;;102-Cheque Compensado;;13079;237;1981;851700;300,00;D;;Sim;
2/3;11.04.2019;;855-BB CP Administrat Supremo;;;;;070;429,92;C;;Nao;
2/3;11.04.2019;;603-Cheque Devolvido sem Fundo;;14079;;;851691;800,00;C;;Sim;
2/3;11.04.2019;;248-Estorno Resgate Automático;;;;;070;429,92;D;;Nao;
2/3;11.04.2019;;855-BB CP Administrat Supremo;;;;;070;300,00;C;0,00 C;Nao;
2/3;12.04.2019;;976-TED-Crédito em Conta;;14175;;;4227616;1.500,00;C;;Nao;
2/3;12.04.2019;;002-Cheque;;12162;;;851720;750,00;D;;Sim;
2/3;12.04.2019;;202-Taxa BACEN Devolução Docum;;13113;;;851691;0,35;D;;Nao;
2/3;12.04.2019;;345-BB CP Administrat Supremo;;;;;070;749,65;D;0,00 C;Nao;
2/3;15.04.2019;;002-Cheque;;12162;;;851716;150,00;D;;Sim;
2/3;15.04.2019;;275-Tarifa Devolução de Cheque;;13113;;;831050700040293;68,00;D;;Sim;
2/3;15.04.2019;;855-BB CP Administrat Supremo;;;;;070;218,00;C;0,00 C;Nao;
2/3;17.04.2019;;870-Transferência recebida;;99015;;;551765000003519;1.000,00;C;;Nao;
2/3;17.04.2019;;002-Cheque;;19640;;;141121;1.000,00;D;;Sim;
2/3;17.04.2019;;170-Tarifa Reativação Fornec C;;13113;;;831071200034509;10,15;D;;Nao;
2/3;17.04.2019;;855-BB CP Administrat Supremo;;;;;070;10,15;C;0,00 C;Nao;
2/3;18.04.2019;;870-Transferência recebida;;99015;;;551765000003519;4.200,00;C;;Nao;
2/3;18.04.2019;;002-Cheque;;19640;;;141123;3.850,00;D;;Sim;
2/3;18.04.2019;;345-BB CP Administrat Supremo;;;;;070;350,00;D;0,00 C;Nao;
2/3;22.04.2019;;870-Transferência recebida;;99015;;;551765000003519;2.500,00;C;;Nao;
2/3;22.04.2019;;870-Transferência recebida;;99015;;;551765000003519;983,24;C;;Nao;
2/3;22.04.2019;;002-Cheque;;12162;;;141124;300,00;D;;Sim;
2/3;22.04.2019;;345-BB CP Administrat Supremo;;;;;070;3.183,24;D;0,00 C;Nao;
2/3;23.04.2019;;870-Transferência recebida;;99015;;;551765000014677;3.565,28;C;;Nao;
2/3;23.04.2019;;102-Cheque Compensado;;13079;237;1981;141126;1.500,00;D;;Sim;
2/3;23.04.2019;;102-Cheque Compensado;;13079;237;1981;141127;280,00;D;;Sim;
2/3;23.04.2019;;345-BB CP Administrat Supremo;;;;;070;1.785,28;D;0,00 C;Nao;
2/3;24.04.2019;;870-Transferência recebida;;99015;;;551765000003519;3.500,00;C;;Nao;
2/3;24.04.2019;;870-Transferência recebida;;99015;;;551765000003519;2.000,00;C;;Nao;
2/3;24.04.2019;;002-Cheque;;19640;;;141131;2.000,00;D;;Sim;
2/3;24.04.2019;;002-Cheque;;12162;;;141133;1.800,00;D;;Sim;
2/3;24.04.2019;;102-Cheque Compensado;;13079;1;1981;141128;2.500,00;D;;Sim;
2/3;24.04.2019;;102-Cheque Compensado;;13079;341;1981;141132;2.000,00;D;;Sim;
2/3;24.04.2019;;855-BB CP Administrat Supremo;;;;;070;2.800,00;C;0,00 C;Nao;
2/3;25.04.2019;;870-Transferência recebida;;99015;;;551765000003519;1.300,00;C;;Nao;
2/3;25.04.2019;;002-Cheque;;12162;;;141134;1.243,00;D;;Sim;
1/2;24.08.2020;;Saldo anterior;;;;;;;;0,00 C;Nao;
1/2;02.09.2020;;870-Transferência recebida;02/09 1765   14677-3 PM CENTENARIO;99015;;;551765000014677;3.200,00;C;;Nao;
1/2;02.09.2020;;102-Cheque Compensado;;13079;1;1981;141301;3.189,41;D;;Sim;
1/2;02.09.2020;;345-BB CP Automatico S Publico;;;;;070;10,59;D;0,00 C;Nao;
1/2;04.09.2020;;870-Transferência recebida;04/09 1765   7852-2 PREF MUNIC CEN;99015;;;551765000007852;3.500,00;C;;Nao;
1/2;04.09.2020;;002-Cheque;;19222;;;141302;3.500,00;D;0,00 C;Sim;
1/2;09.09.2020;;870-Transferência recebida;09/09 1765   15661-2 F M SAUDE CENT;99015;;;551765000015661;3.300,00;C;;Nao;
1/2;09.09.2020;;002-Cheque;;12162;;;141304;3.500,00;D;;Sim;
1/2;09.09.2020;;855-BB CP Automatico S Publico;;;;;070;200,00;C;0,00 C;Nao;
1/2;10.09.2020;;870-Transferência recebida;10/09 1765   8004-7 PREF MUN DESE;99015;;;551765000008004;3.000,00;C;;Nao;
1/2;10.09.2020;;002-Cheque;;12162;;;141303;3.000,00;D;0,00 C;Sim;
1/2;11.09.2020;;870-Transferência recebida;11/09 1765   3519-X PREF MUNIC CEN;99015;;;551765000003519;3.000,00;C;;Nao;
1/2;11.09.2020;;870-Transferência recebida;11/09 1765   3519-X PREF MUNIC CEN;99015;;;551765000003519;4.500,00;C;;Nao;
1/2;11.09.2020;;002-Cheque;;12162;;;141307;2.075,00;D;;Sim;
1/2;11.09.2020;;102-Cheque Compensado;;13079;756;1981;141306;2.000,00;D;;Sim;
1/2;11.09.2020;;345-BB CP Automatico S Publico;;;;;070;3.425,00;D;0,00 C;Nao;
1/2;14.09.2020;;976-TED-Crédito em Conta;104 1148 75845503000167 PREF MUN CENTE;14175;;;537617487;5.000,00;C;;Nao;
1/2;14.09.2020;;102-Cheque Compensado;;13079;237;1981;141305;1.000,00;D;;Sim;
1/2;14.09.2020;;345-BB CP Automatico S Publico;;;;;070;4.000,00;D;0,00 C;Nao;
1/2;15.09.2020;;002-Cheque;;12162;;;141308;828,00;D;;Sim;
1/2;15.09.2020;;002-Cheque;;12162;;;141309;3.000,00;D;;Sim;
1/2;15.09.2020;;855-BB CP Automatico S Publico;;;;;070;3.828,00;C;0,00 C;Nao;
1/2;18.09.2020;;870-Transferência recebida;18/09 1765   18525-6 ASSOCIACAO DE;99015;;;551765000018525;3.000,00;C;;Nao;
1/2;18.09.2020;;002-Cheque;;12162;;;141311;2.780,24;D;;Sim;
1/2;18.09.2020;;345-BB CP Automatico S Publico;;;;;070;219,76;D;0,00 C;Nao;
1/2;26.06.2020;;Saldo anterior;;;;;;;;0,00 C;Nao;
1/2;01.07.2020;;102-Cheque Compensado;;13079;1;1981;141340;4.600,00;D;;Sim;
1/2;01.07.2020;;855-BB CP Automatico S Publico;;;;;070;3.141,47;C;;Nao;
1/2;01.07.2020;;603-Cheque Devolvido sem Fundo;Cheque sem fundos - 1a apresentação;14079;;;141340;4.600,00;C;;Sim;
1/2;01.07.2020;;248-Estorno Resgate Automático;;;;;070;3.141,47;D;0,00 C;Nao;
1/2;02.07.2020;;870-Transferência recebida;02/07 1765   3519-X PREF MUNIC CEN;99015;;;551765000003519;4.600,00;C;;Nao;
1/2;02.07.2020;;870-Transferência recebida;02/07 1765   3519-X PREF MUNIC CEN;99015;;;551765000003519;3.800,00;C;;Nao;
1/2;02.07.2020;;002-Cheque;;12162;;;851801;3.790,00;D;;Sim;
1/2;02.07.2020;;202-Taxa BACEN Devolução Docum;Cobrança referente 02/07/2020;13113;;;141340;0,35;D;;Nao;
1/2;02.07.2020;;345-BB CP Automatico S Publico;;;;;070;4.609,65;D;0,00 C;Nao;
1/2;03.07.2020;;275-Tarifa Devolução de Cheque;Cobrança referente 02/07/2020;13113;;;831850700020385;72,00;D;;Sim;
1/2;03.07.2020;;855-BB CP Automatico S Publico;;;;;070;72,00;C;0,00 C;Nao;
1/2;08.07.2020;;002-Cheque;;12162;;;141340;4.600,00;D;;Sim;
1/2;08.07.2020;;855-BB CP Automatico S Publico;;;;;070;4.600,00;C;0,00 C;Nao;
1/2;10.07.2020;;870-Transferência recebida;10/07 1765   3519-X PREF MUNIC CEN;99015;;;551765000003519;5.200,00;C;;Nao;
1/2;10.07.2020;;002-Cheque;;12162;;;851804;600,00;D;;Sim;
1/2;10.07.2020;;002-Cheque;;12162;;;851805;1.600,00;D;;Sim;
1/2;10.07.2020;;345-BB CP Automatico S Publico;;;;;070;3.000,00;D;0,00 C;Nao;
1/2;13.07.2020;;002-Cheque;;12162;;;851806;3.420,78;D;;Sim;
1/2;13.07.2020;;855-BB CP Automatico S Publico;;;;;070;3.420,78;C;0,00 C;Nao;
1/2;15.07.2020;;102-Cheque Compensado;;13079;1;1981;851802;808,68;D;;Sim;
1/2;15.07.2020;;855-BB CP Automatico S Publico;;;;;070;808,68;C;0,00 C;Nao;
1/2;21.07.2020;;870-Transferência recebida;21/07 1765   3519-X PREF MUNIC CEN;99015;;;551765000003519;2.600,00;C;;Nao;
1/2;21.07.2020;;870-Transferência recebida;21/07 1765   3519-X PREF MUNIC CEN;99015;;;551765000003519;3.000,00;C;;Nao;
1/2;21.07.2020;;002-Cheque;;19222;;;851808;3.000,00;D;;Sim;
1/4;28.02.2019;;Saldo anterior;;;;;;;;0,00 C;Nao;
1/4;01.03.2019;;870-Transferência recebida;;99015;;;551765000003519;3.000,00;C;;Nao;
1/4;01.03.2019;;870-Transferência recebida;;99015;;;551765000003519;2.000,00;C;;Nao;
1/4;01.03.2019;;870-Transferência recebida;;99015;;;551765000003519;2.000,00;C;;Nao;
1/4;01.03.2019;;870-Transferência recebida;;99015;;;551765000003519;4.050,00;C;;Nao;
1/4;01.03.2019;;870-Transferência recebida;;99015;;;551765000003519;3.000,00;C;;Nao;
1/4;01.03.2019;;002-Cheque;;19222;;;851649;4.050,00;D;;Sim;
1/4;01.03.2019;;002-Cheque;;12162;;;851651;3.000,00;D;;Sim;
1/4;01.03.2019;;002-Cheque;;19222;;;851652;3.000,00;D;;Sim;
1/4;01.03.2019;;002-Cheque;;12162;;;851653;2.000,00;D;;Sim;
1/4;01.03.2019;;002-Cheque;;19222;;;851654;2.000,00;D;0,00 C;Sim;
1/4;07.03.2019;;870-Transferência recebida;;99015;;;551765000003519;6.150,00;C;;Nao;
1/4;07.03.2019;;870-Transferência recebida;;99015;;;551765000007852;3.000,00;C;;Nao;
1/4;07.03.2019;;870-Transferência recebida;;99015;;;551765000012211;4.050,00;C;;Nao;
1/4;07.03.2019;;002-Cheque;;19640;;;851641;150,00;D;;Sim;
1/4;07.03.2019;;345-BB CP Administrat Supremo;;;;;070;13.050,00;D;0,00 C;Nao;
1/4;08.03.2019;;870-Transferência recebida;;99015;;;551765000007852;2.500,00;C;;Nao;
1/4;08.03.2019;;002-Cheque;;12162;;;851650;4.050,00;D;;Sim;
1/4;08.03.2019;;002-Cheque;;12162;;;851655;3.000,00;D;;Sim;
1/4;08.03.2019;;102-Cheque Compensado;;13079;1;1981;851643;2.500,00;D;;Sim;
1/4;08.03.2019;;855-BB CP Administrat Supremo;;;;;070;7.050,00;C;0,00 C;Nao;
1/4;11.03.2019;;976-TED-Crédito em Conta;;14175;;;8000615;245,12;C;;Nao;
1/4;11.03.2019;;002-Cheque;;12162;;;851658;900,00;D;;Sim;
1/4;11.03.2019;;855-BB CP Administrat Supremo;;;;;070;654,88;C;0,00 C;Nao;
1/4;12.03.2019;;002-Cheque;;12162;;;851656;2.000,00;D;;Sim;
1/4;12.03.2019;;002-Cheque;;12162;;;851657;2.500,00;D;;Sim;
1/4;12.03.2019;;855-BB CP Administrat Supremo;;;;;070;4.500,00;C;0,00 C;Nao;
1/4;13.03.2019;;870-Transferência recebida;;99015;;;551765000003519;15.000,00;C;;Nao;
1/4;13.03.2019;;870-Transferência recebida;;99015;;;551765000003519;2.128,40;C;;Nao;
1/4;13.03.2019;;870-Transferência recebida;;99015;;;551765000008004;2.716,65;C;;Nao;
1/4;13.03.2019;;002-Cheque;;12162;;;851659;1.170,00;D;;Sim;
1/4;13.03.2019;;002-Cheque;;12162;;;851661;2.200,00;D;;Sim;
1/4;13.03.2019;;002-Cheque;;12162;;;851663;2.000,00;D;;Sim;
2/4;13.03.2019;;102-Cheque Compensado;;13079;756;1981;851660;650,00;D;;Sim;
2/4;13.03.2019;;345-BB CP Administrat Supremo;;;;;070;13.825,05;D;0,00 C;Nao;
2/4;15.03.2019;;002-Cheque;;12162;;;851662;250,00;D;;Sim;
2/4;15.03.2019;;002-Cheque;;12162;;;851665;1.170,00;D;;Sim;
2/4;15.03.2019;;002-Cheque;;12162;;;851666;1.148,40;D;;Sim;
2/4;15.03.2019;;002-Cheque;;19640;;;851667;1.170,00;D;;Sim;
2/4;15.03.2019;;002-Cheque;;12162;;;851669;1.951,00;D;;Sim;
2/4;15.03.2019;;002-Cheque;;12162;;;851670;3.850,00;D;;Sim;
2/4;15.03.2019;;002-Cheque;;19640;;;851671;2.000,00;D;;Sim;
2/4;15.03.2019;;002-Cheque;;12162;;;851672;3.850,45;D;;Sim;
2/4;15.03.2019;;855-BB CP Administrat Supremo;;;;;070;15.389,85;C;0,00 C;Nao;
2/4;18.03.2019;;870-Transferência recebida;;99015;;;551765000003519;7.000,00;C;;Nao;
2/4;18.03.2019;;002-Cheque;;12162;;;851675;500,00;D;;Sim;
2/4;18.03.2019;;102-Cheque Compensado;;13079;237;1981;851668;185,00;D;;Sim;
2/4;18.03.2019;;102-Cheque Compensado;;13079;756;1981;851673;1.800,00;D;;Sim;
2/4;18.03.2019;;345-BB CP Administrat Supremo;;;;;070;4.515,00;D;0,00 C;Nao;
2/4;19.03.2019;;870-Transferência recebida;;99015;;;551765000003519;4.845,00;C;;Nao;
2/4;19.03.2019;;870-Transferência recebida;;99015;;;551765000003519;1.385,00;C;;Nao;
2/4;19.03.2019;;870-Transferência recebida;;99015;;;551765000003519;4.600,00;C;;Nao;
2/4;19.03.2019;;870-Transferência recebida;;99015;;;551765000008004;1.800,00;C;;Nao;
2/4;19.03.2019;;002-Cheque;;12162;;;851677;1.200,00;D;;Sim;
2/4;19.03.2019;;002-Cheque;;12162;;;851678;4.845,00;D;;Sim;
2/4;19.03.2019;;002-Cheque;;12162;;;851680;3.850,43;D;;Sim;
2/4;19.03.2019;;002-Cheque;;19640;;;851682;1.800,00;D;;Sim;
2/4;19.03.2019;;345-BB CP Administrat Supremo;;;;;070;934,57;D;0,00 C;Nao;
2/4;20.03.2019;;870-Transferência recebida;;99015;;;551765000003519;3.550,00;C;;Nao;
2/4;20.03.2019;;002-Cheque;;12162;;;851683;1.050,00;D;;Sim;
2/4;20.03.2019;;002-Cheque;;12162;;;851685;1.800,00;D;;Sim;
2/4;20.03.2019;;102-Cheque Compensado;;13079;748;1981;851679;2.950,00;D;;Sim;
2/4;20.03.2019;;102-Cheque Compensado;;13079;756;1981;851681;1.170,00;D;;Sim;
2/4;20.03.2019;;102-Cheque Compensado;;13079;756;1981;851684;700,00;D;;Sim;
2/4;20.03.2019;;855-BB CP Administrat Supremo;;;;;070;4.120,00;C;0,00 C;Nao;
2/4;21.03.2019;;102-Cheque Compensado;;13079;341;1981;851676;150,00;D;;Sim;
2/4;21.03.2019;;855-BB CP Administrat Supremo;;;;;070;150,00;C;0,00 C;Nao;
2/4;22.03.2019;;102-Cheque Compensado;;13079;756;1981;851686;980,00;D;;Sim;
2/4;22.03.2019;;855-BB CP Administrat Supremo;;;;;070;980,00;C;0,00 C;Nao;
3/4;25.03.2019;;002-Cheque;;12162;;;851687;985,44;D;;Sim;
3/4;25.03.2019;;855-BB CP Administrat Supremo;;;;;070;985,44;C;0,00 C;Nao;
3/4;26.03.2019;;870-Transferência recebida;;99015;;;551765000012211;2.000,00;C;;Nao;
3/4;26.03.2019;;002-Cheque;;12162;;;851689;1.542,00;D;;Sim;
3/4;26.03.2019;;102-Cheque Compensado;;13079;1;1981;851674;1.000,00;D;;Sim;
3/4;26.03.2019;;855-BB CP Administrat Supremo;;;;;070;542,00;C;0,00 C;Nao;
3/4;27.03.2019;;102-Cheque Compensado;;13079;1;1981;851664;500,00;D;;Sim;
3/4;27.03.2019;;102-Cheque Compensado;;13079;756;1981;851688;370,00;D;;Sim;
3/4;27.03.2019;;102-Cheque Compensado;;13079;756;1981;851690;3.843,54;D;;Sim;
3/4;27.03.2019;;102-Cheque Compensado;;13079;341;1981;851691;800,00;D;;Sim;
3/4;27.03.2019;;102-Cheque Compensado;;13079;756;1981;851692;500,00;D;;Sim;
3/4;27.03.2019;;855-BB CP Administrat Supremo;;;;;070;259,59;C;;Nao;
3/4;27.03.2019;;603-Cheque Devolvido sem Fundo;;14079;;;851664;500,00;C;;Sim;
3/4;27.03.2019;;603-Cheque Devolvido sem Fundo;;14079;;;851688;370,00;C;;Sim;
3/4;27.03.2019;;603-Cheque Devolvido sem Fundo;;14079;;;851690;3.843,54;C;;Sim;
3/4;27.03.2019;;603-Cheque Devolvido sem Fundo;;14079;;;851691;800,00;C;;Sim;
3/4;27.03.2019;;603-Cheque Devolvido sem Fundo;;14079;;;851692;500,00;C;;Sim;
3/4;27.03.2019;;248-Estorno Resgate Automático;;;;;070;259,59;D;0,00 C;Nao;
3/4;28.03.2019;;870-Transferência recebida;;99015;;;551765000003519;4.340,22;C;;Nao;
3/4;28.03.2019;;870-Transferência recebida;;99015;;;551765000007852;5.753,95;C;;Nao;
3/4;28.03.2019;;002-Cheque;;19640;;;851693;4.340,22;D;;Sim;
3/4;28.03.2019;;202-Taxa BACEN Devolução Docum;;13113;;;851691;1,75;D;;Nao;
3/4;28.03.2019;;345-BB CP Administrat Supremo;;;;;070;5.752,20;D;0,00 C;Nao;
3/4;29.03.2019;;870-Transferência recebida;;99015;;;551765000008004;7.550,00;C;;Nao;
3/4;29.03.2019;;002-Cheque;;12162;;;851664;500,00;D;;Sim;
3/4;29.03.2019;;002-Cheque;;12162;;;851697;150,00;D;;Sim;
3/4;29.03.2019;;275-Tarifa Devolução de Cheque;;13113;;;810880700042551;340,00;D;;Sim;
3/4;29.03.2019;;102-Cheque Compensado;;13079;756;1981;851688;370,00;D;;Sim;
3/4;29.03.2019;;102-Cheque Compensado;;13079;756;1981;851690;3.843,54;D;;Sim;
3/4;29.03.2019;;102-Cheque Compensado;;13079;756;1981;851692;500,00;D;;Sim;
1/3;31.01.2019;;Saldo anterior;;;;;;;;0,00 C;Nao;
1/3;01.02.2019;;102-Cheque Compensado;;13079;341;1981;851588;1.500,00;D;;Sim;
1/3;01.02.2019;;855-BB CP Administrat Supremo;;;;;070;1.500,00;C;0,00 C;Nao;
1/3;04.02.2019;;870-Transferência recebida;;99015;;;551765000007852;3.000,00;C;;Nao;
1/3;04.02.2019;;870-Transferência recebida;;99015;;;551765000008004;3.800,00;C;;Nao;
1/3;04.02.2019;;345-BB CP Administrat Supremo;;;;;070;6.800,00;D;0,00 C;Nao;
1/3;05.02.2019;;002-Cheque;;12162;;;851595;3.800,00;D;;Sim;
1/3;05.02.2019;;002-Cheque;;12162;;;851596;3.000,00;D;;Sim;
1/3;05.02.2019;;855-BB CP Administrat Supremo;;;;;070;6.800,00;C;0,00 C;Nao;
1/3;06.02.2019;;870-Transferência recebida;;99015;;;551765000003519;2.467,00;C;;Nao;
1/3;06.02.2019;;870-Transferência recebida;;99015;;;551765000012211;1.310,88;C;;Nao;
1/3;06.02.2019;;002-Cheque;;19640;;;851598;1.310,88;D;;Sim;
1/3;06.02.2019;;102-Cheque Compensado;;13079;237;1981;851593;232,96;D;;Sim;
1/3;06.02.2019;;345-BB CP Administrat Supremo;;;;;070;2.234,04;D;0,00 C;Nao;
1/3;07.02.2019;;002-Cheque;;19222;;;851599;2.432,00;D;;Sim;
1/3;07.02.2019;;855-BB CP Administrat Supremo;;;;;070;2.432,00;C;0,00 C;Nao;
1/3;08.02.2019;;870-Transferência recebida;;99015;;;551765000003519;3.000,00;C;;Nao;
1/3;08.02.2019;;870-Transferência recebida;;99015;;;551765000014677;3.000,00;C;;Nao;
1/3;08.02.2019;;002-Cheque;;19640;;;851597;3.000,00;D;;Sim;
1/3;08.02.2019;;345-BB CP Administrat Supremo;;;;;070;3.000,00;D;0,00 C;Nao;
1/3;11.02.2019;;870-Transferência recebida;;99015;;;551765000003519;4.137,00;C;;Nao;
1/3;11.02.2019;;102-Cheque Compensado;;13079;756;1981;851600;4.177,40;D;;Sim;
1/3;11.02.2019;;855-BB CP Administrat Supremo;;;;;070;40,40;C;0,00 C;Nao;
1/3;13.02.2019;;870-Transferência recebida;;99015;;;551765000003519;2.000,00;C;;Nao;
1/3;13.02.2019;;870-Transferência recebida;;99015;;;551765000003519;5.000,00;C;;Nao;
1/3;13.02.2019;;870-Transferência recebida;;99015;;;551765000008004;680,00;C;;Nao;
1/3;13.02.2019;;002-Cheque;;19640;;;851621;680,00;D;;Sim;
1/3;13.02.2019;;002-Cheque;;19640;;;851622;1.200,00;D;;Sim;
1/3;13.02.2019;;002-Cheque;;19222;;;851623;1.170,00;D;;Sim;
1/3;13.02.2019;;002-Cheque;;19222;;;851625;2.500,00;D;;Sim;
1/3;13.02.2019;;002-Cheque;;19222;;;851626;600,00;D;;Sim;
1/3;13.02.2019;;002-Cheque;;19222;;;851627;5.000,00;D;;Sim;
1/3;13.02.2019;;855-BB CP Administrat Supremo;;;;;070;3.470,00;C;0,00 C;Nao;
2/3;14.02.2019;;102-Cheque Compensado;;13079;756;1981;851624;150,00;D;;Sim;
2/3;14.02.2019;;855-BB CP Administrat Supremo;;;;;070;150,00;C;0,00 C;Nao;
2/3;15.02.2019;;976-TED-Crédito em Conta;;14175;;;4380513;5.500,00;C;;Nao;
2/3;15.02.2019;;002-Cheque;;12162;;;851629;500,00;D;;Sim;
2/3;15.02.2019;;002-Cheque;;12162;;;851631;3.800,00;D;;Sim;
2/3;15.02.2019;;345-BB CP Administrat Supremo;;;;;070;1.200,00;D;0,00 C;Nao;
2/3;18.02.2019;;870-Transferência recebida;;99015;;;551765000003519;250,00;C;;Nao;
2/3;18.02.2019;;002-Cheque;;12162;;;851632;720,00;D;;Sim;
2/3;18.02.2019;;102-Cheque Compensado;;13079;1;1981;851628;1.000,00;D;;Sim;
2/3;18.02.2019;;855-BB CP Administrat Supremo;;;;;070;1.470,00;C;0,00 C;Nao;
2/3;19.02.2019;;870-Transferência recebida;;99015;;;551765000003519;9.530,00;C;;Nao;
2/3;19.02.2019;;002-Cheque;;12162;;;851630;2.800,00;D;;Sim;
2/3;19.02.2019;;102-Cheque Compensado;;13079;756;1981;851634;250,00;D;;Sim;
2/3;19.02.2019;;102-Cheque Compensado;;13079;341;1981;851635;4.980,55;D;;Sim;
2/3;19.02.2019;;345-BB CP Administrat Supremo;;;;;070;1.499,45;D;0,00 C;Nao;
2/3;20.02.2019;;580-Estorno Autenticação Pagam;;12162;;;851636;196,40;C;;Nao;
2/3;20.02.2019;;870-Transferência recebida;;99015;;;551765000003519;4.207,40;C;;Nao;
2/3;20.02.2019;;002-Cheque;;12162;;;851636;196,40;D;;Sim;
2/3;20.02.2019;;002-Cheque;;12162;;;851636;1.196,40;D;;Sim;
2/3;20.02.2019;;002-Cheque;;19222;;;851638;1.951,00;D;;Sim;
2/3;20.02.2019;;345-BB CP Administrat Supremo;;;;;070;1.060,00;D;0,00 C;Nao;
2/3;21.02.2019;;002-Cheque;;12162;;;851637;900,00;D;;Sim;
2/3;21.02.2019;;102-Cheque Compensado;;13079;748;1981;851633;1.500,00;D;;Sim;
2/3;21.02.2019;;855-BB CP Administrat Supremo;;;;;070;2.400,00;C;0,00 C;Nao;
2/3;25.02.2019;;102-Cheque Compensado;;13079;756;1981;851639;160,00;D;;Sim;
2/3;25.02.2019;;855-BB CP Administrat Supremo;;;;;070;160,00;C;0,00 C;Nao;
2/3;26.02.2019;;976-TED-Crédito em Conta;;14175;;;3721564;3.150,00;C;;Nao;
2/3;26.02.2019;;345-BB CP Administrat Supremo;;;;;070;3.150,00;D;0,00 C;Nao;
2/3;27.02.2019;;870-Transferência recebida;;99015;;;551765000003519;7.000,00;C;;Nao;
2/3;27.02.2019;;976-TED-Crédito em Conta;;14175;;;4920446;2.500,00;C;;Nao;
2/3;27.02.2019;;002-Cheque;;12162;;;851645;300,00;D;;Sim;
2/3;27.02.2019;;002-Cheque;;12162;;;851646;2.500,00;D;;Sim;
2/3;27.02.2019;;002-Cheque;;12162;;;851647;3.500,00;D;;Sim;
2/3;27.02.2019;;102-Cheque Compensado;;13079;341;1981;851640;500,00;D;;Sim;
2/3;27.02.2019;;102-Cheque Compensado;;13079;756;1981;851644;150,00;D;;Sim;
2/3;27.02.2019;;345-BB CP Administrat Supremo;;;;;070;2.550,00;D;0,00 C;Nao;
1/3;21.12.2018;;Saldo anterior;;;;;;;;0,00 C;Nao;
1/3;03.01.2019;;170-Tarifa Reativação Fornec C;;13113;;;860031200074146;10,15;D;;Nao;
1/3;03.01.2019;;855-BB CP Administrat Supremo;;;;;070;10,15;C;0,00 C;Nao;
1/3;07.01.2019;;870-Transferência recebida;;99015;;;551765000009910;9.820,25;C;;Nao;
1/3;07.01.2019;;870-Transferência recebida;;99015;;;551765000012211;5.042,00;C;;Nao;
1/3;07.01.2019;;002-Cheque;;19640;;;851602;5.042,00;D;;Sim;
1/3;07.01.2019;;002-Cheque;;12162;;;851603;5.289,25;D;;Sim;
1/3;07.01.2019;;345-BB CP Administrat Supremo;;;;;070;4.531,00;D;0,00 C;Nao;
1/3;08.01.2019;;002-Cheque;;19222;;;851604;400,00;D;;Sim;
1/3;08.01.2019;;102-Cheque Compensado;;13079;1;1981;851601;2.489,00;D;;Sim;
1/3;08.01.2019;;855-BB CP Administrat Supremo;;;;;070;2.889,00;C;0,00 C;Nao;
1/3;09.01.2019;;870-Transferência recebida;;99015;;;551765000009910;6.000,00;C;;Nao;
1/3;09.01.2019;;976-TED-Crédito em Conta;;14175;;;3287226;500,00;C;;Nao;
1/3;09.01.2019;;002-Cheque;;19222;;;851609;6.000,00;D;;Sim;
1/3;09.01.2019;;345-BB CP Administrat Supremo;;;;;070;500,00;D;0,00 C;Nao;
1/3;10.01.2019;;102-Cheque Compensado;;13079;341;1981;851605;390,41;D;;Sim;
1/3;10.01.2019;;102-Cheque Compensado;;13079;341;1981;851606;500,00;D;;Sim;
1/3;10.01.2019;;102-Cheque Compensado;;13079;756;1981;851612;298,80;D;;Sim;
1/3;10.01.2019;;855-BB CP Administrat Supremo;;;;;070;1.189,21;C;0,00 C;Nao;
1/3;11.01.2019;;870-Transferência recebida;;99015;;;551765000003519;4.200,00;C;;Nao;
1/3;11.01.2019;;002-Cheque;;19222;;;851611;3.000,00;D;;Sim;
1/3;11.01.2019;;002-Cheque;;19222;;;851613;1.200,00;D;0,00 C;Sim;
1/3;14.01.2019;;102-Cheque Compensado;;13079;237;1981;851615;250,00;D;;Sim;
1/3;14.01.2019;;102-Cheque Compensado;;13079;756;1981;851616;400,00;D;;Sim;
1/3;14.01.2019;;855-BB CP Administrat Supremo;;;;;070;650,00;C;0,00 C;Nao;
1/3;15.01.2019;;870-Transferência recebida;;99015;;;551765000003519;6.000,00;C;;Nao;
1/3;15.01.2019;;870-Transferência recebida;;99015;;;551765000003519;1.200,00;C;;Nao;
1/3;15.01.2019;;870-Transferência recebida;;99015;;;551765000007852;2.700,00;C;;Nao;
1/3;15.01.2019;;002-Cheque;;19640;;;851581;1.170,00;D;;Sim;
1/3;15.01.2019;;002-Cheque;;19640;;;851618;2.100,00;D;;Sim;
1/3;15.01.2019;;002-Cheque;;19222;;;851619;2.500,00;D;;Sim;
1/3;15.01.2019;;002-Cheque;;19640;;;851620;2.700,00;D;;Sim;
1/3;15.01.2019;;345-BB CP Administrat Supremo;;;;;070;1.430,00;D;0,00 C;Nao;
2/3;16.01.2019;;870-Transferência recebida;;99015;;;551765000003519;2.500,00;C;;Nao;
2/3;16.01.2019;;870-Transferência recebida;;99015;;;551765000014677;4.000,00;C;;Nao;
2/3;16.01.2019;;870-Transferência recebida;;99015;;;551765000014677;3.200,00;C;;Nao;
2/3;16.01.2019;;976-TED-Crédito em Conta;;14175;;;3170450;4.000,00;C;;Nao;
2/3;16.01.2019;;002-Cheque;;19640;;;851582;3.180,00;D;;Sim;
2/3;16.01.2019;;002-Cheque;;19640;;;851583;3.980,00;D;;Sim;
2/3;16.01.2019;;002-Cheque;;19222;;;851617;980,00;D;;Sim;
2/3;16.01.2019;;102-Cheque Compensado;;13079;104;1981;851607;398,76;D;;Sim;
2/3;16.01.2019;;102-Cheque Compensado;;13079;341;1981;851614;3.000,00;D;;Sim;
2/3;16.01.2019;;345-BB CP Administrat Supremo;;;;;070;2.161,24;D;0,00 C;Nao;
2/3;17.01.2019;;002-Cheque;;19640;;;851584;840,00;D;;Sim;
2/3;17.01.2019;;102-Cheque Compensado;;13079;1;1981;851587;3.980,45;D;;Sim;
2/3;17.01.2019;;855-BB CP Administrat Supremo;;;;;070;4.126,71;C;;Nao;
2/3;17.01.2019;;603-Cheque Devolvido sem Fundo;;14079;;;851587;3.980,45;C;;Sim;
2/3;17.01.2019;;248-Estorno Resgate Automático;;;;;070;4.126,71;D;;Nao;
2/3;17.01.2019;;855-BB CP Administrat Supremo;;;;;070;840,00;C;0,00 C;Nao;
2/3;18.01.2019;;870-Transferência recebida;;99015;;;551765000003519;2.000,00;C;;Nao;
2/3;18.01.2019;;870-Transferência recebida;;99015;;;551765000003519;2.870,00;C;;Nao;
2/3;18.01.2019;;870-Transferência recebida;;99015;;;551765000012930;700,00;C;;Nao;
2/3;18.01.2019;;202-Taxa BACEN Devolução Docum;;13113;;;851587;0,35;D;;Nao;
2/3;18.01.2019;;345-BB CP Administrat Supremo;;;;;070;5.569,65;D;0,00 C;Nao;
2/3;21.01.2019;;275-Tarifa Devolução de Cheque;;13113;;;850210700039672;64,00;D;;Sim;
2/3;21.01.2019;;855-BB CP Administrat Supremo;;;;;070;64,00;C;0,00 C;Nao;
2/3;22.01.2019;;002-Cheque;;12162;;;851587;3.980,45;D;;Sim;
2/3;22.01.2019;;855-BB CP Administrat Supremo;;;;;070;3.980,45;C;0,00 C;Nao;
2/3;24.01.2019;;102-Cheque Compensado;;13079;341;1981;851585;2.000,00;D;;Sim;
2/3;24.01.2019;;855-BB CP Administrat Supremo;;;;;070;2.000,00;C;0,00 C;Nao;
2/3;29.01.2019;;870-Transferência recebida;;99015;;;551765000003519;1.850,00;C;;Nao;
2/3;29.01.2019;;002-Cheque;;12162;;;851590;1.850,00;D;0,00 C;Sim;
2/3;30.01.2019;;870-Transferência recebida;;99015;;;551765000003519;2.000,00;C;;Nao;
2/3;30.01.2019;;870-Transferência recebida;;99015;;;551765000008004;1.900,00;C;;Nao;
2/3;30.01.2019;;002-Cheque;;12162;;;851591;2.000,00;D;;Sim;
2/3;30.01.2019;;002-Cheque;;12162;;;851592;1.900,00;D;0,00 C;Sim;
2/3;31.01.2019;;870-Transferência recebida;;99015;;;551765000008004;3.167,50;C;;Nao;
2/3;31.01.2019;;002-Cheque;;19640;;;851594;3.167,50;D;;Sim;
2/3;31.01.2019;;102-Cheque Compensado;;13079;341;1981;851589;92,00;D;;Sim;
1/3;31.10.2018;;Saldo anterior;;;;;;;;0,00 C;Nao;
1/3;01.11.2018;;275-Tarifa Devolução de Cheque;;13113;;;813050700047246;32,63;D;;Sim;
1/3;01.11.2018;;855-BB CP Administrat Supremo;;;;;070;32,63;C;0,00 C;Nao;
1/3;06.11.2018;;870-Transferência recebida;;99015;;;551765000003519;7.800,00;C;;Nao;
1/3;06.11.2018;;275-Tarifa Devolução de Cheque;;13113;;;823100902863889;31,37;D;;Sim;
1/3;06.11.2018;;102-Cheque Compensado;;13079;1;1981;851533;7.494,36;D;;Sim;
1/3;06.11.2018;;345-BB CP Administrat Supremo;;;;;070;274,27;D;0,00 C;Nao;
1/3;08.11.2018;;870-Transferência recebida;;99015;;;551765000003519;1.400,00;C;;Nao;
1/3;08.11.2018;;002-Cheque;;19640;;;851540;700,00;D;;Sim;
1/3;08.11.2018;;345-BB CP Administrat Supremo;;;;;070;700,00;D;0,00 C;Nao;
1/3;09.11.2018;;870-Transferência recebida;;99015;;;551765000009911;2.500,00;C;;Nao;
1/3;09.11.2018;;002-Cheque;;19640;;;851539;700,00;D;;Sim;
1/3;09.11.2018;;002-Cheque;;12162;;;851541;2.500,00;D;;Sim;
1/3;09.11.2018;;170-Tarifa Reativação Fornec C;;13113;;;863131200102960;10,15;D;;Nao;
1/3;09.11.2018;;855-BB CP Administrat Supremo;;;;;070;710,15;C;0,00 C;Nao;
1/3;12.11.2018;;870-Transferência recebida;;99015;;;551765000003519;815,00;C;;Nao;
1/3;12.11.2018;;976-TED-Crédito em Conta;;14175;;;33500191;1.480,00;C;;Nao;
1/3;12.11.2018;;345-BB CP Administrat Supremo;;;;;070;2.295,00;D;0,00 C;Nao;
1/3;13.11.2018;;870-Transferência recebida;;99015;;;551765000003519;3.700,00;C;;Nao;
1/3;13.11.2018;;870-Transferência recebida;;99015;;;551765000018525;2.500,00;C;;Nao;
1/3;13.11.2018;;002-Cheque;;19640;;;851543;3.000,00;D;;Sim;
1/3;13.11.2018;;002-Cheque;;19640;;;851544;2.500,00;D;;Sim;
1/3;13.11.2018;;002-Cheque;;12162;;;851545;2.300,00;D;;Sim;
1/3;13.11.2018;;102-Cheque Compensado;;13079;341;1981;851546;800,00;D;;Sim;
1/3;13.11.2018;;855-BB CP Administrat Supremo;;;;;070;2.400,00;C;0,00 C;Nao;
1/3;14.11.2018;;870-Transferência recebida;;99015;;;551765000003519;5.531,04;C;;Nao;
1/3;14.11.2018;;002-Cheque;;12162;;;851550;3.291,04;D;;Sim;
1/3;14.11.2018;;102-Cheque Compensado;;13079;1;1981;851538;8.129,63;D;;Sim;
1/3;14.11.2018;;102-Cheque Compensado;;13079;756;1981;851548;200,00;D;;Sim;
1/3;14.11.2018;;855-BB CP Administrat Supremo;;;;;070;159,49;C;;Nao;
1/3;14.11.2018;;603-Cheque Devolvido sem Fundo;;14079;;;851538;8.129,63;C;;Sim;
1/3;14.11.2018;;248-Estorno Resgate Automático;;;;;070;159,49;D;;Nao;
1/3;14.11.2018;;345-BB CP Administrat Supremo;;;;;070;2.040,00;D;0,00 C;Nao;
2/3;16.11.2018;;202-Taxa BACEN Devolução Docum;;13113;;;851538;0,35;D;;Nao;
2/3;16.11.2018;;102-Cheque Compensado;;13079;1;1981;851551;6.000,00;D;;Sim;
2/3;16.11.2018;;855-BB CP Administrat Supremo;;;;;070;2.199,49;C;;Nao;
2/3;16.11.2018;;603-Cheque Devolvido sem Fundo;;14079;;;851551;6.000,00;C;;Sim;
2/3;16.11.2018;;248-Estorno Resgate Automático;;;;;070;2.199,49;D;;Nao;
2/3;16.11.2018;;855-BB CP Administrat Supremo;;;;;070;1,00;C;;Nao;
2/3;16.11.2018;;345-BB CP Administrat Supremo;;;;;070;0,65;D;0,00 C;Nao;
2/3;19.11.2018;;870-Transferência recebida;;99015;;;551765000003519;11.000,00;C;;Nao;
2/3;19.11.2018;;870-Transferência recebida;;99015;;;551765000003519;4.769,63;C;;Nao;
2/3;19.11.2018;;202-Taxa BACEN Devolução Docum;;13113;;;851551;0,35;D;;Nao;
2/3;19.11.2018;;275-Tarifa Devolução de Cheque;;13113;;;843230700057817;64,00;D;;Sim;
2/3;19.11.2018;;102-Cheque Compensado;;13079;1;1981;851538;8.129,63;D;;Sim;
2/3;19.11.2018;;102-Cheque Compensado;;13079;341;1981;851542;700,00;D;;Sim;
2/3;19.11.2018;;345-BB CP Administrat Supremo;;;;;070;6.875,65;D;0,00 C;Nao;
2/3;20.11.2018;;870-Transferência recebida;;99015;;;551765000003519;1.690,00;C;;Nao;
2/3;20.11.2018;;870-Transferência recebida;;99015;;;551765000003519;1.000,00;C;;Nao;
2/3;20.11.2018;;002-Cheque;;19222;;;851547;4.500,00;D;;Sim;
2/3;20.11.2018;;002-Cheque;;19640;;;851552;6.000,57;D;;Sim;
2/3;20.11.2018;;002-Cheque;;12162;;;851553;1.190,00;D;;Sim;
2/3;20.11.2018;;275-Tarifa Devolução de Cheque;;13113;;;813240700058219;64,00;D;;Sim;
2/3;20.11.2018;;102-Cheque Compensado;;13079;1;1981;851551;6.000,00;D;;Sim;
2/3;20.11.2018;;855-BB CP Administrat Supremo;;;;;070;9.075,95;C;;Nao;
2/3;20.11.2018;;603-Cheque Devolvido sem Fundo;;14079;;;851551;6.000,00;C;;Sim;
2/3;20.11.2018;;248-Estorno Resgate Automático;;;;;070;9.075,95;D;;Nao;
2/3;20.11.2018;;855-BB CP Administrat Supremo;;;;;070;9.064,57;C;0,00 C;Nao;
2/3;21.11.2018;;870-Transferência recebida;;99015;;;551765000003519;3.000,00;C;;Nao;
2/3;21.11.2018;;870-Transferência recebida;;99015;;;551765000008004;3.000,00;C;;Nao;
2/3;21.11.2018;;202-Taxa BACEN Devolução Docum;;13113;;;851551;0,35;D;;Nao;
2/3;21.11.2018;;102-Cheque Compensado;;13079;341;1981;851549;940,00;D;;Sim;
2/3;21.11.2018;;345-BB CP Administrat Supremo;;;;;070;5.059,65;D;0,00 C;Nao;
2/3;22.11.2018;;002-Cheque;;12162;;;851556;1.631,07;D;;Sim;
2/3;22.11.2018;;002-Cheque;;19640;;;851558;1.200,00;D;;Sim;
2/3;22.11.2018;;275-Tarifa Devolução de Cheque;;13113;;;813260700050225;64,00;D;;Sim;
2/3;22.11.2018;;102-Cheque Compensado;;13079;1;1981;851554;500,00;D;;Sim;
2/3;22.11.2018;;855-BB CP Administrat Supremo;;;;;070;3.395,07;C;0,00 C;Nao;
2/3;23.11.2018;;870-Transferência recebida;;99015;;;551765000003519;2.000,00;C;;Nao;
1/2;29.11.2018;;Saldo anterior;;;;;;;;0,00 C;Nao;
1/2;04.12.2018;;870-Transferência recebida;;99015;;;551765000003519;5.000,00;C;;Nao;
1/2;04.12.2018;;870-Transferência recebida;;99015;;;551765000003519;1.500,00;C;;Nao;
1/2;04.12.2018;;002-Cheque;;12162;;;851566;1.500,00;D;;Sim;
1/2;04.12.2018;;002-Cheque;;12162;;;851570;3.280,00;D;;Sim;
1/2;04.12.2018;;345-BB CP Administrat Supremo;;;;;070;1.720,00;D;0,00 C;Nao;
1/2;05.12.2018;;976-TED-Crédito em Conta;;14175;;;4280408;8.871,18;C;;Nao;
1/2;05.12.2018;;002-Cheque;;12162;;;851568;4.100,00;D;;Sim;
1/2;05.12.2018;;102-Cheque Compensado;;13079;1;1981;851567;4.600,00;D;;Sim;
1/2;05.12.2018;;345-BB CP Administrat Supremo;;;;;070;171,18;D;0,00 C;Nao;
1/2;06.12.2018;;870-Transferência recebida;;99015;;;551765000003519;1.200,00;C;;Nao;
1/2;06.12.2018;;002-Cheque;;12162;;;851573;1.200,00;D;0,00 C;Sim;
1/2;07.12.2018;;976-TED-Crédito em Conta;;14175;;;3456162;7.100,00;C;;Nao;
1/2;07.12.2018;;002-Cheque;;19640;;;851565;2.000,00;D;;Sim;
1/2;07.12.2018;;002-Cheque;;12162;;;851571;4.503,00;D;;Sim;
1/2;07.12.2018;;002-Cheque;;19640;;;851572;2.500,00;D;;Sim;
1/2;07.12.2018;;855-BB CP Administrat Supremo;;;;;070;1.903,00;C;0,00 C;Nao;
1/2;10.12.2018;;870-Transferência recebida;;99015;;;551765000003519;2.700,00;C;;Nao;
1/2;10.12.2018;;870-Transferência recebida;;99015;;;551765000012211;2.500,00;C;;Nao;
1/2;10.12.2018;;002-Cheque;;19222;;;851575;2.500,00;D;;Sim;
1/2;10.12.2018;;002-Cheque;;19222;;;851576;2.680,00;D;;Sim;
1/2;10.12.2018;;345-BB CP Administrat Supremo;;;;;070;20,00;D;0,00 C;Nao;
1/2;11.12.2018;;870-Transferência recebida;;99015;;;551765000003519;3.000,00;C;;Nao;
1/2;11.12.2018;;002-Cheque;;19640;;;851574;3.000,00;D;0,00 C;Sim;
1/2;12.12.2018;;870-Transferência recebida;;99015;;;551765000003519;4.500,00;C;;Nao;
1/2;12.12.2018;;102-Cheque Compensado;;13079;756;1981;851577;4.311,56;D;;Sim;
1/2;12.12.2018;;345-BB CP Administrat Supremo;;;;;070;188,44;D;0,00 C;Nao;
1/2;13.12.2018;;870-Transferência recebida;;99015;;;551765000003519;1.190,00;C;;Nao;
1/2;13.12.2018;;002-Cheque;;12162;;;851579;1.190,00;D;0,00 C;Sim;
1/2;14.12.2018;;002-Cheque;;12162;;;851578;300,00;D;;Sim;
1/2;14.12.2018;;855-BB CP Administrat Supremo;;;;;070;300,00;C;0,00 C;Nao;
1/2;18.12.2018;;102-Cheque Compensado;;13079;1;1981;851580;1.300,00;D;;Sim;
1/2;18.12.2018;;855-BB CP Administrat Supremo;;;;;070;105,44;C;;Nao;
1/3;28.09.2018;;Saldo anterior;;;;;;;;0,00 C;Nao;
1/3;01.10.2018;;870-Transferência recebida;;99015;;;551765000007852;5.848,76;C;;Nao;
1/3;01.10.2018;;102-Cheque Compensado;;13079;1;1981;851513;3.376,00;D;;Sim;
1/3;01.10.2018;;102-Cheque Compensado;;13079;756;1981;851514;1.800,00;D;;Sim;
1/3;01.10.2018;;345-BB CP Administrat Supremo;;;;;070;672,76;D;0,00 C;Nao;
1/3;02.10.2018;;102-Cheque Compensado;;13079;1;1981;851509;76,00;D;;Sim;
1/3;02.10.2018;;855-BB CP Administrat Supremo;;;;;070;76,00;C;0,00 C;Nao;
1/3;03.10.2018;;870-Transferência recebida;;99015;;;551765000007325;1.000,00;C;;Nao;
1/3;03.10.2018;;870-Transferência recebida;;99015;;;551765000018525;3.000,00;C;;Nao;
1/3;03.10.2018;;345-BB CP Administrat Supremo;;;;;070;4.000,00;D;0,00 C;Nao;
1/3;04.10.2018;;870-Transferência recebida;;99015;;;551765000007327;3.000,00;C;;Nao;
1/3;04.10.2018;;870-Transferência recebida;;99015;;;551765000007852;500,00;C;;Nao;
1/3;04.10.2018;;002-Cheque;;12162;;;851516;4.000,00;D;;Sim;
1/3;04.10.2018;;855-BB CP Administrat Supremo;;;;;070;500,00;C;0,00 C;Nao;
1/3;05.10.2018;;870-Transferência recebida;;99015;;;551765000007325;900,00;C;;Nao;
1/3;05.10.2018;;870-Transferência recebida;;99015;;;551765000007326;2.800,00;C;;Nao;
1/3;05.10.2018;;002-Cheque;;19640;;;851517;3.980,45;D;;Sim;
1/3;05.10.2018;;002-Cheque;;12162;;;851518;3.500,00;D;;Sim;
1/3;05.10.2018;;855-BB CP Administrat Supremo;;;;;070;3.780,45;C;0,00 C;Nao;
1/3;08.10.2018;;976-TED-Crédito em Conta;;14175;;;3048729;4.000,00;C;;Nao;
1/3;08.10.2018;;002-Cheque;;19640;;;851515;280,00;D;;Sim;
1/3;08.10.2018;;002-Cheque;;12162;;;851519;4.000,00;D;;Sim;
1/3;08.10.2018;;855-BB CP Administrat Supremo;;;;;070;280,00;C;0,00 C;Nao;
1/3;10.10.2018;;976-TED-Crédito em Conta;;14175;;;9078081;3.000,00;C;;Nao;
1/3;10.10.2018;;976-TED-Crédito em Conta;;14175;;;9088848;3.300,00;C;;Nao;
1/3;10.10.2018;;976-TED-Crédito em Conta;;14175;;;9099926;500,00;C;;Nao;
1/3;10.10.2018;;002-Cheque;;12162;;;851520;6.800,00;D;0,00 C;Sim;
1/3;17.10.2018;;102-Cheque Compensado;;13079;104;1981;851521;500,00;D;;Sim;
1/3;17.10.2018;;855-BB CP Administrat Supremo;;;;;070;367,36;C;;Nao;
1/3;17.10.2018;;603-Cheque Devolvido sem Fundo;;14079;;;851521;500,00;C;;Sim;
1/3;17.10.2018;;248-Estorno Resgate Automático;;;;;070;367,36;D;0,00 C;Nao;
1/3;18.10.2018;;870-Transferência recebida;;99015;;;551765000003519;4.480,00;C;;Nao;
1/3;18.10.2018;;870-Transferência recebida;;99015;;;551765000008004;3.000,00;C;;Nao;
2/3;18.10.2018;;002-Cheque;;19640;;;851522;2.500,00;D;;Sim;
2/3;18.10.2018;;002-Cheque;;19222;;;851523;4.480,00;D;;Sim;
2/3;18.10.2018;;202-Taxa BACEN Devolução Docum;;13113;;;851521;0,35;D;;Nao;
2/3;18.10.2018;;345-BB CP Administrat Supremo;;;;;070;499,65;D;0,00 C;Nao;
2/3;19.10.2018;;870-Transferência recebida;;99015;;;551765000003519;650,00;C;;Nao;
2/3;19.10.2018;;976-TED-Crédito em Conta;;14175;;;9419435;200,00;C;;Nao;
2/3;19.10.2018;;002-Cheque;;19640;;;851525;450,00;D;;Sim;
2/3;19.10.2018;;275-Tarifa Devolução de Cheque;;13113;;;852920700035344;64,00;D;;Sim;
2/3;19.10.2018;;345-BB CP Administrat Supremo;;;;;070;336,00;D;0,00 C;Nao;
2/3;22.10.2018;;102-Cheque Compensado;;13079;104;1981;851521;500,00;D;;Sim;
2/3;22.10.2018;;102-Cheque Compensado;;13079;756;1981;851526;3.863,92;D;;Sim;
2/3;22.10.2018;;102-Cheque Compensado;;13079;756;1981;851527;500,00;D;;Sim;
2/3;22.10.2018;;855-BB CP Administrat Supremo;;;;;070;1.203,22;C;;Nao;
2/3;22.10.2018;;603-Cheque Devolvido sem Fundo;;14079;;;851526;3.863,92;C;;Sim;
2/3;22.10.2018;;248-Estorno Resgate Automático;;;;;070;1.203,22;D;;Nao;
2/3;22.10.2018;;855-BB CP Administrat Supremo;;;;;070;1.000,00;C;0,00 C;Nao;
2/3;23.10.2018;;870-Transferência recebida;;99015;;;551765000008004;4.000,00;C;;Nao;
2/3;23.10.2018;;870-Transferência recebida;;99015;;;551765000015661;3.213,92;C;;Nao;
2/3;23.10.2018;;202-Taxa BACEN Devolução Docum;;13113;;;851526;0,35;D;;Nao;
2/3;23.10.2018;;102-Cheque Compensado;;13079;1;1981;851528;2.000,00;D;;Sim;
2/3;23.10.2018;;345-BB CP Administrat Supremo;;;;;070;5.213,57;D;0,00 C;Nao;
2/3;24.10.2018;;275-Tarifa Devolução de Cheque;;13113;;;812970700044333;64,00;D;;Sim;
2/3;24.10.2018;;102-Cheque Compensado;;13079;756;1981;851526;3.863,92;D;;Sim;
2/3;24.10.2018;;855-BB CP Administrat Supremo;;;;;070;3.927,92;C;0,00 C;Nao;
2/3;25.10.2018;;002-Cheque;;19640;;;851524;400,00;D;;Sim;
2/3;25.10.2018;;002-Cheque;;19640;;;851530;160,09;D;;Sim;
2/3;25.10.2018;;855-BB CP Administrat Supremo;;;;;070;560,09;C;0,00 C;Nao;
2/3;29.10.2018;;870-Transferência recebida;;99015;;;551765000003519;1.600,00;C;;Nao;
2/3;29.10.2018;;870-Transferência recebida;;99015;;;551765000010822;1.500,00;C;;Nao;
2/3;29.10.2018;;102-Cheque Compensado;;13079;756;1981;851531;270,47;D;;Sim;
2/3;29.10.2018;;102-Cheque Compensado;;13079;756;1981;851534;184,17;D;;Sim;
2/3;29.10.2018;;345-BB CP Administrat Supremo;;;;;070;2.645,36;D;0,00 C;Nao;
2/3;30.10.2018;;870-Transferência recebida;;99015;;;551765000003519;345,00;C;;Nao;
2/3;30.10.2018;;002-Cheque;;12162;;;851529;39,39;D;;Sim;
2/3;30.10.2018;;002-Cheque;;12162;;;851535;2.000,00;D;;Sim;
2/3;30.10.2018;;102-Cheque Compensado;;13079;1;1981;851533;7.494,36;D;;Sim;
1/1;28.08.2018;;Saldo anterior;;;;;;;;0,00 C;Nao;
1/1;05.09.2018;;870-Transferência recebida;;99015;;;551765000012211;2.500,00;C;;Nao;
1/1;05.09.2018;;870-Transferência recebida;;99015;;;551765000012211;700,00;C;;Nao;
1/1;05.09.2018;;002-Cheque;;12162;;;851500;700,00;D;;Sim;
1/1;05.09.2018;;102-Cheque Compensado;;13079;1;1981;851498;2.000,00;D;;Sim;
1/1;05.09.2018;;102-Cheque Compensado;;13079;756;1981;851499;500,00;D;0,00 C;Sim;
1/1;24.09.2018;;870-Transferência recebida;;99015;;;551765000014677;3.000,00;C;;Nao;
1/1;24.09.2018;;976-TED-Crédito em Conta;;14175;;;4509170;1.000,00;C;;Nao;
1/1;24.09.2018;;102-Cheque Compensado;;13079;237;1981;851502;790,00;D;;Sim;
1/1;24.09.2018;;102-Cheque Compensado;;13079;756;1981;851503;500,00;D;;Sim;
1/1;24.09.2018;;345-BB CP Administrat Supremo;;;;;070;2.710,00;D;0,00 C;Nao;
1/1;25.09.2018;;870-Transferência recebida;;99015;;;551765000014677;300,00;C;;Nao;
1/1;25.09.2018;;870-Transferência recebida;;99015;;;551765000014677;1.500,00;C;;Nao;
1/1;25.09.2018;;002-Cheque;;12162;;;851501;3.000,00;D;;Sim;
1/1;25.09.2018;;855-BB CP Administrat Supremo;;;;;070;1.200,00;C;0,00 C;Nao;
1/1;26.09.2018;;870-Transferência recebida;;99015;;;551765000014677;4.000,00;C;;Nao;
1/1;26.09.2018;;002-Cheque;;19640;;;851505;910,00;D;;Sim;
1/1;26.09.2018;;345-BB CP Administrat Supremo;;;;;070;3.090,00;D;0,00 C;Nao;
1/1;27.09.2018;;002-Cheque;;12162;;;851508;1.400,00;D;;Sim;
1/1;27.09.2018;;855-BB CP Administrat Supremo;;;;;070;1.400,00;C;0,00 C;Nao;
1/1;28.09.2018;;103-Cheque Pago em Outra Agênc;;15037;;4742;851506;500,00;D;;Sim;
1/1;28.09.2018;;102-Cheque Compensado;;13079;1;1981;851507;2.000,00;D;;Sim;
1/1;28.09.2018;;102-Cheque Compensado;;13079;756;1981;851511;600,00;D;;Sim;
1/1;28.09.2018;;855-BB CP Administrat Supremo;;;;;070;3.100,00;C;0,00 C;Nao;
1/2;31.07.2018;;Saldo anterior;;;;;;;;0,00 C;Nao;
1/2;01.08.2018;;102-Cheque Compensado;;13079;756;1981;851478;175,00;D;;Sim;
1/2;01.08.2018;;855-BB CP Administrat Supremo;;;;;070;175,00;C;0,00 C;Nao;
1/2;02.08.2018;;870-Transferência recebida;;99015;;;551765000014677;3.800,00;C;;Nao;
1/2;02.08.2018;;002-Cheque;;12162;;;851479;3.800,00;D;0,00 C;Sim;
1/2;03.08.2018;;870-Transferência recebida;;99015;;;551765000003519;2.200,00;C;;Nao;
1/2;03.08.2018;;002-Cheque;;12162;;;851480;2.200,00;D;0,00 C;Sim;
1/2;06.08.2018;;870-Transferência recebida;;99015;;;551765000003519;1.000,00;C;;Nao;
1/2;06.08.2018;;002-Cheque;;19640;;;851483;1.000,00;D;0,00 C;Sim;
1/2;07.08.2018;;102-Cheque Compensado;;13079;237;1981;851477;500,00;D;;Sim;
1/2;07.08.2018;;855-BB CP Administrat Supremo;;;;;070;500,00;C;0,00 C;Nao;
1/2;08.08.2018;;870-Transferência recebida;;99015;;;551765000014677;3.430,94;C;;Nao;
1/2;08.08.2018;;976-TED-Crédito em Conta;;14175;;;6689913;4.300,00;C;;Nao;
1/2;08.08.2018;;002-Cheque;;12162;;;851481;4.300,00;D;;Sim;
1/2;08.08.2018;;102-Cheque Compensado;;13079;756;1981;851484;3.430,94;D;0,00 C;Sim;
1/2;09.08.2018;;870-Transferência recebida;;99015;;;551765000003519;1.400,00;C;;Nao;
1/2;09.08.2018;;102-Cheque Compensado;;13079;756;1981;851485;500,00;D;;Sim;
1/2;09.08.2018;;345-BB CP Administrat Supremo;;;;;070;900,00;D;0,00 C;Nao;
1/2;10.08.2018;;870-Transferência recebida;;99015;;;551765000010050;3.500,00;C;;Nao;
1/2;10.08.2018;;002-Cheque;;12162;;;851486;900,00;D;;Sim;
1/2;10.08.2018;;002-Cheque;;12162;;;851488;2.500,00;D;;Sim;
1/2;10.08.2018;;102-Cheque Compensado;;13079;756;1981;851487;1.000,00;D;;Sim;
1/2;10.08.2018;;855-BB CP Administrat Supremo;;;;;070;900,00;C;0,00 C;Nao;
1/2;13.08.2018;;976-TED-Crédito em Conta;;14175;;;6932009;4.300,00;C;;Nao;
1/2;13.08.2018;;002-Cheque;;19640;;;851482;4.300,00;D;0,00 C;Sim;
1/2;16.08.2018;;870-Transferência recebida;;99015;;;551765000014677;3.000,00;C;;Nao;
1/2;16.08.2018;;002-Cheque;;12162;;;851489;3.000,00;D;0,00 C;Sim;
1/2;17.08.2018;;870-Transferência recebida;;99015;;;551765000003519;1.500,00;C;;Nao;
1/2;17.08.2018;;002-Cheque;;12162;;;851490;1.500,00;D;0,00 C;Sim;
1/2;20.08.2018;;870-Transferência recebida;;99015;;;551765000008004;2.300,00;C;;Nao;
1/2;20.08.2018;;345-BB CP Administrat Supremo;;;;;070;2.300,00;D;0,00 C;Nao;
1/2;21.08.2018;;870-Transferência recebida;;99015;;;551765000003519;660,00;C;;Nao;
1/2;21.08.2018;;870-Transferência recebida;;99015;;;551765000018525;3.000,00;C;;Nao;
1/2;29.06.2018;;Saldo anterior;;;;;;;;0,00 C;Nao;
1/2;03.07.2018;;870-Transferência recebida;;99015;;;551765000014677;3.000,00;C;;Nao;
1/2;03.07.2018;;002-Cheque;;12162;;;851451;3.000,00;D;0,00 C;Sim;
1/2;04.07.2018;;870-Transferência recebida;;99015;;;551765000003519;1.500,00;C;;Nao;
1/2;04.07.2018;;870-Transferência recebida;;99015;;;551765000018026;2.887,28;C;;Nao;
1/2;04.07.2018;;002-Cheque;;12162;;;851460;2.880,57;D;;Sim;
1/2;04.07.2018;;102-Cheque Compensado;;13079;756;1981;851458;660,00;D;;Sim;
1/2;04.07.2018;;345-BB CP Administrat Supremo;;;;;070;846,71;D;0,00 C;Nao;
1/2;06.07.2018;;002-Cheque;;19640;;;851455;500,00;D;;Sim;
1/2;06.07.2018;;102-Cheque Compensado;;13079;104;1981;851459;300,00;D;;Sim;
1/2;06.07.2018;;855-BB CP Administrat Supremo;;;;;070;800,00;C;0,00 C;Nao;
1/2;12.07.2018;;870-Transferência recebida;;99015;;;551765000003519;1.330,00;C;;Nao;
1/2;12.07.2018;;002-Cheque;;19640;;;851461;1.330,00;D;0,00 C;Sim;
1/2;13.07.2018;;870-Transferência recebida;;99015;;;551765000003519;6.000,00;C;;Nao;
1/2;13.07.2018;;345-BB CP Administrat Supremo;;;;;070;6.000,00;D;0,00 C;Nao;
1/2;19.07.2018;;002-Cheque;;19640;;;851463;1.880,00;D;;Sim;
1/2;19.07.2018;;002-Cheque;;19640;;;851464;2.850,93;D;;Sim;
1/2;19.07.2018;;855-BB CP Administrat Supremo;;;;;070;4.730,93;C;0,00 C;Nao;
1/2;20.07.2018;;870-Transferência recebida;;99015;;;551765000014677;4.700,00;C;;Nao;
1/2;20.07.2018;;870-Transferência recebida;;99015;;;551765000018026;3.700,00;C;;Nao;
1/2;20.07.2018;;002-Cheque;;19640;;;851462;3.000,00;D;;Sim;
1/2;20.07.2018;;002-Cheque;;19640;;;851465;800,00;D;;Sim;
1/2;20.07.2018;;002-Cheque;;19640;;;851467;1.000,00;D;;Sim;
1/2;20.07.2018;;002-Cheque;;19222;;;851468;2.000,00;D;;Sim;
1/2;20.07.2018;;102-Cheque Compensado;;13079;104;1981;851469;1.700,00;D;;Sim;
1/2;20.07.2018;;855-BB CP Administrat Supremo;;;;;070;100,00;C;0,00 C;Nao;
1/2;24.07.2018;;102-Cheque Compensado;;13079;756;1981;851466;309,75;D;;Sim;
1/2;24.07.2018;;855-BB CP Administrat Supremo;;;;;070;309,75;C;0,00 C;Nao;
1/2;25.07.2018;;870-Transferência recebida;;99015;;;551765000014677;3.200,00;C;;Nao;
1/2;25.07.2018;;002-Cheque;;19640;;;851472;2.500,00;D;;Sim;
1/2;25.07.2018;;345-BB CP Administrat Supremo;;;;;070;700,00;D;0,00 C;Nao;
1/2;27.07.2018;;870-Transferência recebida;;99015;;;551765000007325;1.400,00;C;;Nao;
1/2;27.07.2018;;870-Transferência recebida;;99015;;;551765000014677;2.500,00;C;;Nao;
1/3;30.05.2018;;Saldo anterior;;;;;;;;0,00 C;Nao;
1/3;01.06.2018;;102-Cheque Compensado;;13079;341;1981;141034;50,00;D;;Sim;
1/3;01.06.2018;;102-Cheque Compensado;;13079;104;1981;141041;210,00;D;;Sim;
1/3;01.06.2018;;855-BB CP Administrat Supremo;;;;;070;260,00;C;0,00 C;Nao;
1/3;04.06.2018;;102-Cheque Compensado;;13079;237;1981;141042;210,00;D;;Sim;
1/3;04.06.2018;;102-Cheque Compensado;;13079;1;1981;141044;210,00;D;;Sim;
1/3;04.06.2018;;102-Cheque Compensado;;13079;1;1981;141046;630,00;D;;Sim;
1/3;04.06.2018;;855-BB CP Administrat Supremo;;;;;070;1.050,00;C;0,00 C;Nao;
1/3;05.06.2018;;870-Transferência recebida;;99015;;;551765000008004;3.000,00;C;;Nao;
1/3;05.06.2018;;002-Cheque;;12162;;;141048;3.000,00;D;;Sim;
1/3;05.06.2018;;102-Cheque Compensado;;13079;1;1981;141036;30,00;D;;Sim;
1/3;05.06.2018;;102-Cheque Compensado;;13079;756;1981;141037;36,70;D;;Sim;
1/3;05.06.2018;;102-Cheque Compensado;;13079;756;1981;141043;210,00;D;;Sim;
1/3;05.06.2018;;855-BB CP Administrat Supremo;;;;;070;276,70;C;0,00 C;Nao;
1/3;06.06.2018;;870-Transferência recebida;;99015;;;551765000014677;4.700,00;C;;Nao;
1/3;06.06.2018;;345-BB CP Administrat Supremo;;;;;070;4.700,00;D;0,00 C;Nao;
1/3;07.06.2018;;870-Transferência recebida;;99015;;;551765000007325;2.000,00;C;;Nao;
1/3;07.06.2018;;002-Cheque;;12162;;;141049;800,00;D;;Sim;
1/3;07.06.2018;;002-Cheque;;12162;;;141050;3.900,00;D;;Sim;
1/3;07.06.2018;;102-Cheque Compensado;;13079;1;1981;141051;2.000,00;D;;Sim;
1/3;07.06.2018;;855-BB CP Administrat Supremo;;;;;070;4.700,00;C;0,00 C;Nao;
1/3;11.06.2018;;870-Transferência recebida;;99015;;;551765000003519;1.800,00;C;;Nao;
1/3;11.06.2018;;002-Cheque;;19640;;;141032;35,00;D;;Sim;
1/3;11.06.2018;;002-Cheque;;19222;;;141054;800,00;D;;Sim;
1/3;11.06.2018;;002-Cheque;;19222;;;141055;1.000,00;D;;Sim;
1/3;11.06.2018;;102-Cheque Compensado;;13079;237;1981;141029;50,70;D;;Sim;
1/3;11.06.2018;;855-BB CP Administrat Supremo;;;;;070;85,70;C;0,00 C;Nao;
1/3;12.06.2018;;870-Transferência recebida;;99015;;;551765000008004;3.000,00;C;;Nao;
1/3;12.06.2018;;002-Cheque;;19222;;;851428;41,05;D;;Sim;
1/3;12.06.2018;;102-Cheque Compensado;;13079;1;1981;141056;2.000,00;D;;Sim;
1/3;12.06.2018;;345-BB CP Administrat Supremo;;;;;070;958,95;D;0,00 C;Nao;
1/3;13.06.2018;;102-Cheque Compensado;;13079;756;1981;141028;70,04;D;;Sim;
1/3;13.06.2018;;102-Cheque Compensado;;13079;1;1981;141033;49,00;D;;Sim;
2/3;13.06.2018;;102-Cheque Compensado;;13079;756;1981;141058;200,00;D;;Sim;
2/3;13.06.2018;;855-BB CP Administrat Supremo;;;;;070;319,04;C;0,00 C;Nao;
2/3;14.06.2018;;870-Transferência recebida;;99015;;;551765000003519;3.345,49;C;;Nao;
2/3;14.06.2018;;002-Cheque;;19640;;;141060;3.345,49;D;;Sim;
2/3;14.06.2018;;102-Cheque Compensado;;13079;341;1981;141053;680,00;D;;Sim;
2/3;14.06.2018;;855-BB CP Administrat Supremo;;;;;070;680,00;C;0,00 C;Nao;
2/3;15.06.2018;;870-Transferência recebida;;99015;;;551765000014677;3.000,00;C;;Nao;
2/3;15.06.2018;;002-Cheque;;19222;;;141059;3.000,00;D;0,00 C;Sim;
2/3;18.06.2018;;002-Cheque;;19222;;;141027;76,68;D;;Sim;
2/3;18.06.2018;;102-Cheque Compensado;;13079;104;1981;141030;148,10;D;;Sim;
2/3;18.06.2018;;102-Cheque Compensado;;13079;756;1981;851441;1.900,00;D;;Sim;
2/3;18.06.2018;;855-BB CP Administrat Supremo;;;;;070;497,18;C;;Nao;
2/3;18.06.2018;;603-Cheque Devolvido sem Fundo;;14079;;;851441;1.900,00;C;;Sim;
2/3;18.06.2018;;248-Estorno Resgate Automático;;;;;070;497,18;D;;Nao;
2/3;18.06.2018;;855-BB CP Administrat Supremo;;;;;070;224,78;C;0,00 C;Nao;
2/3;19.06.2018;;502-Depósito em Dinheiro;;19222;;;17651922200257;399,00;C;;Nao;
2/3;19.06.2018;;870-Transferência recebida;;99015;;;551765000003519;3.000,00;C;;Nao;
2/3;19.06.2018;;202-Taxa BACEN Devolução Docum;;13113;;;851441;0,35;D;;Nao;
2/3;19.06.2018;;345-BB CP Administrat Supremo;;;;;070;3.398,65;D;0,00 C;Nao;
2/3;20.06.2018;;275-Tarifa Devolução de Cheque;;13113;;;811710700045278;55,50;D;;Sim;
2/3;20.06.2018;;102-Cheque Compensado;;13079;756;1981;851441;1.900,00;D;;Sim;
2/3;20.06.2018;;855-BB CP Administrat Supremo;;;;;070;1.955,50;C;0,00 C;Nao;
2/3;21.06.2018;;870-Transferência recebida;;99015;;;551765000003519;800,00;C;;Nao;
2/3;21.06.2018;;002-Cheque;;19222;;;851445;800,00;D;;Sim;
2/3;21.06.2018;;102-Cheque Compensado;;13079;341;1981;851442;500,00;D;;Sim;
2/3;21.06.2018;;855-BB CP Administrat Supremo;;;;;070;500,00;C;0,00 C;Nao;
2/3;22.06.2018;;870-Transferência recebida;;99015;;;551765000003519;5.462,37;C;;Nao;
2/3;22.06.2018;;002-Cheque;;12162;;;141035;31,70;D;;Sim;
2/3;22.06.2018;;002-Cheque;;19640;;;851444;2.000,00;D;;Sim;
2/3;22.06.2018;;002-Cheque;;19640;;;851446;3.462,37;D;;Sim;
2/3;22.06.2018;;855-BB CP Administrat Supremo;;;;;070;31,70;C;0,00 C;Nao;
2/3;25.06.2018;;870-Transferência recebida;;99015;;;551765000003519;1.500,00;C;;Nao;
2/3;25.06.2018;;002-Cheque;;19640;;;851447;1.000,00;D;;Sim;
2/3;25.06.2018;;002-Cheque;;19640;;;851448;1.500,00;D;;Sim;
2/3;25.06.2018;;855-BB CP Administrat Supremo;;;;;070;1.000,00;C;0,00 C;Nao;
2/3;26.06.2018;;870-Transferência recebida;;99015;;;551765000014677;5.800,00;C;;Nao;
1/2;25.04.2018;;Saldo anterior;;;;;;;;0,00 C;Nao;
1/2;02.05.2018;;102-Cheque Compensado;;13079;1;1981;851421;600,00;D;;Sim;
1/2;02.05.2018;;855-BB CP Administrat Supremo;;;;;070;473,68;C;;Nao;
1/2;02.05.2018;;603-Cheque Devolvido sem Fundo;;14079;;;851421;600,00;C;;Sim;
1/2;02.05.2018;;248-Estorno Resgate Automático;;;;;070;473,68;D;0,00 C;Nao;
1/2;03.05.2018;;870-Transferência recebida;;99015;;;551765000003519;150,00;C;;Nao;
1/2;03.05.2018;;202-Taxa BACEN Devolução Docum;;13113;;;851421;0,35;D;;Nao;
1/2;03.05.2018;;345-BB CP Administrat Supremo;;;;;070;149,65;D;0,00 C;Nao;
1/2;04.05.2018;;870-Transferência recebida;;99015;;;551765000003519;1.200,00;C;;Nao;
1/2;04.05.2018;;870-Transferência recebida;;99015;;;551765000003519;145,72;C;;Nao;
1/2;04.05.2018;;002-Cheque;;19640;;;851425;25,00;D;;Sim;
1/2;04.05.2018;;002-Cheque;;12162;;;851427;232,80;D;;Sim;
1/2;04.05.2018;;275-Tarifa Devolução de Cheque;;13113;;;811240700042805;55,50;D;;Sim;
1/2;04.05.2018;;345-BB CP Administrat Supremo;;;;;070;1.032,42;D;0,00 C;Nao;
1/2;07.05.2018;;870-Transferência recebida;;99015;;;551765000003519;3.000,00;C;;Nao;
1/2;07.05.2018;;002-Cheque;;12162;;;851431;59,20;D;;Sim;
1/2;07.05.2018;;002-Cheque;;12162;;;851435;1.200,00;D;;Sim;
1/2;07.05.2018;;345-BB CP Administrat Supremo;;;;;070;1.740,80;D;0,00 C;Nao;
1/2;08.05.2018;;002-Cheque;;19640;;;851437;700,00;D;;Sim;
1/2;08.05.2018;;102-Cheque Compensado;;13079;104;1981;851424;47,55;D;;Sim;
1/2;08.05.2018;;102-Cheque Compensado;;13079;1;1981;851432;102,00;D;;Sim;
1/2;08.05.2018;;102-Cheque Compensado;;13079;341;1981;851433;332,30;D;;Sim;
1/2;08.05.2018;;102-Cheque Compensado;;13079;1;1981;851434;46,00;D;;Sim;
1/2;08.05.2018;;855-BB CP Administrat Supremo;;;;;070;1.227,85;C;0,00 C;Nao;
1/2;10.05.2018;;002-Cheque;;12162;;;851423;156,29;D;;Sim;
1/2;10.05.2018;;002-Cheque;;12162;;;851426;14,99;D;;Sim;
1/2;10.05.2018;;002-Cheque;;12162;;;851429;288,54;D;;Sim;
1/2;10.05.2018;;002-Cheque;;12162;;;851438;700,00;D;;Sim;
1/2;10.05.2018;;855-BB CP Administrat Supremo;;;;;070;1.159,82;C;0,00 C;Nao;
1/2;11.05.2018;;870-Transferência recebida;;99015;;;551765000003519;3.500,00;C;;Nao;
1/2;11.05.2018;;002-Cheque;;19640;;;851439;3.000,00;D;;Sim;
1/2;11.05.2018;;345-BB CP Administrat Supremo;;;;;070;500,00;D;0,00 C;Nao;
1/2;14.05.2018;;870-Transferência recebida;;99015;;;551765000003519;1.900,00;C;;Nao;
2/2;14.05.2018;;102-Cheque Compensado;;13079;237;1981;851440;500,00;D;;Sim;
2/2;14.05.2018;;345-BB CP Administrat Supremo;;;;;070;1.400,00;D;0,00 C;Nao;
2/2;15.05.2018;;002-Cheque;;12162;;;851436;800,00;D;;Sim;
2/2;15.05.2018;;855-BB CP Administrat Supremo;;;;;070;800,00;C;0,00 C;Nao;
2/2;16.05.2018;;870-Transferência recebida;;99015;;;551765000014677;4.000,00;C;;Nao;
2/2;16.05.2018;;002-Cheque;;12162;;;141024;700,00;D;;Sim;
2/2;16.05.2018;;002-Cheque;;19640;;;141025;700,00;D;;Sim;
2/2;16.05.2018;;102-Cheque Compensado;;13079;341;1981;141021;600,00;D;;Sim;
2/2;16.05.2018;;345-BB CP Administrat Supremo;;;;;070;2.000,00;D;0,00 C;Nao;
2/2;17.05.2018;;002-Cheque;;19640;;;141023;3.000,00;D;;Sim;
2/2;17.05.2018;;855-BB CP Administrat Supremo;;;;;070;3.000,00;C;0,00 C;Nao;
2/2;18.05.2018;;102-Cheque Compensado;;13079;756;1981;141022;420,00;D;;Sim;
2/2;18.05.2018;;855-BB CP Administrat Supremo;;;;;070;420,00;C;0,00 C;Nao;
2/2;21.05.2018;;102-Cheque Compensado;;13079;1;1981;851421;600,00;D;;Sim;
2/2;21.05.2018;;855-BB CP Administrat Supremo;;;;;070;600,00;C;0,00 C;Nao;
2/2;24.05.2018;;870-Transferência recebida;;99015;;;551765000003519;2.000,00;C;;Nao;
2/2;24.05.2018;;345-BB CP Administrat Supremo;;;;;070;2.000,00;D;0,00 C;Nao;
2/2;25.05.2018;;870-Transferência recebida;;99015;;;551765000007852;3.730,00;C;;Nao;
2/2;25.05.2018;;002-Cheque;;12162;;;141026;993,20;D;;Sim;
2/2;25.05.2018;;002-Cheque;;19640;;;141038;3.730,00;D;;Sim;
2/2;25.05.2018;;855-BB CP Administrat Supremo;;;;;070;993,20;C;0,00 C;Nao;
2/2;29.05.2018;;870-Transferência recebida;;99015;;;551765000003519;2.000,00;C;;Nao;
2/2;29.05.2018;;002-Cheque;;12162;;;141039;580,00;D;;Sim;
2/2;29.05.2018;;002-Cheque;;19640;;;141040;1.150,00;D;;Sim;
2/2;29.05.2018;;345-BB CP Administrat Supremo;;;;;070;270,00;D;0,00 C;Nao;
2/2;30.05.2018;;870-Transferência recebida;;99015;;;551765000014677;1.050,00;C;;Nao;
2/2;30.05.2018;;002-Cheque;;12162;;;141045;210,00;D;;Sim;
2/2;30.05.2018;;345-BB CP Administrat Supremo;;;;;070;840,00;D;0,00 C;Nao;
3/3;30.10.2018;;102-Cheque Compensado;;13079;756;1981;851536;1.400,00;D;;Sim;
3/3;30.10.2018;;855-BB CP Administrat Supremo;;;;;070;3.575,25;C;;Nao;
3/3;30.10.2018;;603-Cheque Devolvido sem Fundo;;14079;;;851533;7.494,36;C;;Sim;
3/3;30.10.2018;;248-Estorno Resgate Automático;;;;;070;3.575,25;D;;Nao;
3/3;30.10.2018;;855-BB CP Administrat Supremo;;;;;070;3.094,39;C;0,00 C;Nao;
3/3;31.10.2018;;202-Taxa BACEN Devolução Docum;;13113;;;851533;0,35;D;;Nao;
3/3;31.10.2018;;102-Cheque Compensado;;13079;341;1981;851532;102,92;D;;Sim;
3/3;31.10.2018;;102-Cheque Compensado;;13079;341;1981;851537;345,00;D;;Sim;
3/3;31.10.2018;;855-BB CP Administrat Supremo;;;;;070;448,27;C;0,00 C;Nao;
3/3;26.06.2018;;002-Cheque;;12162;;;851453;2.000,00;D;;Sim;
3/3;26.06.2018;;102-Cheque Compensado;;13079;1;1981;851443;40,00;D;;Sim;
3/3;26.06.2018;;102-Cheque Compensado;;13079;756;1981;851449;500,00;D;;Sim;
3/3;26.06.2018;;345-BB CP Administrat Supremo;;;;;070;3.260,00;D;0,00 C;Nao;
3/3;27.06.2018;;870-Transferência recebida;;99015;;;551765000014677;3.000,00;C;;Nao;
3/3;27.06.2018;;002-Cheque;;12162;;;851450;3.000,00;D;;Sim;
3/3;27.06.2018;;002-Cheque;;12162;;;851454;3.000,00;D;;Sim;
3/3;27.06.2018;;855-BB CP Administrat Supremo;;;;;070;3.000,00;C;0,00 C;Nao;
3/3;28.06.2018;;870-Transferência recebida;;99015;;;551765000003519;1.000,00;C;;Nao;
3/3;28.06.2018;;345-BB CP Administrat Supremo;;;;;070;1.000,00;D;0,00 C;Nao;
3/3;29.06.2018;;870-Transferência recebida;;99015;;;551765000014677;1.400,00;C;;Nao;
3/3;29.06.2018;;002-Cheque;;19640;;;851457;1.400,00;D;;Sim;
3/3;29.06.2018;;102-Cheque Compensado;;13079;341;1981;851452;300,00;D;;Sim;
3/3;29.06.2018;;102-Cheque Compensado;;13079;756;1981;851456;500,00;D;;Sim;
3/3;29.06.2018;;855-BB CP Administrat Supremo;;;;;070;800,00;C;0,00 C;Nao;
2/2;27.07.2018;;870-Transferência recebida;;99015;;;551765000018525;3.000,00;C;;Nao;
2/2;27.07.2018;;002-Cheque;;19640;;;851471;800,00;D;;Sim;
2/2;27.07.2018;;002-Cheque;;19640;;;851474;350,00;D;;Sim;
2/2;27.07.2018;;002-Cheque;;19222;;;851475;3.000,00;D;;Sim;
2/2;27.07.2018;;002-Cheque;;19222;;;851476;1.380,00;D;;Sim;
2/2;27.07.2018;;102-Cheque Compensado;;13079;1;1981;851470;1.400,00;D;;Sim;
2/2;27.07.2018;;102-Cheque Compensado;;13079;237;1981;851473;2.193,84;D;;Sim;
2/2;27.07.2018;;855-BB CP Administrat Supremo;;;;;070;2.223,84;C;0,00 C;Nao;
2/2;31.07.2018;;870-Transferência recebida;;99015;;;551765000003519;700,00;C;;Nao;
2/2;31.07.2018;;345-BB CP Administrat Supremo;;;;;070;700,00;D;0,00 C;Nao;
2/2;18.12.2018;;603-Cheque Devolvido sem Fundo;;14079;;;851580;1.300,00;C;;Sim;
2/2;18.12.2018;;248-Estorno Resgate Automático;;;;;070;105,44;D;0,00 C;Nao;
2/2;19.12.2018;;202-Taxa BACEN Devolução Docum;;13113;;;851580;0,35;D;;Nao;
2/2;19.12.2018;;855-BB CP Administrat Supremo;;;;;070;1,00;C;;Nao;
2/2;19.12.2018;;345-BB CP Administrat Supremo;;;;;070;0,65;D;0,00 C;Nao;
2/2;20.12.2018;;275-Tarifa Devolução de Cheque;;13113;;;813540700044228;64,00;D;;Sim;
2/2;20.12.2018;;855-BB CP Administrat Supremo;;;;;070;64,00;C;0,00 C;Nao;
2/2;21.12.2018;;870-Transferência recebida;;99015;;;551765000003519;1.500,00;C;;Nao;
2/2;21.12.2018;;103-Cheque Pago em Outra Agênc;;14053;;2195;851580;1.300,00;D;;Sim;
2/2;21.12.2018;;345-BB CP Administrat Supremo;;;;;070;200,00;D;0,00 C;Nao;
3/3;28.02.2019;;002-Cheque;;19222;;;851648;3.500,00;D;;Sim;
3/3;28.02.2019;;855-BB CP Administrat Supremo;;;;;070;3.500,00;C;0,00 C;Nao;
3/3;23.11.2018;;976-TED-Crédito em Conta;;14175;;;7361520;6.011,16;C;;Nao;
3/3;23.11.2018;;002-Cheque;;12162;;;851557;6.000,00;D;;Sim;
3/3;23.11.2018;;002-Cheque;;12162;;;851562;3.480,00;D;;Sim;
3/3;23.11.2018;;855-BB CP Administrat Supremo;;;;;070;1.468,84;C;0,00 C;Nao;
3/3;26.11.2018;;870-Transferência recebida;;99015;;;551765000007748;3.960,00;C;;Nao;
3/3;26.11.2018;;002-Cheque;;12162;;;851563;1.200,00;D;;Sim;
3/3;26.11.2018;;102-Cheque Compensado;;13079;756;1981;851560;800,00;D;;Sim;
3/3;26.11.2018;;345-BB CP Administrat Supremo;;;;;070;1.960,00;D;0,00 C;Nao;
3/3;28.11.2018;;002-Cheque;;12162;;;851561;1.960,00;D;;Sim;
3/3;28.11.2018;;855-BB CP Administrat Supremo;;;;;070;1.960,00;C;0,00 C;Nao;
3/3;29.11.2018;;870-Transferência recebida;;99015;;;551765000016889;1.200,00;C;;Nao;
3/3;29.11.2018;;870-Transferência recebida;;99015;;;551765000016889;3.000,00;C;;Nao;
3/3;29.11.2018;;002-Cheque;;12162;;;851555;3.000,00;D;;Sim;
3/3;29.11.2018;;002-Cheque;;12162;;;851564;1.200,00;D;0,00 C;Sim;
3/3;25.04.2019;;345-BB CP Administrat Supremo;;;;;070;57,00;D;0,00 C;Nao;
3/3;26.04.2019;;870-Transferência recebida;;99015;;;551765000003519;7.060,00;C;;Nao;
3/3;26.04.2019;;976-TED-Crédito em Conta;;14175;;;9544763;1.500,00;C;;Nao;
3/3;26.04.2019;;002-Cheque;;12162;;;141130;2.500,00;D;;Sim;
3/3;26.04.2019;;002-Cheque;;12162;;;141135;3.660,00;D;;Sim;
3/3;26.04.2019;;002-Cheque;;19640;;;141136;3.400,00;D;;Sim;
3/3;26.04.2019;;002-Cheque;;12162;;;141138;1.500,00;D;;Sim;
3/3;26.04.2019;;855-BB CP Administrat Supremo;;;;;070;2.500,00;C;0,00 C;Nao;
3/3;29.04.2019;;102-Cheque Compensado;;13079;756;1981;141129;300,00;D;;Sim;
3/3;29.04.2019;;102-Cheque Compensado;;13079;341;1981;141140;1.080,00;D;;Sim;
3/3;29.04.2019;;855-BB CP Administrat Supremo;;;;;070;728,77;C;;Nao;
3/3;29.04.2019;;603-Cheque Devolvido sem Fundo;;14079;;;141140;1.080,00;C;;Sim;
3/3;29.04.2019;;248-Estorno Resgate Automático;;;;;070;728,77;D;;Nao;
3/3;29.04.2019;;855-BB CP Administrat Supremo;;;;;070;300,00;C;0,00 C;Nao;
3/3;30.04.2019;;202-Taxa BACEN Devolução Docum;;13113;;;141140;0,35;D;;Nao;
3/3;30.04.2019;;855-BB CP Administrat Supremo;;;;;070;1,00;C;;Nao;
3/3;30.04.2019;;345-BB CP Administrat Supremo;;;;;070;0,65;D;0,00 C;Nao;
2/2;20.10.2020;;102-Cheque Compensado;;13079;756;1981;141347;2.600,00;D;;Sim;
2/2;20.10.2020;;855-BB CP Automatico S Publico;;;;;070;330,00;C;0,00 C;Nao;
2/2;26.10.2020;;870-Transferência recebida;26/10 1765 10242-3 PM CENTENARIO;99015;;;551765000010242;3.000,00;C;;Nao;
2/2;26.10.2020;;002-Cheque;;12162;;;141348;2.580,26;D;;Sim;
2/2;26.10.2020;;345-BB CP Automatico S Publico;;;;;070;419,74;D;0,00 C;Nao;
2/2;28.10.2020;;870-Transferência recebida;28/10 1765 7852-2 PREF MUNIC CEN;99015;;;551765000007852;2.930,00;C;;Nao;
2/2;28.10.2020;;870-Transferência recebida;28/10 1765 8004-7 PREF MUN DESE;99015;;;551765000008004;8.500,00;C;;Nao;
2/2;28.10.2020;;002-Cheque;;12162;;;141349;4.000,00;D;;Sim;
2/2;28.10.2020;;002-Cheque;;12162;;;141350;3.900,00;D;;Sim;
2/2;28.10.2020;;002-Cheque;;12162;;;141351;2.930,00;D;;Sim;
2/2;28.10.2020;;345-BB CP Automatico S Publico;;;;;070;600,00;D;0,00 C;Nao;
2/2;22.09.2020;;870-Transferência recebida;22/09 1765     3519-X PREF MUNIC CEN;99015;;;551765000003519;3.000,00;C;;Nao;
2/2;22.09.2020;;345-BB CP Automatico S Publico;;;;;070;3.000,00;D;0,00 C;Nao;
2/2;23.09.2020;;002-Cheque;;12162;;;141313;2.350,00;D;;Sim;
2/2;23.09.2020;;102-Cheque Compensado;;13079;756;1981;141310;2.000,00;D;;Sim;
2/2;23.09.2020;;102-Cheque Compensado;;13079;756;1981;141312;1.500,00;D;;Sim;
2/2;23.09.2020;;855-BB CP Automatico S Publico;;;;;070;5.850,00;C;0,00 C;Nao;
2/2;25.09.2020;;870-Transferência recebida;25/09 1765     3519-X PREF MUNIC CEN;99015;;;551765000003519;3.000,00;C;;Nao;
2/2;25.09.2020;;002-Cheque;;12162;;;141314;2.999,75;D;;Sim;
2/2;25.09.2020;;345-BB CP Automatico S Publico;;;;;070;0,25;D;0,00 C;Nao;
2/2;28.09.2020;;002-Cheque;;12162;;;141315;2.550,00;D;;Sim;
2/2;28.09.2020;;855-BB CP Automatico S Publico;;;;;070;2.550,00;C;0,00 C;Nao;
1/1;31.07.2020;;Saldo anterior;;;;;;;;0,00 C;Nao;
1/1;05.08.2020;;870-Transferência recebida;05/08 1765     3519-X PREF MUNIC CEN;99015;;;551765000003519;4.000,00;C;;Nao;
1/1;05.08.2020;;870-Transferência recebida;05/08 1765     14677-3 PM CENTENARIO;99015;;;551765000014677;4.000,00;C;;Nao;
1/1;05.08.2020;;345-BB CP Automatico S Publico;;;;;070;8.000,00;D;0,00 C;Nao;
1/1;06.08.2020;;870-Transferência recebida;06/08 1765     12930-5 PM CENT DO SUL;99015;;;551765000012930;3.000,00;C;;Nao;
1/1;06.08.2020;;002-Cheque;;12162;;;851817;3.850,00;D;;Sim;
1/1;06.08.2020;;002-Cheque;;19222;;;851818;2.830,00;D;;Sim;
1/1;06.08.2020;;855-BB CP Automatico S Publico;;;;;070;3.680,00;C;0,00 C;Nao;
1/1;10.08.2020;;102-Cheque Compensado;;13079;104;1981;851812;432,00;D;;Sim;
1/1;10.08.2020;;855-BB CP Automatico S Publico;;;;;070;432,00;C;0,00 C;Nao;
1/1;18.08.2020;;002-Cheque;;12162;;;851819;2.847,21;D;;Sim;
1/1;18.08.2020;;855-BB CP Automatico S Publico;;;;;070;2.847,21;C;0,00 C;Nao;
1/1;20.08.2020;;870-Transferência recebida;20/08 1765     8004-7 PREF MUN DESE;99015;;;551765000008004;1.800,00;C;;Nao;
1/1;20.08.2020;;345-BB CP Automatico S Publico;;;;;070;1.800,00;D;0,00 C;Nao;
1/1;24.08.2020;;002-Cheque;;19222;;;851820;3.000,00;D;;Sim;
1/1;24.08.2020;;855-BB CP Automatico S Publico;;;;;070;3.000,00;C;0,00 C;Nao;
1/1;31.03.2020;;Saldo anterior;;;;;;;;0,00 C;Nao;
1/1;03.04.2020;;976-TED-Crédito em Conta;104 1148 75845503000167 PREF MUN CENTE;14175;;;2743252;3.800,00;C;;Nao;
1/1;03.04.2020;;002-Cheque;;19222;;;851799;3.330,89;D;;Sim;
1/1;03.04.2020;;345-BB CP Automatico S Publico;;;;;070;469,11;D;0,00 C;Nao;
1/1;13.04.2020;;976-TED-Crédito em Conta;104 1148 75845503000167 PREF MUN CENTE;14175;;;1514880;4.600,00;C;;Nao;
1/1;13.04.2020;;002-Cheque;;19222;;;851800;4.600,00;D;;Sim;
1/1;13.04.2020;;102-Cheque Compensado;;13079;237;1981;851798;406,00;D;;Sim;
1/1;13.04.2020;;855-BB CP Automatico S Publico;;;;;070;406,00;C;0,00 C;Nao;
1/1;27.04.2020;;870-Transferência recebida;27/04 1765     8004-7 PREF MUN DESE;99015;;;551765000008004;4.000,00;C;;Nao;
1/1;27.04.2020;;002-Cheque;;12162;;;141321;3.980,45;D;;Sim;
1/1;27.04.2020;;345-BB CP Automatico S Publico;;;;;070;19,55;D;0,00 C;Nao;
4/4;21.06.2022;;870-Transferência recebida;21/06 1765     3519-X PREF MUNIC CEN;99015;;;551765000003519;1.600,00;C;;Nao;
4/4;21.06.2022;;870-Transferência recebida;21/06 1765     3519-X PREF MUNIC CEN;99015;;;551765000003519;1.500,00;C;;Nao;
4/4;21.06.2022;;002-Cheque;21/06 00:00 CENTENARIO DO SUL   PR;12162;;;852137;2.200,00;D;;Sim;
4/4;21.06.2022;;002-Cheque;21/06 00:00 CENTENARIO DO SUL   PR;12162;;;852138;2.800,00;D;;Sim;
4/4;21.06.2022;;271-BB-APLIC C.PRZ-APL.AUT;;;;;1972;4.500,00;D;0,00 C;Nao;
4/4;22.06.2022;;870-Transferência recebida;22/06 1765     3519-X PREF MUNIC CEN;99015;;;551765000003519;2.000,00;C;;Nao;
4/4;22.06.2022;;870-Transferência recebida;22/06 1765     3519-X PREF MUNIC CEN;99015;;;551765000003519;1.600,00;C;;Nao;
4/4;22.06.2022;;870-Transferência recebida;22/06 1765     3519-X PREF MUNIC CEN;99015;;;551765000003519;2.000,00;C;;Nao;
4/4;22.06.2022;;102-Cheque Compensado;;13079;104;1981;852139;3.500,00;D;;Sim;
4/4;22.06.2022;;102-Cheque Compensado;;13079;1;1981;852140;4.600,00;D;;Sim;
4/4;22.06.2022;;848-Resgate Automático;;;;;1972;2.500,00;C;0,00 C;Nao;
5/5;29.04.2022;;870-Transferência recebida;29/04 1765     3519-X PREF MUNIC CEN;99015;;;551765000003519;800,00;C;;Nao;
5/5;29.04.2022;;870-Transferência recebida;29/04 1765     3519-X PREF MUNIC CEN;99015;;;551765000003519;1.170,00;C;;Nao;
5/5;29.04.2022;;870-Transferência recebida;29/04 1765     3519-X PREF MUNIC CEN;99015;;;551765000003519;980,00;C;;Nao;
5/5;29.04.2022;;002-Cheque;29/04 00:00 CENTENARIO DO SUL   PR;12162;;;852118;5.200,00;D;;Sim;
5/5;29.04.2022;;002-Cheque;29/04 00:00 CENTENARIO DO SUL   PR;12162;;;852119;900,00;D;;Sim;
5/5;29.04.2022;;002-Cheque;29/04 00:00 CENTENARIO DO SUL   PR;12162;;;852120;4.180,00;D;;Sim;
5/5;29.04.2022;;855-BB CP Automatico S Publico;;;;;070;5.680,00;C;0,00 C;Nao;
5/5;31.03.2022;;870-Transferência recebida;31/03 1765     3519-X PREF MUNIC CEN;99015;;;551765000003519;2.150,00;C;;Nao;
5/5;31.03.2022;;870-Transferência recebida;31/03 1765     3519-X PREF MUNIC CEN;99015;;;551765000003519;940,00;C;;Nao;
5/5;31.03.2022;;870-Transferência recebida;31/03 1765     3519-X PREF MUNIC CEN;99015;;;551765000003519;2.780,00;C;;Nao;
5/5;31.03.2022;;870-Transferência recebida;31/03 1765     3519-X PREF MUNIC CEN;99015;;;551765000003519;2.150,00;C;;Nao;
5/5;31.03.2022;;345-BB CP Automatico S Publico;;;;;070;8.020,00;D;0,00 C;Nao;
5/5;25.02.2022;;870-Transferência recebida;25/02 1765     8004-7 PREF MUN DESE;99015;;;551765000008004;2.180,00;C;;Nao;
5/5;25.02.2022;;002-Cheque;25/02 00:00 CENTENARIO DO SUL   PR;12162;;;852071;3.500,00;D;;Sim;
5/5;25.02.2022;;002-Cheque;25/02 00:00 CENTENARIO DO SUL   PR;12162;;;852073;1.800,00;D;;Sim;
5/5;25.02.2022;;002-Cheque;25/02 00:00 CENTENARIO DO SUL   PR;12162;;;852074;2.180,00;D;;Sim;
5/5;25.02.2022;;855-BB CP Automatico S Publico;;;;;070;3.500,00;C;0,00 C;Nao;
3/3;20.01.2022;;345-BB CP Automatico S Publico;;;;;070;2.200,00;D;0,00 C;Nao;
3/3;24.01.2022;;870-Transferência recebida;24/01 1765     3519-X PREF MUNIC CEN;99015;;;551765000003519;2.500,00;C;;Nao;
3/3;24.01.2022;;002-Cheque;24/01 00:00 CENTENARIO DO SUL   PR;10976;;;852013;3.000,00;D;;Sim;
3/3;24.01.2022;;102-Cheque Compensado;;13079;341;1981;852015;3.820,00;D;;Sim;
3/3;24.01.2022;;855-BB CP Automatico S Publico;;;;;070;4.320,00;C;0,00 C;Nao;
3/3;27.01.2022;;870-Transferência recebida;27/01 1765     3519-X PREF MUNIC CEN;99015;;;551765000003519;3.250,00;C;;Nao;
3/3;27.01.2022;;102-Cheque Compensado;;13079;1;1981;852016;3.250,00;D;0,00 C;Sim;
3/3;31.01.2022;;870-Transferência recebida;31/01 1765     3519-X PREF MUNIC CEN;99015;;;551765000003519;3.215,00;C;;Nao;
3/3;31.01.2022;;102-Cheque Compensado;;13079;1;1981;852018;3.115,00;D;;Sim;
3/3;31.01.2022;;345-BB CP Automatico S Publico;;;;;070;100,00;D;0,00 C;Nao;
4/4;26.11.2021;;855-BB CP Automatico S Publico;;;;;070;1.047,00;C;0,00 C;Nao;
4/4;29.11.2021;;002-Cheque;29/11 00:00 CENTENARIO DO SUL   PR;12162;;;851948;1.048,00;D;;Sim;
4/4;29.11.2021;;102-Cheque Compensado;;13079;341;1981;851944;1.904,48;D;;Sim;
4/4;29.11.2021;;102-Cheque Compensado;;13079;756;1981;851949;2.374,47;D;;Sim;
4/4;29.11.2021;;855-BB CP Automatico S Publico;;;;;070;5.326,95;C;0,00 C;Nao;
4/4;30.11.2021;;102-Cheque Compensado;;13079;1;1981;851930;4.892,00;D;;Sim;
4/4;30.11.2021;;855-BB CP Automatico S Publico;;;;;070;723,13;C;;Nao;
4/4;30.11.2021;;603-Cheque Devolvido sem Fundo;Cheque sem fundos - 2a apresentação;14079;;;851930;4.892,00;C;;Sim;
4/4;30.11.2021;;248-Estorno Resgate Automático;;;;;070;723,13;D;0,00 C;Nao;
2/2;21.08.2018;;002-Cheque;;19222;;;851493;3.000,00;D;;Sim;
2/2;21.08.2018;;002-Cheque;;19222;;;851494;660,00;D;;Sim;
2/2;21.08.2018;;102-Cheque Compensado;;13079;1;1981;851491;2.000,00;D;;Sim;
2/2;21.08.2018;;102-Cheque Compensado;;13079;756;1981;851492;900,00;D;;Sim;
2/2;21.08.2018;;855-BB CP Administrat Supremo;;;;;070;2.356,87;C;;Nao;
2/2;21.08.2018;;603-Cheque Devolvido sem Fundo;;14079;;;851492;900,00;C;;Sim;
2/2;21.08.2018;;248-Estorno Resgate Automático;;;;;070;2.356,87;D;;Nao;
2/2;21.08.2018;;855-BB CP Administrat Supremo;;;;;070;2.000,00;C;0,00 C;Nao;
2/2;22.08.2018;;202-Taxa BACEN Devolução Docum;;13113;;;851492;0,35;D;;Nao;
2/2;22.08.2018;;855-BB CP Administrat Supremo;;;;;070;1,00;C;;Nao;
2/2;22.08.2018;;345-BB CP Administrat Supremo;;;;;070;0,65;D;0,00 C;Nao;
2/2;23.08.2018;;275-Tarifa Devolução de Cheque;;13113;;;812350700043713;64,00;D;;Sim;
2/2;23.08.2018;;102-Cheque Compensado;;13079;756;1981;851492;900,00;D;;Sim;
2/2;23.08.2018;;855-BB CP Administrat Supremo;;;;;070;356,59;C;;Nao;
2/2;23.08.2018;;603-Cheque Devolvido sem Fundo;;14079;;;851492;900,00;C;;Sim;
2/2;23.08.2018;;248-Estorno Resgate Automático;;;;;070;356,59;D;;Nao;
2/2;23.08.2018;;855-BB CP Administrat Supremo;;;;;070;64,00;C;0,00 C;Nao;
2/2;24.08.2018;;202-Taxa BACEN Devolução Docum;;13113;;;851492;0,35;D;;Nao;
2/2;24.08.2018;;855-BB CP Administrat Supremo;;;;;070;1,00;C;;Nao;
2/2;24.08.2018;;345-BB CP Administrat Supremo;;;;;070;0,65;D;0,00 C;Nao;
2/2;27.08.2018;;870-Transferência recebida;;99015;;;551765000007852;1.300,00;C;;Nao;
2/2;27.08.2018;;002-Cheque;;19640;;;851496;900,00;D;;Sim;
2/2;27.08.2018;;275-Tarifa Devolução de Cheque;;13113;;;832390700044884;64,00;D;;Sim;
2/2;27.08.2018;;102-Cheque Compensado;;13079;756;1981;851495;400,00;D;;Sim;
2/2;27.08.2018;;855-BB CP Administrat Supremo;;;;;070;64,00;C;0,00 C;Nao;
2/2;28.08.2018;;870-Transferência recebida;;99015;;;551765000007852;560,35;C;;Nao;
2/2;28.08.2018;;002-Cheque;;12162;;;851497;560,35;D;0,00 C;Sim;
